Android GCC has been deprecated in favor of Clang, and will be removed from
Android in 2020-01 as per the deprecation plan in:
https://android.googlesource.com/platform/prebuilts/clang/host/linux-x86/+/master/GCC_4_9_DEPRECATION.md


INFO: CC is ~/arm-linux-androideabi-4.9/bin/arm-linux-androideabi-gcc
  CHK     include/generated/uapi/linux/version.h
  CC      scripts/mod/empty.o
  CC      scripts/mod/devicetable-offsets.s
Android GCC has been deprecated in favor of Clang, and will be removed from
Android in 2020-01 as per the deprecation plan in:
https://android.googlesource.com/platform/prebuilts/clang/host/linux-x86/+/master/GCC_4_9_DEPRECATION.md


  CHK     include/generated/utsrelease.h
Android GCC has been deprecated in favor of Clang, and will be removed from
Android in 2020-01 as per the deprecation plan in:
https://android.googlesource.com/platform/prebuilts/clang/host/linux-x86/+/master/GCC_4_9_DEPRECATION.md


  MKELF   scripts/mod/elfconfig.h
make[1]: 'include/generated/mach-types.h' is up to date.
  HOSTCC  scripts/mod/modpost.o
  HOSTCC  scripts/mod/sumversion.o
  GEN     scripts/mod/devicetable-offsets.h
  HOSTCC  scripts/mod/file2alias.o
  CC      kernel/bounds.s
Android GCC has been deprecated in favor of Clang, and will be removed from
Android in 2020-01 as per the deprecation plan in:
https://android.googlesource.com/platform/prebuilts/clang/host/linux-x86/+/master/GCC_4_9_DEPRECATION.md


  GEN     include/generated/bounds.h
  CC      arch/arm/kernel/asm-offsets.s
Android GCC has been deprecated in favor of Clang, and will be removed from
Android in 2020-01 as per the deprecation plan in:
https://android.googlesource.com/platform/prebuilts/clang/host/linux-x86/+/master/GCC_4_9_DEPRECATION.md


  GEN     include/generated/asm-offsets.h
  CALL    scripts/checksyscalls.sh
  HOSTLD  scripts/mod/modpost
  CHK     include/generated/compile.h
  CC      init/main.o
  CC      arch/arm/vfp/vfpmodule.o
  AS      arch/arm/vfp/entry.o
  AS      arch/arm/vfp/vfphw.o
  CC      init/do_mounts.o
  CC      arch/arm/vfp/vfpsingle.o
  CC      arch/arm/vfp/vfpdouble.o
  CC      init/do_mounts_rd.o
  CC      init/do_mounts_initrd.o
  CC      init/initramfs.o
  CC      init/calibrate.o
  CC      init/init_task.o
Android GCC has been deprecated in favor of Clang, and will be removed from
Android in 2020-01 as per the deprecation plan in:
https://android.googlesource.com/platform/prebuilts/clang/host/linux-x86/+/master/GCC_4_9_DEPRECATION.md


Android GCC has been deprecated in favor of Clang, and will be removed from
Android in 2020-01 as per the deprecation plan in:
https://android.googlesource.com/platform/prebuilts/clang/host/linux-x86/+/master/GCC_4_9_DEPRECATION.md


Android GCC has been deprecated in favor of Clang, and will be removed from
Android in 2020-01 as per the deprecation plan in:
https://android.googlesource.com/platform/prebuilts/clang/host/linux-x86/+/master/GCC_4_9_DEPRECATION.md


Android GCC has been deprecated in favor of Clang, and will be removed from
Android in 2020-01 as per the deprecation plan in:
https://android.googlesource.com/platform/prebuilts/clang/host/linux-x86/+/master/GCC_4_9_DEPRECATION.md


Android GCC has been deprecated in favor of Clang, and will be removed from
Android in 2020-01 as per the deprecation plan in:
https://android.googlesource.com/platform/prebuilts/clang/host/linux-x86/+/master/GCC_4_9_DEPRECATION.md


Android GCC has been deprecated in favor of Clang, and will be removed from
Android in 2020-01 as per the deprecation plan in:
https://android.googlesource.com/platform/prebuilts/clang/host/linux-x86/+/master/GCC_4_9_DEPRECATION.md


Android GCC has been deprecated in favor of Clang, and will be removed from
Android in 2020-01 as per the deprecation plan in:
https://android.googlesource.com/platform/prebuilts/clang/host/linux-x86/+/master/GCC_4_9_DEPRECATION.md


Android GCC has been deprecated in favor of Clang, and will be removed from
Android in 2020-01 as per the deprecation plan in:
https://android.googlesource.com/platform/prebuilts/clang/host/linux-x86/+/master/GCC_4_9_DEPRECATION.md


  CC      arch/arm/common/firmware.o
Android GCC has been deprecated in favor of Clang, and will be removed from
Android in 2020-01 as per the deprecation plan in:
https://android.googlesource.com/platform/prebuilts/clang/host/linux-x86/+/master/GCC_4_9_DEPRECATION.md


Android GCC has been deprecated in favor of Clang, and will be removed from
Android in 2020-01 as per the deprecation plan in:
https://android.googlesource.com/platform/prebuilts/clang/host/linux-x86/+/master/GCC_4_9_DEPRECATION.md


Android GCC has been deprecated in favor of Clang, and will be removed from
Android in 2020-01 as per the deprecation plan in:
https://android.googlesource.com/platform/prebuilts/clang/host/linux-x86/+/master/GCC_4_9_DEPRECATION.md


  CC      arch/arm/net/bpf_jit_32.o
  CC      init/version.o
Android GCC has been deprecated in favor of Clang, and will be removed from
Android in 2020-01 as per the deprecation plan in:
https://android.googlesource.com/platform/prebuilts/clang/host/linux-x86/+/master/GCC_4_9_DEPRECATION.md


  CC      arch/arm/crypto/aes_glue.o
Android GCC has been deprecated in favor of Clang, and will be removed from
Android in 2020-01 as per the deprecation plan in:
https://android.googlesource.com/platform/prebuilts/clang/host/linux-x86/+/master/GCC_4_9_DEPRECATION.md


  CC      arch/arm/kernel/elf.o
  AS      arch/arm/kernel/entry-armv.o
  AS      arch/arm/kernel/entry-common.o
Android GCC has been deprecated in favor of Clang, and will be removed from
Android in 2020-01 as per the deprecation plan in:
https://android.googlesource.com/platform/prebuilts/clang/host/linux-x86/+/master/GCC_4_9_DEPRECATION.md


Android GCC has been deprecated in favor of Clang, and will be removed from
Android in 2020-01 as per the deprecation plan in:
https://android.googlesource.com/platform/prebuilts/clang/host/linux-x86/+/master/GCC_4_9_DEPRECATION.md


  CC      arch/arm/kernel/irq.o
  CC      arch/arm/kernel/opcodes.o
Android GCC has been deprecated in favor of Clang, and will be removed from
Android in 2020-01 as per the deprecation plan in:
https://android.googlesource.com/platform/prebuilts/clang/host/linux-x86/+/master/GCC_4_9_DEPRECATION.md


Android GCC has been deprecated in favor of Clang, and will be removed from
Android in 2020-01 as per the deprecation plan in:
https://android.googlesource.com/platform/prebuilts/clang/host/linux-x86/+/master/GCC_4_9_DEPRECATION.md


Android GCC has been deprecated in favor of Clang, and will be removed from
Android in 2020-01 as per the deprecation plan in:
https://android.googlesource.com/platform/prebuilts/clang/host/linux-x86/+/master/GCC_4_9_DEPRECATION.md


Android GCC has been deprecated in favor of Clang, and will be removed from
Android in 2020-01 as per the deprecation plan in:
https://android.googlesource.com/platform/prebuilts/clang/host/linux-x86/+/master/GCC_4_9_DEPRECATION.md


Android GCC has been deprecated in favor of Clang, and will be removed from
Android in 2020-01 as per the deprecation plan in:
https://android.googlesource.com/platform/prebuilts/clang/host/linux-x86/+/master/GCC_4_9_DEPRECATION.md


  CC      arch/arm/plat-samsung/init.o
Android GCC has been deprecated in favor of Clang, and will be removed from
Android in 2020-01 as per the deprecation plan in:
https://android.googlesource.com/platform/prebuilts/clang/host/linux-x86/+/master/GCC_4_9_DEPRECATION.md


  CC      arch/arm/mm/dma-mapping.o
Android GCC has been deprecated in favor of Clang, and will be removed from
Android in 2020-01 as per the deprecation plan in:
https://android.googlesource.com/platform/prebuilts/clang/host/linux-x86/+/master/GCC_4_9_DEPRECATION.md


Android GCC has been deprecated in favor of Clang, and will be removed from
Android in 2020-01 as per the deprecation plan in:
https://android.googlesource.com/platform/prebuilts/clang/host/linux-x86/+/master/GCC_4_9_DEPRECATION.md


  CC      arch/arm/kernel/process.o
  CC      arch/arm/plat-samsung/cpu.o
Android GCC has been deprecated in favor of Clang, and will be removed from
Android in 2020-01 as per the deprecation plan in:
https://android.googlesource.com/platform/prebuilts/clang/host/linux-x86/+/master/GCC_4_9_DEPRECATION.md


Android GCC has been deprecated in favor of Clang, and will be removed from
Android in 2020-01 as per the deprecation plan in:
https://android.googlesource.com/platform/prebuilts/clang/host/linux-x86/+/master/GCC_4_9_DEPRECATION.md


  CC      arch/arm/mach-exynos/common.o
Android GCC has been deprecated in favor of Clang, and will be removed from
Android in 2020-01 as per the deprecation plan in:
https://android.googlesource.com/platform/prebuilts/clang/host/linux-x86/+/master/GCC_4_9_DEPRECATION.md


  CC      mm/filemap.o
  CC      arch/arm/mach-exynos/asv-exynos.o
Android GCC has been deprecated in favor of Clang, and will be removed from
Android in 2020-01 as per the deprecation plan in:
https://android.googlesource.com/platform/prebuilts/clang/host/linux-x86/+/master/GCC_4_9_DEPRECATION.md


  CC      kernel/fork.o
  LD      arch/arm/crypto/aes-arm.o
Android GCC has been deprecated in favor of Clang, and will be removed from
Android in 2020-01 as per the deprecation plan in:
https://android.googlesource.com/platform/prebuilts/clang/host/linux-x86/+/master/GCC_4_9_DEPRECATION.md


Android GCC has been deprecated in favor of Clang, and will be removed from
Android in 2020-01 as per the deprecation plan in:
https://android.googlesource.com/platform/prebuilts/clang/host/linux-x86/+/master/GCC_4_9_DEPRECATION.md


  LD      arch/arm/crypto/built-in.o
Android GCC has been deprecated in favor of Clang, and will be removed from
Android in 2020-01 as per the deprecation plan in:
https://android.googlesource.com/platform/prebuilts/clang/host/linux-x86/+/master/GCC_4_9_DEPRECATION.md


  CC      mm/mempool.o
Android GCC has been deprecated in favor of Clang, and will be removed from
Android in 2020-01 as per the deprecation plan in:
https://android.googlesource.com/platform/prebuilts/clang/host/linux-x86/+/master/GCC_4_9_DEPRECATION.md


Android GCC has been deprecated in favor of Clang, and will be removed from
Android in 2020-01 as per the deprecation plan in:
https://android.googlesource.com/platform/prebuilts/clang/host/linux-x86/+/master/GCC_4_9_DEPRECATION.md


Android GCC has been deprecated in favor of Clang, and will be removed from
Android in 2020-01 as per the deprecation plan in:
https://android.googlesource.com/platform/prebuilts/clang/host/linux-x86/+/master/GCC_4_9_DEPRECATION.md


  LD      arch/arm/common/built-in.o
  CC      arch/arm/mach-exynos/asv-exynos5433.o
  CC      arch/arm/mm/extable.o
Android GCC has been deprecated in favor of Clang, and will be removed from
Android in 2020-01 as per the deprecation plan in:
https://android.googlesource.com/platform/prebuilts/clang/host/linux-x86/+/master/GCC_4_9_DEPRECATION.md


  CC      arch/arm/mach-exynos/pm_domains-exynos5433.o
Android GCC has been deprecated in favor of Clang, and will be removed from
Android in 2020-01 as per the deprecation plan in:
https://android.googlesource.com/platform/prebuilts/clang/host/linux-x86/+/master/GCC_4_9_DEPRECATION.md


Android GCC has been deprecated in favor of Clang, and will be removed from
Android in 2020-01 as per the deprecation plan in:
https://android.googlesource.com/platform/prebuilts/clang/host/linux-x86/+/master/GCC_4_9_DEPRECATION.md


arch/arm/net/bpf_jit_32.c: In function 'build_insn':
arch/arm/net/bpf_jit_32.c:1862:1: warning: label 'notyet' defined but not used [-Wunused-label]
 notyet:
 ^
Android GCC has been deprecated in favor of Clang, and will be removed from
Android in 2020-01 as per the deprecation plan in:
https://android.googlesource.com/platform/prebuilts/clang/host/linux-x86/+/master/GCC_4_9_DEPRECATION.md


Android GCC has been deprecated in favor of Clang, and will be removed from
Android in 2020-01 as per the deprecation plan in:
https://android.googlesource.com/platform/prebuilts/clang/host/linux-x86/+/master/GCC_4_9_DEPRECATION.md


  CC      arch/arm/mm/fault.o
Android GCC has been deprecated in favor of Clang, and will be removed from
Android in 2020-01 as per the deprecation plan in:
https://android.googlesource.com/platform/prebuilts/clang/host/linux-x86/+/master/GCC_4_9_DEPRECATION.md


  CC      kernel/exec_domain.o
Android GCC has been deprecated in favor of Clang, and will be removed from
Android in 2020-01 as per the deprecation plan in:
https://android.googlesource.com/platform/prebuilts/clang/host/linux-x86/+/master/GCC_4_9_DEPRECATION.md


  CC      arch/arm/mach-exynos/asv-exynos5433_cal.o
Android GCC has been deprecated in favor of Clang, and will be removed from
Android in 2020-01 as per the deprecation plan in:
https://android.googlesource.com/platform/prebuilts/clang/host/linux-x86/+/master/GCC_4_9_DEPRECATION.md


  CC      arch/arm/mm/init.o
Android GCC has been deprecated in favor of Clang, and will be removed from
Android in 2020-01 as per the deprecation plan in:
https://android.googlesource.com/platform/prebuilts/clang/host/linux-x86/+/master/GCC_4_9_DEPRECATION.md


  CC      arch/arm/mm/iomap.o
  CC      arch/arm/plat-samsung/irq-vic-timer.o
In file included from include/trace/define_trace.h:86:0,
                 from include/trace/events/filemap.h:58,
                 from mm/filemap.c:43:
include/trace/events/filemap.h: In function 'perf_trace_mm_filemap_op_page_cache':
include/trace/ftrace.h:653:6: warning: unused variable '__addr' [-Wunused-variable]
  u64 __addr = 0, __count = 1;     \
      ^
include/trace/events/filemap.h:14:1: note: in expansion of macro 'DECLARE_EVENT_CLASS'
 DECLARE_EVENT_CLASS(mm_filemap_op_page_cache,
 ^
Android GCC has been deprecated in favor of Clang, and will be removed from
Android in 2020-01 as per the deprecation plan in:
https://android.googlesource.com/platform/prebuilts/clang/host/linux-x86/+/master/GCC_4_9_DEPRECATION.md


  CC      kernel/panic.o
Android GCC has been deprecated in favor of Clang, and will be removed from
Android in 2020-01 as per the deprecation plan in:
https://android.googlesource.com/platform/prebuilts/clang/host/linux-x86/+/master/GCC_4_9_DEPRECATION.md


Android GCC has been deprecated in favor of Clang, and will be removed from
Android in 2020-01 as per the deprecation plan in:
https://android.googlesource.com/platform/prebuilts/clang/host/linux-x86/+/master/GCC_4_9_DEPRECATION.md


  CC      fs/open.o
Android GCC has been deprecated in favor of Clang, and will be removed from
Android in 2020-01 as per the deprecation plan in:
https://android.googlesource.com/platform/prebuilts/clang/host/linux-x86/+/master/GCC_4_9_DEPRECATION.md


Android GCC has been deprecated in favor of Clang, and will be removed from
Android in 2020-01 as per the deprecation plan in:
https://android.googlesource.com/platform/prebuilts/clang/host/linux-x86/+/master/GCC_4_9_DEPRECATION.md


  CC      fs/read_write.o
  CC      arch/arm/kernel/ptrace.o
In file included from include/trace/define_trace.h:86:0,
                 from include/trace/events/task.h:61,
                 from kernel/fork.c:86:
include/trace/events/task.h: In function 'perf_trace_task_newtask':
include/trace/ftrace.h:653:6: warning: unused variable '__addr' [-Wunused-variable]
  u64 __addr = 0, __count = 1;     \
      ^
include/trace/ftrace.h:32:2: note: in expansion of macro 'DECLARE_EVENT_CLASS'
  DECLARE_EVENT_CLASS(name,          \
  ^
include/trace/events/task.h:8:1: note: in expansion of macro 'TRACE_EVENT'
 TRACE_EVENT(task_newtask,
 ^
include/trace/events/task.h: In function 'perf_trace_task_rename':
include/trace/ftrace.h:653:6: warning: unused variable '__addr' [-Wunused-variable]
  u64 __addr = 0, __count = 1;     \
      ^
include/trace/ftrace.h:32:2: note: in expansion of macro 'DECLARE_EVENT_CLASS'
  DECLARE_EVENT_CLASS(name,          \
  ^
include/trace/events/task.h:33:1: note: in expansion of macro 'TRACE_EVENT'
 TRACE_EVENT(task_rename,
 ^
  CC      fs/file_table.o
  CC      ipc/util.o
Android GCC has been deprecated in favor of Clang, and will be removed from
Android in 2020-01 as per the deprecation plan in:
https://android.googlesource.com/platform/prebuilts/clang/host/linux-x86/+/master/GCC_4_9_DEPRECATION.md


Android GCC has been deprecated in favor of Clang, and will be removed from
Android in 2020-01 as per the deprecation plan in:
https://android.googlesource.com/platform/prebuilts/clang/host/linux-x86/+/master/GCC_4_9_DEPRECATION.md


Android GCC has been deprecated in favor of Clang, and will be removed from
Android in 2020-01 as per the deprecation plan in:
https://android.googlesource.com/platform/prebuilts/clang/host/linux-x86/+/master/GCC_4_9_DEPRECATION.md


Android GCC has been deprecated in favor of Clang, and will be removed from
Android in 2020-01 as per the deprecation plan in:
https://android.googlesource.com/platform/prebuilts/clang/host/linux-x86/+/master/GCC_4_9_DEPRECATION.md


Android GCC has been deprecated in favor of Clang, and will be removed from
Android in 2020-01 as per the deprecation plan in:
https://android.googlesource.com/platform/prebuilts/clang/host/linux-x86/+/master/GCC_4_9_DEPRECATION.md


  LD      arch/arm/vfp/vfp.o
Android GCC has been deprecated in favor of Clang, and will be removed from
Android in 2020-01 as per the deprecation plan in:
https://android.googlesource.com/platform/prebuilts/clang/host/linux-x86/+/master/GCC_4_9_DEPRECATION.md


  CC      arch/arm/mach-exynos/otp.o
  LD      arch/arm/vfp/built-in.o
  CC      ipc/msgutil.o
Android GCC has been deprecated in favor of Clang, and will be removed from
Android in 2020-01 as per the deprecation plan in:
https://android.googlesource.com/platform/prebuilts/clang/host/linux-x86/+/master/GCC_4_9_DEPRECATION.md


Android GCC has been deprecated in favor of Clang, and will be removed from
Android in 2020-01 as per the deprecation plan in:
https://android.googlesource.com/platform/prebuilts/clang/host/linux-x86/+/master/GCC_4_9_DEPRECATION.md


  CC      arch/arm/mach-exynos/bts-exynos5433.o
Android GCC has been deprecated in favor of Clang, and will be removed from
Android in 2020-01 as per the deprecation plan in:
https://android.googlesource.com/platform/prebuilts/clang/host/linux-x86/+/master/GCC_4_9_DEPRECATION.md


  CC      arch/arm/plat-samsung/platformdata.o
Android GCC has been deprecated in favor of Clang, and will be removed from
Android in 2020-01 as per the deprecation plan in:
https://android.googlesource.com/platform/prebuilts/clang/host/linux-x86/+/master/GCC_4_9_DEPRECATION.md


Android GCC has been deprecated in favor of Clang, and will be removed from
Android in 2020-01 as per the deprecation plan in:
https://android.googlesource.com/platform/prebuilts/clang/host/linux-x86/+/master/GCC_4_9_DEPRECATION.md


Android GCC has been deprecated in favor of Clang, and will be removed from
Android in 2020-01 as per the deprecation plan in:
https://android.googlesource.com/platform/prebuilts/clang/host/linux-x86/+/master/GCC_4_9_DEPRECATION.md


  CC      security/keys/gc.o
Android GCC has been deprecated in favor of Clang, and will be removed from
Android in 2020-01 as per the deprecation plan in:
https://android.googlesource.com/platform/prebuilts/clang/host/linux-x86/+/master/GCC_4_9_DEPRECATION.md


Android GCC has been deprecated in favor of Clang, and will be removed from
Android in 2020-01 as per the deprecation plan in:
https://android.googlesource.com/platform/prebuilts/clang/host/linux-x86/+/master/GCC_4_9_DEPRECATION.md


  LD      init/mounts.o
Android GCC has been deprecated in favor of Clang, and will be removed from
Android in 2020-01 as per the deprecation plan in:
https://android.googlesource.com/platform/prebuilts/clang/host/linux-x86/+/master/GCC_4_9_DEPRECATION.md


In file included from include/trace/define_trace.h:86:0,
                 from include/trace/events/syscalls.h:75,
                 from arch/arm/kernel/ptrace.c:34:
include/trace/events/syscalls.h: In function 'perf_trace_sys_enter':
include/trace/ftrace.h:653:6: warning: unused variable '__addr' [-Wunused-variable]
  u64 __addr = 0, __count = 1;     \
      ^
include/trace/ftrace.h:32:2: note: in expansion of macro 'DECLARE_EVENT_CLASS'
  DECLARE_EVENT_CLASS(name,          \
  ^
include/trace/ftrace.h:82:2: note: in expansion of macro 'TRACE_EVENT'
  TRACE_EVENT(name, PARAMS(proto), PARAMS(args),   \
  ^
include/trace/events/syscalls.h:20:1: note: in expansion of macro 'TRACE_EVENT_FN'
 TRACE_EVENT_FN(sys_enter,
 ^
include/trace/events/syscalls.h: In function 'perf_trace_sys_exit':
include/trace/ftrace.h:653:6: warning: unused variable '__addr' [-Wunused-variable]
  u64 __addr = 0, __count = 1;     \
      ^
include/trace/ftrace.h:32:2: note: in expansion of macro 'DECLARE_EVENT_CLASS'
  DECLARE_EVENT_CLASS(name,          \
  ^
include/trace/ftrace.h:82:2: note: in expansion of macro 'TRACE_EVENT'
  TRACE_EVENT(name, PARAMS(proto), PARAMS(args),   \
  ^
include/trace/events/syscalls.h:46:1: note: in expansion of macro 'TRACE_EVENT_FN'
 TRACE_EVENT_FN(sys_exit,
 ^
  CC      mm/oom_kill.o
  LD      init/built-in.o
Android GCC has been deprecated in favor of Clang, and will be removed from
Android in 2020-01 as per the deprecation plan in:
https://android.googlesource.com/platform/prebuilts/clang/host/linux-x86/+/master/GCC_4_9_DEPRECATION.md


  CC      fs/super.o
  CC      kernel/printk.o
Android GCC has been deprecated in favor of Clang, and will be removed from
Android in 2020-01 as per the deprecation plan in:
https://android.googlesource.com/platform/prebuilts/clang/host/linux-x86/+/master/GCC_4_9_DEPRECATION.md


Android GCC has been deprecated in favor of Clang, and will be removed from
Android in 2020-01 as per the deprecation plan in:
https://android.googlesource.com/platform/prebuilts/clang/host/linux-x86/+/master/GCC_4_9_DEPRECATION.md


  CC      arch/arm/mach-exynos/pm-exynos5433.o
Android GCC has been deprecated in favor of Clang, and will be removed from
Android in 2020-01 as per the deprecation plan in:
https://android.googlesource.com/platform/prebuilts/clang/host/linux-x86/+/master/GCC_4_9_DEPRECATION.md


  CC      security/selinux/avc.o
  CC      arch/arm/kernel/return_address.o
Android GCC has been deprecated in favor of Clang, and will be removed from
Android in 2020-01 as per the deprecation plan in:
https://android.googlesource.com/platform/prebuilts/clang/host/linux-x86/+/master/GCC_4_9_DEPRECATION.md


Android GCC has been deprecated in favor of Clang, and will be removed from
Android in 2020-01 as per the deprecation plan in:
https://android.googlesource.com/platform/prebuilts/clang/host/linux-x86/+/master/GCC_4_9_DEPRECATION.md


Android GCC has been deprecated in favor of Clang, and will be removed from
Android in 2020-01 as per the deprecation plan in:
https://android.googlesource.com/platform/prebuilts/clang/host/linux-x86/+/master/GCC_4_9_DEPRECATION.md

  CC      arch/arm/plat-samsung/devs.o

  CC      arch/arm/mach-exynos/cpuidle-exynos5433.o
  CC      arch/arm/kernel/sched_clock.o
Android GCC has been deprecated in favor of Clang, and will be removed from
Android in 2020-01 as per the deprecation plan in:
https://android.googlesource.com/platform/prebuilts/clang/host/linux-x86/+/master/GCC_4_9_DEPRECATION.md


Android GCC has been deprecated in favor of Clang, and will be removed from
Android in 2020-01 as per the deprecation plan in:
https://android.googlesource.com/platform/prebuilts/clang/host/linux-x86/+/master/GCC_4_9_DEPRECATION.md


Android GCC has been deprecated in favor of Clang, and will be removed from
Android in 2020-01 as per the deprecation plan in:
https://android.googlesource.com/platform/prebuilts/clang/host/linux-x86/+/master/GCC_4_9_DEPRECATION.md


Android GCC has been deprecated in favor of Clang, and will be removed from
Android in 2020-01 as per the deprecation plan in:
https://android.googlesource.com/platform/prebuilts/clang/host/linux-x86/+/master/GCC_4_9_DEPRECATION.md


Android GCC has been deprecated in favor of Clang, and will be removed from
Android in 2020-01 as per the deprecation plan in:
https://android.googlesource.com/platform/prebuilts/clang/host/linux-x86/+/master/GCC_4_9_DEPRECATION.md


Android GCC has been deprecated in favor of Clang, and will be removed from
Android in 2020-01 as per the deprecation plan in:
https://android.googlesource.com/platform/prebuilts/clang/host/linux-x86/+/master/GCC_4_9_DEPRECATION.md


  CC      arch/arm/plat-samsung/dev-uart.o
  CC      mm/fadvise.o
Android GCC has been deprecated in favor of Clang, and will be removed from
Android in 2020-01 as per the deprecation plan in:
https://android.googlesource.com/platform/prebuilts/clang/host/linux-x86/+/master/GCC_4_9_DEPRECATION.md


Android GCC has been deprecated in favor of Clang, and will be removed from
Android in 2020-01 as per the deprecation plan in:
https://android.googlesource.com/platform/prebuilts/clang/host/linux-x86/+/master/GCC_4_9_DEPRECATION.md


In file included from include/trace/define_trace.h:86:0,
                 from include/trace/events/oom.h:33,
                 from mm/oom_kill.c:40:
include/trace/events/oom.h: In function 'perf_trace_oom_score_adj_update':
include/trace/ftrace.h:653:6: warning: unused variable '__addr' [-Wunused-variable]
  u64 __addr = 0, __count = 1;     \
      ^
include/trace/ftrace.h:32:2: note: in expansion of macro 'DECLARE_EVENT_CLASS'
  DECLARE_EVENT_CLASS(name,          \
  ^
include/trace/events/oom.h:8:1: note: in expansion of macro 'TRACE_EVENT'
 TRACE_EVENT(oom_score_adj_update,
 ^
  CC      crypto/api.o
  CC      ipc/msg.o
In file included from include/trace/define_trace.h:86:0,
                 from include/trace/events/printk.h:28,
                 from kernel/printk.c:52:
include/trace/events/printk.h: In function 'perf_trace_console':
include/trace/ftrace.h:653:6: warning: unused variable '__addr' [-Wunused-variable]
  u64 __addr = 0, __count = 1;     \
      ^
include/trace/ftrace.h:32:2: note: in expansion of macro 'DECLARE_EVENT_CLASS'
  DECLARE_EVENT_CLASS(name,          \
  ^
include/trace/events/printk.h:9:1: note: in expansion of macro 'TRACE_EVENT'
 TRACE_EVENT(console,
 ^
Android GCC has been deprecated in favor of Clang, and will be removed from
Android in 2020-01 as per the deprecation plan in:
https://android.googlesource.com/platform/prebuilts/clang/host/linux-x86/+/master/GCC_4_9_DEPRECATION.md


Android GCC has been deprecated in favor of Clang, and will be removed from
Android in 2020-01 as per the deprecation plan in:
https://android.googlesource.com/platform/prebuilts/clang/host/linux-x86/+/master/GCC_4_9_DEPRECATION.md


  CC      security/selinux/hooks.o
  CC      security/keys/key.o
  CC      ipc/sem.o
Android GCC has been deprecated in favor of Clang, and will be removed from
Android in 2020-01 as per the deprecation plan in:
https://android.googlesource.com/platform/prebuilts/clang/host/linux-x86/+/master/GCC_4_9_DEPRECATION.md


Android GCC has been deprecated in favor of Clang, and will be removed from
Android in 2020-01 as per the deprecation plan in:
https://android.googlesource.com/platform/prebuilts/clang/host/linux-x86/+/master/GCC_4_9_DEPRECATION.md


  CC      security/selinux/selinuxfs.o
  CC      arch/arm/mm/fault-armv.o
Android GCC has been deprecated in favor of Clang, and will be removed from
Android in 2020-01 as per the deprecation plan in:
https://android.googlesource.com/platform/prebuilts/clang/host/linux-x86/+/master/GCC_4_9_DEPRECATION.md


Android GCC has been deprecated in favor of Clang, and will be removed from
Android in 2020-01 as per the deprecation plan in:
https://android.googlesource.com/platform/prebuilts/clang/host/linux-x86/+/master/GCC_4_9_DEPRECATION.md


Android GCC has been deprecated in favor of Clang, and will be removed from
Android in 2020-01 as per the deprecation plan in:
https://android.googlesource.com/platform/prebuilts/clang/host/linux-x86/+/master/GCC_4_9_DEPRECATION.md


Android GCC has been deprecated in favor of Clang, and will be removed from
Android in 2020-01 as per the deprecation plan in:
https://android.googlesource.com/platform/prebuilts/clang/host/linux-x86/+/master/GCC_4_9_DEPRECATION.md


  CC      fs/char_dev.o
Android GCC has been deprecated in favor of Clang, and will be removed from
Android in 2020-01 as per the deprecation plan in:
https://android.googlesource.com/platform/prebuilts/clang/host/linux-x86/+/master/GCC_4_9_DEPRECATION.md


Android GCC has been deprecated in favor of Clang, and will be removed from
Android in 2020-01 as per the deprecation plan in:
https://android.googlesource.com/platform/prebuilts/clang/host/linux-x86/+/master/GCC_4_9_DEPRECATION.md


Android GCC has been deprecated in favor of Clang, and will be removed from
Android in 2020-01 as per the deprecation plan in:
https://android.googlesource.com/platform/prebuilts/clang/host/linux-x86/+/master/GCC_4_9_DEPRECATION.md


  CC      security/selinux/netlink.o
Android GCC has been deprecated in favor of Clang, and will be removed from
Android in 2020-01 as per the deprecation plan in:
https://android.googlesource.com/platform/prebuilts/clang/host/linux-x86/+/master/GCC_4_9_DEPRECATION.md


  CC      block/elevator.o
  CC      block/blk-core.o
  CC      arch/arm/plat-samsung/dma-ops.o
  CC      arch/arm/kernel/setup.o
Android GCC has been deprecated in favor of Clang, and will be removed from
Android in 2020-01 as per the deprecation plan in:
https://android.googlesource.com/platform/prebuilts/clang/host/linux-x86/+/master/GCC_4_9_DEPRECATION.md


Android GCC has been deprecated in favor of Clang, and will be removed from
Android in 2020-01 as per the deprecation plan in:
https://android.googlesource.com/platform/prebuilts/clang/host/linux-x86/+/master/GCC_4_9_DEPRECATION.md


Android GCC has been deprecated in favor of Clang, and will be removed from
Android in 2020-01 as per the deprecation plan in:
https://android.googlesource.com/platform/prebuilts/clang/host/linux-x86/+/master/GCC_4_9_DEPRECATION.md


Android GCC has been deprecated in favor of Clang, and will be removed from
Android in 2020-01 as per the deprecation plan in:
https://android.googlesource.com/platform/prebuilts/clang/host/linux-x86/+/master/GCC_4_9_DEPRECATION.md


Android GCC has been deprecated in favor of Clang, and will be removed from
Android in 2020-01 as per the deprecation plan in:
https://android.googlesource.com/platform/prebuilts/clang/host/linux-x86/+/master/GCC_4_9_DEPRECATION.md


  CC      fs/stat.o
  CC      block/blk-tag.o
Android GCC has been deprecated in favor of Clang, and will be removed from
Android in 2020-01 as per the deprecation plan in:
https://android.googlesource.com/platform/prebuilts/clang/host/linux-x86/+/master/GCC_4_9_DEPRECATION.md


Android GCC has been deprecated in favor of Clang, and will be removed from
Android in 2020-01 as per the deprecation plan in:
https://android.googlesource.com/platform/prebuilts/clang/host/linux-x86/+/master/GCC_4_9_DEPRECATION.md


  CC      arch/arm/mm/flush.o
Android GCC has been deprecated in favor of Clang, and will be removed from
Android in 2020-01 as per the deprecation plan in:
https://android.googlesource.com/platform/prebuilts/clang/host/linux-x86/+/master/GCC_4_9_DEPRECATION.md


  CC      block/blk-sysfs.o
Android GCC has been deprecated in favor of Clang, and will be removed from
Android in 2020-01 as per the deprecation plan in:
https://android.googlesource.com/platform/prebuilts/clang/host/linux-x86/+/master/GCC_4_9_DEPRECATION.md


Android GCC has been deprecated in favor of Clang, and will be removed from
Android in 2020-01 as per the deprecation plan in:
https://android.googlesource.com/platform/prebuilts/clang/host/linux-x86/+/master/GCC_4_9_DEPRECATION.md


Android GCC has been deprecated in favor of Clang, and will be removed from
Android in 2020-01 as per the deprecation plan in:
https://android.googlesource.com/platform/prebuilts/clang/host/linux-x86/+/master/GCC_4_9_DEPRECATION.md


  CC      arch/arm/mach-exynos/cpuidle_profiler.o
Android GCC has been deprecated in favor of Clang, and will be removed from
Android in 2020-01 as per the deprecation plan in:
https://android.googlesource.com/platform/prebuilts/clang/host/linux-x86/+/master/GCC_4_9_DEPRECATION.md


  CC      arch/arm/mach-exynos/exynos-pm.o
Android GCC has been deprecated in favor of Clang, and will be removed from
Android in 2020-01 as per the deprecation plan in:
https://android.googlesource.com/platform/prebuilts/clang/host/linux-x86/+/master/GCC_4_9_DEPRECATION.md


Android GCC has been deprecated in favor of Clang, and will be removed from
Android in 2020-01 as per the deprecation plan in:
https://android.googlesource.com/platform/prebuilts/clang/host/linux-x86/+/master/GCC_4_9_DEPRECATION.md


Android GCC has been deprecated in favor of Clang, and will be removed from
Android in 2020-01 as per the deprecation plan in:
https://android.googlesource.com/platform/prebuilts/clang/host/linux-x86/+/master/GCC_4_9_DEPRECATION.md


Android GCC has been deprecated in favor of Clang, and will be removed from
Android in 2020-01 as per the deprecation plan in:
https://android.googlesource.com/platform/prebuilts/clang/host/linux-x86/+/master/GCC_4_9_DEPRECATION.md

In file included from include/trace/define_trace.h:86:0,
                 from include/trace/events/block.h:671,
                 from block/blk-core.c:36:
include/trace/events/block.h: In function 'perf_trace_block_buffer':

include/trace/ftrace.h:653:6: warning: unused variable '__addr' [-Wunused-variable]
  u64 __addr = 0, __count = 1;     \
      ^
include/trace/events/block.h:14:1: note: in expansion of macro 'DECLARE_EVENT_CLASS'
 DECLARE_EVENT_CLASS(block_buffer,
 ^
include/trace/events/block.h: In function 'perf_trace_block_rq_with_error':
include/trace/ftrace.h:653:6: warning: unused variable '__addr' [-Wunused-variable]
  u64 __addr = 0, __count = 1;     \
      ^
include/trace/events/block.h:64:1: note: in expansion of macro 'DECLARE_EVENT_CLASS'
 DECLARE_EVENT_CLASS(block_rq_with_error,
 ^
  CC      arch/arm/plat-samsung/pm.o
include/trace/events/block.h: In function 'perf_trace_block_rq_complete':
include/trace/ftrace.h:653:6: warning: unused variable '__addr' [-Wunused-variable]
  u64 __addr = 0, __count = 1;     \
      ^
include/trace/ftrace.h:32:2: note: in expansion of macro 'DECLARE_EVENT_CLASS'
  DECLARE_EVENT_CLASS(name,          \
  ^
include/trace/events/block.h:143:1: note: in expansion of macro 'TRACE_EVENT'
 TRACE_EVENT(block_rq_complete,
 ^
include/trace/events/block.h: In function 'perf_trace_block_rq':
include/trace/ftrace.h:653:6: warning: unused variable '__addr' [-Wunused-variable]
  u64 __addr = 0, __count = 1;     \
      ^
include/trace/events/block.h:176:1: note: in expansion of macro 'DECLARE_EVENT_CLASS'
 DECLARE_EVENT_CLASS(block_rq,
 ^
include/trace/events/block.h: In function 'perf_trace_block_bio_bounce':
include/trace/ftrace.h:653:6: warning: unused variable '__addr' [-Wunused-variable]
  u64 __addr = 0, __count = 1;     \
      ^
include/trace/ftrace.h:32:2: note: in expansion of macro 'DECLARE_EVENT_CLASS'
  DECLARE_EVENT_CLASS(name,          \
  ^
include/trace/events/block.h:256:1: note: in expansion of macro 'TRACE_EVENT'
 TRACE_EVENT(block_bio_bounce,
 ^
include/trace/events/block.h: In function 'perf_trace_block_bio_complete':
include/trace/ftrace.h:653:6: warning: unused variable '__addr' [-Wunused-variable]
  u64 __addr = 0, __count = 1;     \
      ^
include/trace/ftrace.h:32:2: note: in expansion of macro 'DECLARE_EVENT_CLASS'
  DECLARE_EVENT_CLASS(name,          \
  ^
include/trace/events/block.h:294:1: note: in expansion of macro 'TRACE_EVENT'
 TRACE_EVENT(block_bio_complete,
 ^
include/trace/events/block.h: In function 'perf_trace_block_bio_merge':
include/trace/ftrace.h:653:6: warning: unused variable '__addr' [-Wunused-variable]
  u64 __addr = 0, __count = 1;     \
      ^
include/trace/events/block.h:322:1: note: in expansion of macro 'DECLARE_EVENT_CLASS'
 DECLARE_EVENT_CLASS(block_bio_merge,
 ^
include/trace/events/block.h: In function 'perf_trace_block_bio_queue':
include/trace/ftrace.h:653:6: warning: unused variable '__addr' [-Wunused-variable]
  u64 __addr = 0, __count = 1;     \
      ^
include/trace/ftrace.h:32:2: note: in expansion of macro 'DECLARE_EVENT_CLASS'
  DECLARE_EVENT_CLASS(name,          \
  ^
include/trace/events/block.h:389:1: note: in expansion of macro 'TRACE_EVENT'
 TRACE_EVENT(block_bio_queue,
 ^
include/trace/events/block.h: In function 'perf_trace_block_get_rq':
include/trace/ftrace.h:653:6: warning: unused variable '__addr' [-Wunused-variable]
  u64 __addr = 0, __count = 1;     \
      ^
include/trace/events/block.h:417:1: note: in expansion of macro 'DECLARE_EVENT_CLASS'
 DECLARE_EVENT_CLASS(block_get_rq,
 ^
Android GCC has been deprecated in favor of Clang, and will be removed from
Android in 2020-01 as per the deprecation plan in:
https://android.googlesource.com/platform/prebuilts/clang/host/linux-x86/+/master/GCC_4_9_DEPRECATION.md

include/trace/events/block.h: In function 'perf_trace_block_plug':
include/trace/ftrace.h:653:6: warning: unused variable '__addr' [-Wunused-variable]
  u64 __addr = 0, __count = 1;     \
      ^
include/trace/ftrace.h:32:2: note: in expansion of macro 'DECLARE_EVENT_CLASS'
  DECLARE_EVENT_CLASS(name,          \
  ^
include/trace/events/block.h:488:1: note: in expansion of macro 'TRACE_EVENT'
 TRACE_EVENT(block_plug,
 ^
include/trace/events/block.h: In function 'perf_trace_block_unplug':
include/trace/ftrace.h:653:6: warning: unused variable '__addr' [-Wunused-variable]
  u64 __addr = 0, __count = 1;     \
      ^
include/trace/events/block.h:505:1: note: in expansion of macro 'DECLARE_EVENT_CLASS'
 DECLARE_EVENT_CLASS(block_unplug,
 ^
include/trace/events/block.h: In function 'perf_trace_block_split':
include/trace/ftrace.h:653:6: warning: unused variable '__addr' [-Wunused-variable]
  u64 __addr = 0, __count = 1;     \
      ^
include/trace/ftrace.h:32:2: note: in expansion of macro 'DECLARE_EVENT_CLASS'
  DECLARE_EVENT_CLASS(name,          \
  ^
include/trace/events/block.h:551:1: note: in expansion of macro 'TRACE_EVENT'
 TRACE_EVENT(block_split,
 ^
include/trace/events/block.h: In function 'perf_trace_block_bio_remap':
include/trace/ftrace.h:653:6: warning: unused variable '__addr' [-Wunused-variable]
  u64 __addr = 0, __count = 1;     \
      ^
include/trace/ftrace.h:32:2: note: in expansion of macro 'DECLARE_EVENT_CLASS'
  DECLARE_EVENT_CLASS(name,          \
  ^
include/trace/events/block.h:591:1: note: in expansion of macro 'TRACE_EVENT'
 TRACE_EVENT(block_bio_remap,
 ^

include/trace/events/block.h: In function 'perf_trace_block_rq_remap':
include/trace/ftrace.h:653:6: warning: unused variable '__addr' [-Wunused-variable]
  u64 __addr = 0, __count = 1;     \
      ^
include/trace/ftrace.h:32:2: note: in expansion of macro 'DECLARE_EVENT_CLASS'
  DECLARE_EVENT_CLASS(name,          \
  ^
include/trace/events/block.h:635:1: note: in expansion of macro 'TRACE_EVENT'
 TRACE_EVENT(block_rq_remap,
 ^
  CC      ipc/shm.o
Android GCC has been deprecated in favor of Clang, and will be removed from
Android in 2020-01 as per the deprecation plan in:
https://android.googlesource.com/platform/prebuilts/clang/host/linux-x86/+/master/GCC_4_9_DEPRECATION.md


Android GCC has been deprecated in favor of Clang, and will be removed from
Android in 2020-01 as per the deprecation plan in:
https://android.googlesource.com/platform/prebuilts/clang/host/linux-x86/+/master/GCC_4_9_DEPRECATION.md


Android GCC has been deprecated in favor of Clang, and will be removed from
Android in 2020-01 as per the deprecation plan in:
https://android.googlesource.com/platform/prebuilts/clang/host/linux-x86/+/master/GCC_4_9_DEPRECATION.md


  CC      kernel/cpu.o
  CC      mm/maccess.o
Android GCC has been deprecated in favor of Clang, and will be removed from
Android in 2020-01 as per the deprecation plan in:
https://android.googlesource.com/platform/prebuilts/clang/host/linux-x86/+/master/GCC_4_9_DEPRECATION.md


Android GCC has been deprecated in favor of Clang, and will be removed from
Android in 2020-01 as per the deprecation plan in:
https://android.googlesource.com/platform/prebuilts/clang/host/linux-x86/+/master/GCC_4_9_DEPRECATION.md


Android GCC has been deprecated in favor of Clang, and will be removed from
Android in 2020-01 as per the deprecation plan in:
https://android.googlesource.com/platform/prebuilts/clang/host/linux-x86/+/master/GCC_4_9_DEPRECATION.md


  CC      crypto/cipher.o
  CC      arch/arm/kernel/signal.o
  CC      drivers/amba/bus.o
Android GCC has been deprecated in favor of Clang, and will be removed from
Android in 2020-01 as per the deprecation plan in:
https://android.googlesource.com/platform/prebuilts/clang/host/linux-x86/+/master/GCC_4_9_DEPRECATION.md


  CC      ipc/ipcns_notifier.o
  CC      drivers/android/binder.o
Android GCC has been deprecated in favor of Clang, and will be removed from
Android in 2020-01 as per the deprecation plan in:
https://android.googlesource.com/platform/prebuilts/clang/host/linux-x86/+/master/GCC_4_9_DEPRECATION.md


Android GCC has been deprecated in favor of Clang, and will be removed from
Android in 2020-01 as per the deprecation plan in:
https://android.googlesource.com/platform/prebuilts/clang/host/linux-x86/+/master/GCC_4_9_DEPRECATION.md


Android GCC has been deprecated in favor of Clang, and will be removed from
Android in 2020-01 as per the deprecation plan in:
https://android.googlesource.com/platform/prebuilts/clang/host/linux-x86/+/master/GCC_4_9_DEPRECATION.md


Android GCC has been deprecated in favor of Clang, and will be removed from
Android in 2020-01 as per the deprecation plan in:
https://android.googlesource.com/platform/prebuilts/clang/host/linux-x86/+/master/GCC_4_9_DEPRECATION.md


Android GCC has been deprecated in favor of Clang, and will be removed from
Android in 2020-01 as per the deprecation plan in:
https://android.googlesource.com/platform/prebuilts/clang/host/linux-x86/+/master/GCC_4_9_DEPRECATION.md


Android GCC has been deprecated in favor of Clang, and will be removed from
Android in 2020-01 as per the deprecation plan in:
https://android.googlesource.com/platform/prebuilts/clang/host/linux-x86/+/master/GCC_4_9_DEPRECATION.md


Android GCC has been deprecated in favor of Clang, and will be removed from
Android in 2020-01 as per the deprecation plan in:
https://android.googlesource.com/platform/prebuilts/clang/host/linux-x86/+/master/GCC_4_9_DEPRECATION.md


  CC      security/keys/keyring.o
  CC      arch/arm/mach-exynos/pm_domains.o
Android GCC has been deprecated in favor of Clang, and will be removed from
Android in 2020-01 as per the deprecation plan in:
https://android.googlesource.com/platform/prebuilts/clang/host/linux-x86/+/master/GCC_4_9_DEPRECATION.md


  CC      drivers/android/binder_alloc.o
Android GCC has been deprecated in favor of Clang, and will be removed from
Android in 2020-01 as per the deprecation plan in:
https://android.googlesource.com/platform/prebuilts/clang/host/linux-x86/+/master/GCC_4_9_DEPRECATION.md


Android GCC has been deprecated in favor of Clang, and will be removed from
Android in 2020-01 as per the deprecation plan in:
https://android.googlesource.com/platform/prebuilts/clang/host/linux-x86/+/master/GCC_4_9_DEPRECATION.md


  CC      arch/arm/kernel/stacktrace.o
Android GCC has been deprecated in favor of Clang, and will be removed from
Android in 2020-01 as per the deprecation plan in:
https://android.googlesource.com/platform/prebuilts/clang/host/linux-x86/+/master/GCC_4_9_DEPRECATION.md


Android GCC has been deprecated in favor of Clang, and will be removed from
Android in 2020-01 as per the deprecation plan in:
https://android.googlesource.com/platform/prebuilts/clang/host/linux-x86/+/master/GCC_4_9_DEPRECATION.md


  CC      arch/arm/mm/idmap.o
Android GCC has been deprecated in favor of Clang, and will be removed from
Android in 2020-01 as per the deprecation plan in:
https://android.googlesource.com/platform/prebuilts/clang/host/linux-x86/+/master/GCC_4_9_DEPRECATION.md


  CC      crypto/compress.o
Android GCC has been deprecated in favor of Clang, and will be removed from
Android in 2020-01 as per the deprecation plan in:
https://android.googlesource.com/platform/prebuilts/clang/host/linux-x86/+/master/GCC_4_9_DEPRECATION.md


  CC      arch/arm/plat-samsung/pm-gpio.o
Android GCC has been deprecated in favor of Clang, and will be removed from
Android in 2020-01 as per the deprecation plan in:
https://android.googlesource.com/platform/prebuilts/clang/host/linux-x86/+/master/GCC_4_9_DEPRECATION.md


  CC      kernel/exit.o
Android GCC has been deprecated in favor of Clang, and will be removed from
Android in 2020-01 as per the deprecation plan in:
https://android.googlesource.com/platform/prebuilts/clang/host/linux-x86/+/master/GCC_4_9_DEPRECATION.md

  CC      block/blk-flush.o

Android GCC has been deprecated in favor of Clang, and will be removed from
Android in 2020-01 as per the deprecation plan in:
https://android.googlesource.com/platform/prebuilts/clang/host/linux-x86/+/master/GCC_4_9_DEPRECATION.md


Android GCC has been deprecated in favor of Clang, and will be removed from
Android in 2020-01 as per the deprecation plan in:
https://android.googlesource.com/platform/prebuilts/clang/host/linux-x86/+/master/GCC_4_9_DEPRECATION.md


  CC      fs/exec.o
Android GCC has been deprecated in favor of Clang, and will be removed from
Android in 2020-01 as per the deprecation plan in:
https://android.googlesource.com/platform/prebuilts/clang/host/linux-x86/+/master/GCC_4_9_DEPRECATION.md


Android GCC has been deprecated in favor of Clang, and will be removed from
Android in 2020-01 as per the deprecation plan in:
https://android.googlesource.com/platform/prebuilts/clang/host/linux-x86/+/master/GCC_4_9_DEPRECATION.md


  CC      mm/page_alloc.o
Android GCC has been deprecated in favor of Clang, and will be removed from
Android in 2020-01 as per the deprecation plan in:
https://android.googlesource.com/platform/prebuilts/clang/host/linux-x86/+/master/GCC_4_9_DEPRECATION.md


  CC      security/keys/keyctl.o
  CC      block/blk-settings.o
Android GCC has been deprecated in favor of Clang, and will be removed from
Android in 2020-01 as per the deprecation plan in:
https://android.googlesource.com/platform/prebuilts/clang/host/linux-x86/+/master/GCC_4_9_DEPRECATION.md


In file included from include/trace/define_trace.h:86:0,
                 from drivers/android/binder_trace.h:356,
                 from drivers/android/binder.c:6007:
drivers/android/./binder_trace.h: In function 'perf_trace_binder_ioctl':
include/trace/ftrace.h:653:6: warning: unused variable '__addr' [-Wunused-variable]
  u64 __addr = 0, __count = 1;     \
      ^
include/trace/ftrace.h:32:2: note: in expansion of macro 'DECLARE_EVENT_CLASS'
  DECLARE_EVENT_CLASS(name,          \
  ^
drivers/android/./binder_trace.h:31:1: note: in expansion of macro 'TRACE_EVENT'
 TRACE_EVENT(binder_ioctl,
 ^
drivers/android/./binder_trace.h: In function 'perf_trace_binder_lock_class':
include/trace/ftrace.h:653:6: warning: unused variable '__addr' [-Wunused-variable]
  u64 __addr = 0, __count = 1;     \
      ^
drivers/android/./binder_trace.h:46:1: note: in expansion of macro 'DECLARE_EVENT_CLASS'
 DECLARE_EVENT_CLASS(binder_lock_class,
 ^
drivers/android/./binder_trace.h: In function 'perf_trace_binder_function_return_class':
include/trace/ftrace.h:653:6: warning: unused variable '__addr' [-Wunused-variable]
  u64 __addr = 0, __count = 1;     \
      ^
drivers/android/./binder_trace.h:67:1: note: in expansion of macro 'DECLARE_EVENT_CLASS'
 DECLARE_EVENT_CLASS(binder_function_return_class,
 ^
drivers/android/./binder_trace.h: In function 'perf_trace_binder_set_priority':
include/trace/ftrace.h:653:6: warning: unused variable '__addr' [-Wunused-variable]
  u64 __addr = 0, __count = 1;     \
      ^
include/trace/ftrace.h:32:2: note: in expansion of macro 'DECLARE_EVENT_CLASS'
  DECLARE_EVENT_CLASS(name,          \
  ^
drivers/android/./binder_trace.h:88:1: note: in expansion of macro 'TRACE_EVENT'
 TRACE_EVENT(binder_set_priority,
 ^
drivers/android/./binder_trace.h: In function 'perf_trace_binder_wait_for_work':
include/trace/ftrace.h:653:6: warning: unused variable '__addr' [-Wunused-variable]
  u64 __addr = 0, __count = 1;     \
      ^
include/trace/ftrace.h:32:2: note: in expansion of macro 'DECLARE_EVENT_CLASS'
  DECLARE_EVENT_CLASS(name,          \
  ^
drivers/android/./binder_trace.h:112:1: note: in expansion of macro 'TRACE_EVENT'
 TRACE_EVENT(binder_wait_for_work,
 ^
Android GCC has been deprecated in favor of Clang, and will be removed from
Android in 2020-01 as per the deprecation plan in:
https://android.googlesource.com/platform/prebuilts/clang/host/linux-x86/+/master/GCC_4_9_DEPRECATION.md


drivers/android/./binder_trace.h: In function 'perf_trace_binder_transaction':
include/trace/ftrace.h:653:6: warning: unused variable '__addr' [-Wunused-variable]
  u64 __addr = 0, __count = 1;     \
      ^
include/trace/ftrace.h:32:2: note: in expansion of macro 'DECLARE_EVENT_CLASS'
  DECLARE_EVENT_CLASS(name,          \
  ^
drivers/android/./binder_trace.h:131:1: note: in expansion of macro 'TRACE_EVENT'
 TRACE_EVENT(binder_transaction,
 ^
drivers/android/./binder_trace.h: In function 'perf_trace_binder_transaction_received':
include/trace/ftrace.h:653:6: warning: unused variable '__addr' [-Wunused-variable]
  u64 __addr = 0, __count = 1;     \
      ^
include/trace/ftrace.h:32:2: note: in expansion of macro 'DECLARE_EVENT_CLASS'
  DECLARE_EVENT_CLASS(name,          \
  ^
drivers/android/./binder_trace.h:159:1: note: in expansion of macro 'TRACE_EVENT'
 TRACE_EVENT(binder_transaction_received,
 ^
drivers/android/./binder_trace.h: In function 'perf_trace_binder_transaction_node_to_ref':
include/trace/ftrace.h:653:6: warning: unused variable '__addr' [-Wunused-variable]
  u64 __addr = 0, __count = 1;     \
      ^
include/trace/ftrace.h:32:2: note: in expansion of macro 'DECLARE_EVENT_CLASS'
  DECLARE_EVENT_CLASS(name,          \
  ^
drivers/android/./binder_trace.h:172:1: note: in expansion of macro 'TRACE_EVENT'
 TRACE_EVENT(binder_transaction_node_to_ref,
 ^
drivers/android/./binder_trace.h: In function 'perf_trace_binder_transaction_ref_to_node':
include/trace/ftrace.h:653:6: warning: unused variable '__addr' [-Wunused-variable]
  u64 __addr = 0, __count = 1;     \
      ^
include/trace/ftrace.h:32:2: note: in expansion of macro 'DECLARE_EVENT_CLASS'
  DECLARE_EVENT_CLASS(name,          \
  ^
drivers/android/./binder_trace.h:197:1: note: in expansion of macro 'TRACE_EVENT'
 TRACE_EVENT(binder_transaction_ref_to_node,
 ^
drivers/android/./binder_trace.h: In function 'perf_trace_binder_transaction_ref_to_ref':
include/trace/ftrace.h:653:6: warning: unused variable '__addr' [-Wunused-variable]
  u64 __addr = 0, __count = 1;     \
      ^
include/trace/ftrace.h:32:2: note: in expansion of macro 'DECLARE_EVENT_CLASS'
  DECLARE_EVENT_CLASS(name,          \
  ^
drivers/android/./binder_trace.h:222:1: note: in expansion of macro 'TRACE_EVENT'
 TRACE_EVENT(binder_transaction_ref_to_ref,
 ^
drivers/android/./binder_trace.h: In function 'perf_trace_binder_transaction_fd':
include/trace/ftrace.h:653:6: warning: unused variable '__addr' [-Wunused-variable]
  u64 __addr = 0, __count = 1;     \
      ^
include/trace/ftrace.h:32:2: note: in expansion of macro 'DECLARE_EVENT_CLASS'
  DECLARE_EVENT_CLASS(name,          \
  ^
drivers/android/./binder_trace.h:250:1: note: in expansion of macro 'TRACE_EVENT'
 TRACE_EVENT(binder_transaction_fd,
 ^
drivers/android/./binder_trace.h: In function 'perf_trace_binder_buffer_class':
include/trace/ftrace.h:653:6: warning: unused variable '__addr' [-Wunused-variable]
  u64 __addr = 0, __count = 1;     \
      ^
drivers/android/./binder_trace.h:268:1: note: in expansion of macro 'DECLARE_EVENT_CLASS'
 DECLARE_EVENT_CLASS(binder_buffer_class,
 ^
drivers/android/./binder_trace.h: In function 'perf_trace_binder_update_page_range':
include/trace/ftrace.h:653:6: warning: unused variable '__addr' [-Wunused-variable]
  u64 __addr = 0, __count = 1;     \
      ^
include/trace/ftrace.h:32:2: note: in expansion of macro 'DECLARE_EVENT_CLASS'
  DECLARE_EVENT_CLASS(name,          \
  ^
drivers/android/./binder_trace.h:297:1: note: in expansion of macro 'TRACE_EVENT'
 TRACE_EVENT(binder_update_page_range,
 ^
drivers/android/./binder_trace.h: In function 'perf_trace_binder_command':
include/trace/ftrace.h:653:6: warning: unused variable '__addr' [-Wunused-variable]
  u64 __addr = 0, __count = 1;     \
      ^
include/trace/ftrace.h:32:2: note: in expansion of macro 'DECLARE_EVENT_CLASS'
  DECLARE_EVENT_CLASS(name,          \
  ^
drivers/android/./binder_trace.h:318:1: note: in expansion of macro 'TRACE_EVENT'
 TRACE_EVENT(binder_command,
 ^
drivers/android/./binder_trace.h: In function 'perf_trace_binder_return':
include/trace/ftrace.h:653:6: warning: unused variable '__addr' [-Wunused-variable]
  u64 __addr = 0, __count = 1;     \
      ^
include/trace/ftrace.h:32:2: note: in expansion of macro 'DECLARE_EVENT_CLASS'
  DECLARE_EVENT_CLASS(name,          \
  ^
drivers/android/./binder_trace.h:334:1: note: in expansion of macro 'TRACE_EVENT'
 TRACE_EVENT(binder_return,
 ^
Android GCC has been deprecated in favor of Clang, and will be removed from
Android in 2020-01 as per the deprecation plan in:
https://android.googlesource.com/platform/prebuilts/clang/host/linux-x86/+/master/GCC_4_9_DEPRECATION.md


  CC      arch/arm/mm/ioremap.o
Android GCC has been deprecated in favor of Clang, and will be removed from
Android in 2020-01 as per the deprecation plan in:
https://android.googlesource.com/platform/prebuilts/clang/host/linux-x86/+/master/GCC_4_9_DEPRECATION.md


  CC      security/selinux/nlmsgtab.o
Android GCC has been deprecated in favor of Clang, and will be removed from
Android in 2020-01 as per the deprecation plan in:
https://android.googlesource.com/platform/prebuilts/clang/host/linux-x86/+/master/GCC_4_9_DEPRECATION.md


Android GCC has been deprecated in favor of Clang, and will be removed from
Android in 2020-01 as per the deprecation plan in:
https://android.googlesource.com/platform/prebuilts/clang/host/linux-x86/+/master/GCC_4_9_DEPRECATION.md


  CC      arch/arm/mach-exynos/pm_domains_sysfs.o
  CC      arch/arm/kernel/sys_arm.o
  CC      security/commoncap.o
Android GCC has been deprecated in favor of Clang, and will be removed from
Android in 2020-01 as per the deprecation plan in:
https://android.googlesource.com/platform/prebuilts/clang/host/linux-x86/+/master/GCC_4_9_DEPRECATION.md


Android GCC has been deprecated in favor of Clang, and will be removed from
Android in 2020-01 as per the deprecation plan in:
https://android.googlesource.com/platform/prebuilts/clang/host/linux-x86/+/master/GCC_4_9_DEPRECATION.md


Android GCC has been deprecated in favor of Clang, and will be removed from
Android in 2020-01 as per the deprecation plan in:
https://android.googlesource.com/platform/prebuilts/clang/host/linux-x86/+/master/GCC_4_9_DEPRECATION.md

Android GCC has been deprecated in favor of Clang, and will be removed from
Android in 2020-01 as per the deprecation plan in:
https://android.googlesource.com/platform/prebuilts/clang/host/linux-x86/+/master/GCC_4_9_DEPRECATION.md



  CC      block/blk-ioc.o
Android GCC has been deprecated in favor of Clang, and will be removed from
Android in 2020-01 as per the deprecation plan in:
https://android.googlesource.com/platform/prebuilts/clang/host/linux-x86/+/master/GCC_4_9_DEPRECATION.md


Android GCC has been deprecated in favor of Clang, and will be removed from
Android in 2020-01 as per the deprecation plan in:
https://android.googlesource.com/platform/prebuilts/clang/host/linux-x86/+/master/GCC_4_9_DEPRECATION.md


  CC      crypto/memneq.o
  CC      ipc/syscall.o
  CC      arch/arm/plat-samsung/s5p-pm.o
Android GCC has been deprecated in favor of Clang, and will be removed from
Android in 2020-01 as per the deprecation plan in:
https://android.googlesource.com/platform/prebuilts/clang/host/linux-x86/+/master/GCC_4_9_DEPRECATION.md


Android GCC has been deprecated in favor of Clang, and will be removed from
Android in 2020-01 as per the deprecation plan in:
https://android.googlesource.com/platform/prebuilts/clang/host/linux-x86/+/master/GCC_4_9_DEPRECATION.md


Android GCC has been deprecated in favor of Clang, and will be removed from
Android in 2020-01 as per the deprecation plan in:
https://android.googlesource.com/platform/prebuilts/clang/host/linux-x86/+/master/GCC_4_9_DEPRECATION.md


  CC      arch/arm/kernel/time.o
  CC      ipc/ipc_sysctl.o
  CC      security/selinux/netif.o
Android GCC has been deprecated in favor of Clang, and will be removed from
Android in 2020-01 as per the deprecation plan in:
https://android.googlesource.com/platform/prebuilts/clang/host/linux-x86/+/master/GCC_4_9_DEPRECATION.md


  LD      drivers/amba/built-in.o
  CC      block/blk-map.o
Android GCC has been deprecated in favor of Clang, and will be removed from
Android in 2020-01 as per the deprecation plan in:
https://android.googlesource.com/platform/prebuilts/clang/host/linux-x86/+/master/GCC_4_9_DEPRECATION.md


Android GCC has been deprecated in favor of Clang, and will be removed from
Android in 2020-01 as per the deprecation plan in:
https://android.googlesource.com/platform/prebuilts/clang/host/linux-x86/+/master/GCC_4_9_DEPRECATION.md


Android GCC has been deprecated in favor of Clang, and will be removed from
Android in 2020-01 as per the deprecation plan in:
https://android.googlesource.com/platform/prebuilts/clang/host/linux-x86/+/master/GCC_4_9_DEPRECATION.md


Android GCC has been deprecated in favor of Clang, and will be removed from
Android in 2020-01 as per the deprecation plan in:
https://android.googlesource.com/platform/prebuilts/clang/host/linux-x86/+/master/GCC_4_9_DEPRECATION.md


  CC      mm/page-writeback.o
Android GCC has been deprecated in favor of Clang, and will be removed from
Android in 2020-01 as per the deprecation plan in:
https://android.googlesource.com/platform/prebuilts/clang/host/linux-x86/+/master/GCC_4_9_DEPRECATION.md


Android GCC has been deprecated in favor of Clang, and will be removed from
Android in 2020-01 as per the deprecation plan in:
https://android.googlesource.com/platform/prebuilts/clang/host/linux-x86/+/master/GCC_4_9_DEPRECATION.md


Android GCC has been deprecated in favor of Clang, and will be removed from
Android in 2020-01 as per the deprecation plan in:
https://android.googlesource.com/platform/prebuilts/clang/host/linux-x86/+/master/GCC_4_9_DEPRECATION.md


  CC      arch/arm/mm/mmap.o
Android GCC has been deprecated in favor of Clang, and will be removed from
Android in 2020-01 as per the deprecation plan in:
https://android.googlesource.com/platform/prebuilts/clang/host/linux-x86/+/master/GCC_4_9_DEPRECATION.md


  CC      arch/arm/plat-samsung/s5p-irq-pm.o
Android GCC has been deprecated in favor of Clang, and will be removed from
Android in 2020-01 as per the deprecation plan in:
https://android.googlesource.com/platform/prebuilts/clang/host/linux-x86/+/master/GCC_4_9_DEPRECATION.md


  CC      arch/arm/mm/pgd.o
  CC      arch/arm/mach-exynos/platsmp.o
Android GCC has been deprecated in favor of Clang, and will be removed from
Android in 2020-01 as per the deprecation plan in:
https://android.googlesource.com/platform/prebuilts/clang/host/linux-x86/+/master/GCC_4_9_DEPRECATION.md


Android GCC has been deprecated in favor of Clang, and will be removed from
Android in 2020-01 as per the deprecation plan in:
https://android.googlesource.com/platform/prebuilts/clang/host/linux-x86/+/master/GCC_4_9_DEPRECATION.md


Android GCC has been deprecated in favor of Clang, and will be removed from
Android in 2020-01 as per the deprecation plan in:
https://android.googlesource.com/platform/prebuilts/clang/host/linux-x86/+/master/GCC_4_9_DEPRECATION.md


Android GCC has been deprecated in favor of Clang, and will be removed from
Android in 2020-01 as per the deprecation plan in:
https://android.googlesource.com/platform/prebuilts/clang/host/linux-x86/+/master/GCC_4_9_DEPRECATION.md


  CC      sound/sound_core.o
Android GCC has been deprecated in favor of Clang, and will be removed from
Android in 2020-01 as per the deprecation plan in:
https://android.googlesource.com/platform/prebuilts/clang/host/linux-x86/+/master/GCC_4_9_DEPRECATION.md


  CC      ipc/namespace.o
Android GCC has been deprecated in favor of Clang, and will be removed from
Android in 2020-01 as per the deprecation plan in:
https://android.googlesource.com/platform/prebuilts/clang/host/linux-x86/+/master/GCC_4_9_DEPRECATION.md


  CC      security/min_addr.o
  CC      arch/arm/kernel/traps.o
Android GCC has been deprecated in favor of Clang, and will be removed from
Android in 2020-01 as per the deprecation plan in:
https://android.googlesource.com/platform/prebuilts/clang/host/linux-x86/+/master/GCC_4_9_DEPRECATION.md


Android GCC has been deprecated in favor of Clang, and will be removed from
Android in 2020-01 as per the deprecation plan in:
https://android.googlesource.com/platform/prebuilts/clang/host/linux-x86/+/master/GCC_4_9_DEPRECATION.md


Android GCC has been deprecated in favor of Clang, and will be removed from
Android in 2020-01 as per the deprecation plan in:
https://android.googlesource.com/platform/prebuilts/clang/host/linux-x86/+/master/GCC_4_9_DEPRECATION.md


  CC      security/selinux/netnode.o
Android GCC has been deprecated in favor of Clang, and will be removed from
Android in 2020-01 as per the deprecation plan in:
https://android.googlesource.com/platform/prebuilts/clang/host/linux-x86/+/master/GCC_4_9_DEPRECATION.md


Android GCC has been deprecated in favor of Clang, and will be removed from
Android in 2020-01 as per the deprecation plan in:
https://android.googlesource.com/platform/prebuilts/clang/host/linux-x86/+/master/GCC_4_9_DEPRECATION.md


  CC      security/keys/permission.o
  AS      arch/arm/plat-samsung/s5p-sleep.o
  CC      arch/arm/kernel/cpuidle.o
Android GCC has been deprecated in favor of Clang, and will be removed from
Android in 2020-01 as per the deprecation plan in:
https://android.googlesource.com/platform/prebuilts/clang/host/linux-x86/+/master/GCC_4_9_DEPRECATION.md


Android GCC has been deprecated in favor of Clang, and will be removed from
Android in 2020-01 as per the deprecation plan in:
https://android.googlesource.com/platform/prebuilts/clang/host/linux-x86/+/master/GCC_4_9_DEPRECATION.md


Android GCC has been deprecated in favor of Clang, and will be removed from
Android in 2020-01 as per the deprecation plan in:
https://android.googlesource.com/platform/prebuilts/clang/host/linux-x86/+/master/GCC_4_9_DEPRECATION.md


Android GCC has been deprecated in favor of Clang, and will be removed from
Android in 2020-01 as per the deprecation plan in:
https://android.googlesource.com/platform/prebuilts/clang/host/linux-x86/+/master/GCC_4_9_DEPRECATION.md


  CC      crypto/algapi.o
Android GCC has been deprecated in favor of Clang, and will be removed from
Android in 2020-01 as per the deprecation plan in:
https://android.googlesource.com/platform/prebuilts/clang/host/linux-x86/+/master/GCC_4_9_DEPRECATION.md


  LD      arch/arm/plat-samsung/built-in.o
  CC      fs/pipe.o
  CC      block/blk-exec.o
  CC      net/socket.o
Android GCC has been deprecated in favor of Clang, and will be removed from
Android in 2020-01 as per the deprecation plan in:
https://android.googlesource.com/platform/prebuilts/clang/host/linux-x86/+/master/GCC_4_9_DEPRECATION.md


  CC      arch/arm/mm/mmu.o
Android GCC has been deprecated in favor of Clang, and will be removed from
Android in 2020-01 as per the deprecation plan in:
https://android.googlesource.com/platform/prebuilts/clang/host/linux-x86/+/master/GCC_4_9_DEPRECATION.md


Android GCC has been deprecated in favor of Clang, and will be removed from
Android in 2020-01 as per the deprecation plan in:
https://android.googlesource.com/platform/prebuilts/clang/host/linux-x86/+/master/GCC_4_9_DEPRECATION.md


Android GCC has been deprecated in favor of Clang, and will be removed from
Android in 2020-01 as per the deprecation plan in:
https://android.googlesource.com/platform/prebuilts/clang/host/linux-x86/+/master/GCC_4_9_DEPRECATION.md


Android GCC has been deprecated in favor of Clang, and will be removed from
Android in 2020-01 as per the deprecation plan in:
https://android.googlesource.com/platform/prebuilts/clang/host/linux-x86/+/master/GCC_4_9_DEPRECATION.md


  CC      arch/arm/mach-exynos/hotplug.o
  CC      drivers/base/core.o
  CC      drivers/battery/sec_battery.o
Android GCC has been deprecated in favor of Clang, and will be removed from
Android in 2020-01 as per the deprecation plan in:
https://android.googlesource.com/platform/prebuilts/clang/host/linux-x86/+/master/GCC_4_9_DEPRECATION.md


Android GCC has been deprecated in favor of Clang, and will be removed from
Android in 2020-01 as per the deprecation plan in:
https://android.googlesource.com/platform/prebuilts/clang/host/linux-x86/+/master/GCC_4_9_DEPRECATION.md


Android GCC has been deprecated in favor of Clang, and will be removed from
Android in 2020-01 as per the deprecation plan in:
https://android.googlesource.com/platform/prebuilts/clang/host/linux-x86/+/master/GCC_4_9_DEPRECATION.md


  CC      kernel/itimer.o
  LD      ipc/built-in.o
Android GCC has been deprecated in favor of Clang, and will be removed from
Android in 2020-01 as per the deprecation plan in:
https://android.googlesource.com/platform/prebuilts/clang/host/linux-x86/+/master/GCC_4_9_DEPRECATION.md


  AS      arch/arm/lib/copy_page.o
Android GCC has been deprecated in favor of Clang, and will be removed from
Android in 2020-01 as per the deprecation plan in:
https://android.googlesource.com/platform/prebuilts/clang/host/linux-x86/+/master/GCC_4_9_DEPRECATION.md


  CC      fs/namei.o
Android GCC has been deprecated in favor of Clang, and will be removed from
Android in 2020-01 as per the deprecation plan in:
https://android.googlesource.com/platform/prebuilts/clang/host/linux-x86/+/master/GCC_4_9_DEPRECATION.md


Android GCC has been deprecated in favor of Clang, and will be removed from
Android in 2020-01 as per the deprecation plan in:
https://android.googlesource.com/platform/prebuilts/clang/host/linux-x86/+/master/GCC_4_9_DEPRECATION.md


Android GCC has been deprecated in favor of Clang, and will be removed from
Android in 2020-01 as per the deprecation plan in:
https://android.googlesource.com/platform/prebuilts/clang/host/linux-x86/+/master/GCC_4_9_DEPRECATION.md


  AS      arch/arm/lib/csumpartialcopyuser.o
Android GCC has been deprecated in favor of Clang, and will be removed from
Android in 2020-01 as per the deprecation plan in:
https://android.googlesource.com/platform/prebuilts/clang/host/linux-x86/+/master/GCC_4_9_DEPRECATION.md


Android GCC has been deprecated in favor of Clang, and will be removed from
Android in 2020-01 as per the deprecation plan in:
https://android.googlesource.com/platform/prebuilts/clang/host/linux-x86/+/master/GCC_4_9_DEPRECATION.md


  CC      lib/bcd.o
  CC      sound/core/compress_offload.o
Android GCC has been deprecated in favor of Clang, and will be removed from
Android in 2020-01 as per the deprecation plan in:
https://android.googlesource.com/platform/prebuilts/clang/host/linux-x86/+/master/GCC_4_9_DEPRECATION.md


  CC      arch/arm/lib/delay.o
Android GCC has been deprecated in favor of Clang, and will be removed from
Android in 2020-01 as per the deprecation plan in:
https://android.googlesource.com/platform/prebuilts/clang/host/linux-x86/+/master/GCC_4_9_DEPRECATION.md


  CC      sound/core/hwdep.o
Android GCC has been deprecated in favor of Clang, and will be removed from
Android in 2020-01 as per the deprecation plan in:
https://android.googlesource.com/platform/prebuilts/clang/host/linux-x86/+/master/GCC_4_9_DEPRECATION.md


Android GCC has been deprecated in favor of Clang, and will be removed from
Android in 2020-01 as per the deprecation plan in:
https://android.googlesource.com/platform/prebuilts/clang/host/linux-x86/+/master/GCC_4_9_DEPRECATION.md


  CC      arch/arm/mach-exynos/firmware.o
Android GCC has been deprecated in favor of Clang, and will be removed from
Android in 2020-01 as per the deprecation plan in:
https://android.googlesource.com/platform/prebuilts/clang/host/linux-x86/+/master/GCC_4_9_DEPRECATION.md


Android GCC has been deprecated in favor of Clang, and will be removed from
Android in 2020-01 as per the deprecation plan in:
https://android.googlesource.com/platform/prebuilts/clang/host/linux-x86/+/master/GCC_4_9_DEPRECATION.md


Android GCC has been deprecated in favor of Clang, and will be removed from
Android in 2020-01 as per the deprecation plan in:
https://android.googlesource.com/platform/prebuilts/clang/host/linux-x86/+/master/GCC_4_9_DEPRECATION.md


  CC      lib/div64.o
  CC      security/keys/process_keys.o
Android GCC has been deprecated in favor of Clang, and will be removed from
Android in 2020-01 as per the deprecation plan in:
https://android.googlesource.com/platform/prebuilts/clang/host/linux-x86/+/master/GCC_4_9_DEPRECATION.md


Android GCC has been deprecated in favor of Clang, and will be removed from
Android in 2020-01 as per the deprecation plan in:
https://android.googlesource.com/platform/prebuilts/clang/host/linux-x86/+/master/GCC_4_9_DEPRECATION.md


Android GCC has been deprecated in favor of Clang, and will be removed from
Android in 2020-01 as per the deprecation plan in:
https://android.googlesource.com/platform/prebuilts/clang/host/linux-x86/+/master/GCC_4_9_DEPRECATION.md


Android GCC has been deprecated in favor of Clang, and will be removed from
Android in 2020-01 as per the deprecation plan in:
https://android.googlesource.com/platform/prebuilts/clang/host/linux-x86/+/master/GCC_4_9_DEPRECATION.md


  CC      crypto/scatterwalk.o
  CC      sound/core/memalloc.o
Android GCC has been deprecated in favor of Clang, and will be removed from
Android in 2020-01 as per the deprecation plan in:
https://android.googlesource.com/platform/prebuilts/clang/host/linux-x86/+/master/GCC_4_9_DEPRECATION.md


Android GCC has been deprecated in favor of Clang, and will be removed from
Android in 2020-01 as per the deprecation plan in:
https://android.googlesource.com/platform/prebuilts/clang/host/linux-x86/+/master/GCC_4_9_DEPRECATION.md


Android GCC has been deprecated in favor of Clang, and will be removed from
Android in 2020-01 as per the deprecation plan in:
https://android.googlesource.com/platform/prebuilts/clang/host/linux-x86/+/master/GCC_4_9_DEPRECATION.md


  CC      arch/arm/kernel/armksyms.o
Android GCC has been deprecated in favor of Clang, and will be removed from
Android in 2020-01 as per the deprecation plan in:
https://android.googlesource.com/platform/prebuilts/clang/host/linux-x86/+/master/GCC_4_9_DEPRECATION.md


  CC      arch/arm/mach-exynos/pmu-exynos5433.o
  CC      drivers/base/bus.o
Android GCC has been deprecated in favor of Clang, and will be removed from
Android in 2020-01 as per the deprecation plan in:
https://android.googlesource.com/platform/prebuilts/clang/host/linux-x86/+/master/GCC_4_9_DEPRECATION.md


Android GCC has been deprecated in favor of Clang, and will be removed from
Android in 2020-01 as per the deprecation plan in:
https://android.googlesource.com/platform/prebuilts/clang/host/linux-x86/+/master/GCC_4_9_DEPRECATION.md


Android GCC has been deprecated in favor of Clang, and will be removed from
Android in 2020-01 as per the deprecation plan in:
https://android.googlesource.com/platform/prebuilts/clang/host/linux-x86/+/master/GCC_4_9_DEPRECATION.md


  AR      arch/arm/lib/lib.a
  CC      kernel/time.o
  CC      mm/readahead.o
  CC      lib/sort.o
Android GCC has been deprecated in favor of Clang, and will be removed from
Android in 2020-01 as per the deprecation plan in:
https://android.googlesource.com/platform/prebuilts/clang/host/linux-x86/+/master/GCC_4_9_DEPRECATION.md


Android GCC has been deprecated in favor of Clang, and will be removed from
Android in 2020-01 as per the deprecation plan in:
https://android.googlesource.com/platform/prebuilts/clang/host/linux-x86/+/master/GCC_4_9_DEPRECATION.md


Android GCC has been deprecated in favor of Clang, and will be removed from
Android in 2020-01 as per the deprecation plan in:
https://android.googlesource.com/platform/prebuilts/clang/host/linux-x86/+/master/GCC_4_9_DEPRECATION.md


Android GCC has been deprecated in favor of Clang, and will be removed from
Android in 2020-01 as per the deprecation plan in:
https://android.googlesource.com/platform/prebuilts/clang/host/linux-x86/+/master/GCC_4_9_DEPRECATION.md


Android GCC has been deprecated in favor of Clang, and will be removed from
Android in 2020-01 as per the deprecation plan in:
https://android.googlesource.com/platform/prebuilts/clang/host/linux-x86/+/master/GCC_4_9_DEPRECATION.md


  CC      block/blk-merge.o
  CC      security/selinux/netport.o
Android GCC has been deprecated in favor of Clang, and will be removed from
Android in 2020-01 as per the deprecation plan in:
https://android.googlesource.com/platform/prebuilts/clang/host/linux-x86/+/master/GCC_4_9_DEPRECATION.md


Android GCC has been deprecated in favor of Clang, and will be removed from
Android in 2020-01 as per the deprecation plan in:
https://android.googlesource.com/platform/prebuilts/clang/host/linux-x86/+/master/GCC_4_9_DEPRECATION.md


Android GCC has been deprecated in favor of Clang, and will be removed from
Android in 2020-01 as per the deprecation plan in:
https://android.googlesource.com/platform/prebuilts/clang/host/linux-x86/+/master/GCC_4_9_DEPRECATION.md


Android GCC has been deprecated in favor of Clang, and will be removed from
Android in 2020-01 as per the deprecation plan in:
https://android.googlesource.com/platform/prebuilts/clang/host/linux-x86/+/master/GCC_4_9_DEPRECATION.md


Android GCC has been deprecated in favor of Clang, and will be removed from
Android in 2020-01 as per the deprecation plan in:
https://android.googlesource.com/platform/prebuilts/clang/host/linux-x86/+/master/GCC_4_9_DEPRECATION.md


Android GCC has been deprecated in favor of Clang, and will be removed from
Android in 2020-01 as per the deprecation plan in:
https://android.googlesource.com/platform/prebuilts/clang/host/linux-x86/+/master/GCC_4_9_DEPRECATION.md


Android GCC has been deprecated in favor of Clang, and will be removed from
Android in 2020-01 as per the deprecation plan in:
https://android.googlesource.com/platform/prebuilts/clang/host/linux-x86/+/master/GCC_4_9_DEPRECATION.md


Android GCC has been deprecated in favor of Clang, and will be removed from
Android in 2020-01 as per the deprecation plan in:
https://android.googlesource.com/platform/prebuilts/clang/host/linux-x86/+/master/GCC_4_9_DEPRECATION.md


Android GCC has been deprecated in favor of Clang, and will be removed from
Android in 2020-01 as per the deprecation plan in:
https://android.googlesource.com/platform/prebuilts/clang/host/linux-x86/+/master/GCC_4_9_DEPRECATION.md


  CC      mm/swap.o
Android GCC has been deprecated in favor of Clang, and will be removed from
Android in 2020-01 as per the deprecation plan in:
https://android.googlesource.com/platform/prebuilts/clang/host/linux-x86/+/master/GCC_4_9_DEPRECATION.md


  CC      security/keys/request_key.o
  CC      crypto/proc.o
  CC      arch/arm/mm/proc-syms.o
Android GCC has been deprecated in favor of Clang, and will be removed from
Android in 2020-01 as per the deprecation plan in:
https://android.googlesource.com/platform/prebuilts/clang/host/linux-x86/+/master/GCC_4_9_DEPRECATION.md


  CC      lib/parser.o
Android GCC has been deprecated in favor of Clang, and will be removed from
Android in 2020-01 as per the deprecation plan in:
https://android.googlesource.com/platform/prebuilts/clang/host/linux-x86/+/master/GCC_4_9_DEPRECATION.md


Android GCC has been deprecated in favor of Clang, and will be removed from
Android in 2020-01 as per the deprecation plan in:
https://android.googlesource.com/platform/prebuilts/clang/host/linux-x86/+/master/GCC_4_9_DEPRECATION.md


  CC      arch/arm/mach-exynos/pmu_cal_sys.o
  CC      arch/arm/mm/alignment.o
Android GCC has been deprecated in favor of Clang, and will be removed from
Android in 2020-01 as per the deprecation plan in:
https://android.googlesource.com/platform/prebuilts/clang/host/linux-x86/+/master/GCC_4_9_DEPRECATION.md


Android GCC has been deprecated in favor of Clang, and will be removed from
Android in 2020-01 as per the deprecation plan in:
https://android.googlesource.com/platform/prebuilts/clang/host/linux-x86/+/master/GCC_4_9_DEPRECATION.md

Android GCC has been deprecated in favor of Clang, and will be removed from
Android in 2020-01 as per the deprecation plan in:
https://android.googlesource.com/platform/prebuilts/clang/host/linux-x86/+/master/GCC_4_9_DEPRECATION.md


  CC      sound/core/pcm.o

Android GCC has been deprecated in favor of Clang, and will be removed from
Android in 2020-01 as per the deprecation plan in:
https://android.googlesource.com/platform/prebuilts/clang/host/linux-x86/+/master/GCC_4_9_DEPRECATION.md


  CC      arch/arm/kernel/module.o
  CC      drivers/block/brd.o
Android GCC has been deprecated in favor of Clang, and will be removed from
Android in 2020-01 as per the deprecation plan in:
https://android.googlesource.com/platform/prebuilts/clang/host/linux-x86/+/master/GCC_4_9_DEPRECATION.md


Android GCC has been deprecated in favor of Clang, and will be removed from
Android in 2020-01 as per the deprecation plan in:
https://android.googlesource.com/platform/prebuilts/clang/host/linux-x86/+/master/GCC_4_9_DEPRECATION.md


Android GCC has been deprecated in favor of Clang, and will be removed from
Android in 2020-01 as per the deprecation plan in:
https://android.googlesource.com/platform/prebuilts/clang/host/linux-x86/+/master/GCC_4_9_DEPRECATION.md


  CC      arch/arm/mach-exynos/pmu_cal_sys_exynos5433.o
Android GCC has been deprecated in favor of Clang, and will be removed from
Android in 2020-01 as per the deprecation plan in:
https://android.googlesource.com/platform/prebuilts/clang/host/linux-x86/+/master/GCC_4_9_DEPRECATION.md


  CC      crypto/ablkcipher.o
Android GCC has been deprecated in favor of Clang, and will be removed from
Android in 2020-01 as per the deprecation plan in:
https://android.googlesource.com/platform/prebuilts/clang/host/linux-x86/+/master/GCC_4_9_DEPRECATION.md


Android GCC has been deprecated in favor of Clang, and will be removed from
Android in 2020-01 as per the deprecation plan in:
https://android.googlesource.com/platform/prebuilts/clang/host/linux-x86/+/master/GCC_4_9_DEPRECATION.md


Android GCC has been deprecated in favor of Clang, and will be removed from
Android in 2020-01 as per the deprecation plan in:
https://android.googlesource.com/platform/prebuilts/clang/host/linux-x86/+/master/GCC_4_9_DEPRECATION.md


Android GCC has been deprecated in favor of Clang, and will be removed from
Android in 2020-01 as per the deprecation plan in:
https://android.googlesource.com/platform/prebuilts/clang/host/linux-x86/+/master/GCC_4_9_DEPRECATION.md


Android GCC has been deprecated in favor of Clang, and will be removed from
Android in 2020-01 as per the deprecation plan in:
https://android.googlesource.com/platform/prebuilts/clang/host/linux-x86/+/master/GCC_4_9_DEPRECATION.md


Android GCC has been deprecated in favor of Clang, and will be removed from
Android in 2020-01 as per the deprecation plan in:
https://android.googlesource.com/platform/prebuilts/clang/host/linux-x86/+/master/GCC_4_9_DEPRECATION.md


  CC      drivers/block/loop.o
Android GCC has been deprecated in favor of Clang, and will be removed from
Android in 2020-01 as per the deprecation plan in:
https://android.googlesource.com/platform/prebuilts/clang/host/linux-x86/+/master/GCC_4_9_DEPRECATION.md


Android GCC has been deprecated in favor of Clang, and will be removed from
Android in 2020-01 as per the deprecation plan in:
https://android.googlesource.com/platform/prebuilts/clang/host/linux-x86/+/master/GCC_4_9_DEPRECATION.md


Android GCC has been deprecated in favor of Clang, and will be removed from
Android in 2020-01 as per the deprecation plan in:
https://android.googlesource.com/platform/prebuilts/clang/host/linux-x86/+/master/GCC_4_9_DEPRECATION.md


  LD      arch/arm/net/built-in.o
  CC      security/selinux/exports.o
  CC      kernel/softirq.o
  CC      drivers/block/cryptoloop.o
Android GCC has been deprecated in favor of Clang, and will be removed from
Android in 2020-01 as per the deprecation plan in:
https://android.googlesource.com/platform/prebuilts/clang/host/linux-x86/+/master/GCC_4_9_DEPRECATION.md


Android GCC has been deprecated in favor of Clang, and will be removed from
Android in 2020-01 as per the deprecation plan in:
https://android.googlesource.com/platform/prebuilts/clang/host/linux-x86/+/master/GCC_4_9_DEPRECATION.md


  CC      drivers/base/dd.o
  CC      arch/arm/kernel/bios32.o
  CC      arch/arm/mm/highmem.o
  CC      arch/arm/mach-exynos/exynos-coresight.o
Android GCC has been deprecated in favor of Clang, and will be removed from
Android in 2020-01 as per the deprecation plan in:
https://android.googlesource.com/platform/prebuilts/clang/host/linux-x86/+/master/GCC_4_9_DEPRECATION.md


Android GCC has been deprecated in favor of Clang, and will be removed from
Android in 2020-01 as per the deprecation plan in:
https://android.googlesource.com/platform/prebuilts/clang/host/linux-x86/+/master/GCC_4_9_DEPRECATION.md


Android GCC has been deprecated in favor of Clang, and will be removed from
Android in 2020-01 as per the deprecation plan in:
https://android.googlesource.com/platform/prebuilts/clang/host/linux-x86/+/master/GCC_4_9_DEPRECATION.md


  CC      arch/arm/kernel/isa.o
Android GCC has been deprecated in favor of Clang, and will be removed from
Android in 2020-01 as per the deprecation plan in:
https://android.googlesource.com/platform/prebuilts/clang/host/linux-x86/+/master/GCC_4_9_DEPRECATION.md


  CC      lib/halfmd4.o
Android GCC has been deprecated in favor of Clang, and will be removed from
Android in 2020-01 as per the deprecation plan in:
https://android.googlesource.com/platform/prebuilts/clang/host/linux-x86/+/master/GCC_4_9_DEPRECATION.md


Android GCC has been deprecated in favor of Clang, and will be removed from
Android in 2020-01 as per the deprecation plan in:
https://android.googlesource.com/platform/prebuilts/clang/host/linux-x86/+/master/GCC_4_9_DEPRECATION.md


Android GCC has been deprecated in favor of Clang, and will be removed from
Android in 2020-01 as per the deprecation plan in:
https://android.googlesource.com/platform/prebuilts/clang/host/linux-x86/+/master/GCC_4_9_DEPRECATION.md


Android GCC has been deprecated in favor of Clang, and will be removed from
Android in 2020-01 as per the deprecation plan in:
https://android.googlesource.com/platform/prebuilts/clang/host/linux-x86/+/master/GCC_4_9_DEPRECATION.md


Android GCC has been deprecated in favor of Clang, and will be removed from
Android in 2020-01 as per the deprecation plan in:
https://android.googlesource.com/platform/prebuilts/clang/host/linux-x86/+/master/GCC_4_9_DEPRECATION.md


  CC      fs/fcntl.o
Android GCC has been deprecated in favor of Clang, and will be removed from
Android in 2020-01 as per the deprecation plan in:
https://android.googlesource.com/platform/prebuilts/clang/host/linux-x86/+/master/GCC_4_9_DEPRECATION.md


  CC      drivers/block/zram/zcomp_lzo.o
Android GCC has been deprecated in favor of Clang, and will be removed from
Android in 2020-01 as per the deprecation plan in:
https://android.googlesource.com/platform/prebuilts/clang/host/linux-x86/+/master/GCC_4_9_DEPRECATION.md


Android GCC has been deprecated in favor of Clang, and will be removed from
Android in 2020-01 as per the deprecation plan in:
https://android.googlesource.com/platform/prebuilts/clang/host/linux-x86/+/master/GCC_4_9_DEPRECATION.md


  CC      security/keys/request_key_auth.o
Android GCC has been deprecated in favor of Clang, and will be removed from
Android in 2020-01 as per the deprecation plan in:
https://android.googlesource.com/platform/prebuilts/clang/host/linux-x86/+/master/GCC_4_9_DEPRECATION.md


Android GCC has been deprecated in favor of Clang, and will be removed from
Android in 2020-01 as per the deprecation plan in:
https://android.googlesource.com/platform/prebuilts/clang/host/linux-x86/+/master/GCC_4_9_DEPRECATION.md


  CC      block/blk-softirq.o
  CC      arch/arm/mach-exynos/mach-universal5433.o
In file included from include/trace/define_trace.h:86:0,
                 from include/trace/events/irq.h:150,
                 from kernel/softirq.c:29:
include/trace/events/irq.h: In function 'perf_trace_irq_handler_entry':
include/trace/ftrace.h:653:6: warning: unused variable '__addr' [-Wunused-variable]
  u64 __addr = 0, __count = 1;     \
      ^
include/trace/ftrace.h:32:2: note: in expansion of macro 'DECLARE_EVENT_CLASS'
  DECLARE_EVENT_CLASS(name,          \
  ^
include/trace/events/irq.h:37:1: note: in expansion of macro 'TRACE_EVENT'
 TRACE_EVENT(irq_handler_entry,
 ^
include/trace/events/irq.h: In function 'perf_trace_irq_handler_exit':
include/trace/ftrace.h:653:6: warning: unused variable '__addr' [-Wunused-variable]
  u64 __addr = 0, __count = 1;     \
      ^
include/trace/ftrace.h:32:2: note: in expansion of macro 'DECLARE_EVENT_CLASS'
  DECLARE_EVENT_CLASS(name,          \
  ^
include/trace/events/irq.h:67:1: note: in expansion of macro 'TRACE_EVENT'
 TRACE_EVENT(irq_handler_exit,
 ^
include/trace/events/irq.h: In function 'perf_trace_softirq':
include/trace/ftrace.h:653:6: warning: unused variable '__addr' [-Wunused-variable]
  u64 __addr = 0, __count = 1;     \
      ^
include/trace/events/irq.h:87:1: note: in expansion of macro 'DECLARE_EVENT_CLASS'
 DECLARE_EVENT_CLASS(softirq,
 ^
Android GCC has been deprecated in favor of Clang, and will be removed from
Android in 2020-01 as per the deprecation plan in:
https://android.googlesource.com/platform/prebuilts/clang/host/linux-x86/+/master/GCC_4_9_DEPRECATION.md


  CC      drivers/block/zram/zcomp.o
Android GCC has been deprecated in favor of Clang, and will be removed from
Android in 2020-01 as per the deprecation plan in:
https://android.googlesource.com/platform/prebuilts/clang/host/linux-x86/+/master/GCC_4_9_DEPRECATION.md


  CC      block/blk-timeout.o
  CC      lib/debug_locks.o
Android GCC has been deprecated in favor of Clang, and will be removed from
Android in 2020-01 as per the deprecation plan in:
https://android.googlesource.com/platform/prebuilts/clang/host/linux-x86/+/master/GCC_4_9_DEPRECATION.md


Android GCC has been deprecated in favor of Clang, and will be removed from
Android in 2020-01 as per the deprecation plan in:
https://android.googlesource.com/platform/prebuilts/clang/host/linux-x86/+/master/GCC_4_9_DEPRECATION.md


  CC      mm/truncate.o
Android GCC has been deprecated in favor of Clang, and will be removed from
Android in 2020-01 as per the deprecation plan in:
https://android.googlesource.com/platform/prebuilts/clang/host/linux-x86/+/master/GCC_4_9_DEPRECATION.md

Android GCC has been deprecated in favor of Clang, and will be removed from
Android in 2020-01 as per the deprecation plan in:
https://android.googlesource.com/platform/prebuilts/clang/host/linux-x86/+/master/GCC_4_9_DEPRECATION.md



Android GCC has been deprecated in favor of Clang, and will be removed from
Android in 2020-01 as per the deprecation plan in:
https://android.googlesource.com/platform/prebuilts/clang/host/linux-x86/+/master/GCC_4_9_DEPRECATION.md


Android GCC has been deprecated in favor of Clang, and will be removed from
Android in 2020-01 as per the deprecation plan in:
https://android.googlesource.com/platform/prebuilts/clang/host/linux-x86/+/master/GCC_4_9_DEPRECATION.md


  CC      drivers/block/zram/zram_drv.o
Android GCC has been deprecated in favor of Clang, and will be removed from
Android in 2020-01 as per the deprecation plan in:
https://android.googlesource.com/platform/prebuilts/clang/host/linux-x86/+/master/GCC_4_9_DEPRECATION.md


Android GCC has been deprecated in favor of Clang, and will be removed from
Android in 2020-01 as per the deprecation plan in:
https://android.googlesource.com/platform/prebuilts/clang/host/linux-x86/+/master/GCC_4_9_DEPRECATION.md


  CC      crypto/blkcipher.o
Android GCC has been deprecated in favor of Clang, and will be removed from
Android in 2020-01 as per the deprecation plan in:
https://android.googlesource.com/platform/prebuilts/clang/host/linux-x86/+/master/GCC_4_9_DEPRECATION.md


Android GCC has been deprecated in favor of Clang, and will be removed from
Android in 2020-01 as per the deprecation plan in:
https://android.googlesource.com/platform/prebuilts/clang/host/linux-x86/+/master/GCC_4_9_DEPRECATION.md


Android GCC has been deprecated in favor of Clang, and will be removed from
Android in 2020-01 as per the deprecation plan in:
https://android.googlesource.com/platform/prebuilts/clang/host/linux-x86/+/master/GCC_4_9_DEPRECATION.md


Android GCC has been deprecated in favor of Clang, and will be removed from
Android in 2020-01 as per the deprecation plan in:
https://android.googlesource.com/platform/prebuilts/clang/host/linux-x86/+/master/GCC_4_9_DEPRECATION.md


  CC      net/bluetooth/af_bluetooth.o
Android GCC has been deprecated in favor of Clang, and will be removed from
Android in 2020-01 as per the deprecation plan in:
https://android.googlesource.com/platform/prebuilts/clang/host/linux-x86/+/master/GCC_4_9_DEPRECATION.md


  CC      security/keys/user_defined.o
Android GCC has been deprecated in favor of Clang, and will be removed from
Android in 2020-01 as per the deprecation plan in:
https://android.googlesource.com/platform/prebuilts/clang/host/linux-x86/+/master/GCC_4_9_DEPRECATION.md


Android GCC has been deprecated in favor of Clang, and will be removed from
Android in 2020-01 as per the deprecation plan in:
https://android.googlesource.com/platform/prebuilts/clang/host/linux-x86/+/master/GCC_4_9_DEPRECATION.md


  CC      lib/random32.o
Android GCC has been deprecated in favor of Clang, and will be removed from
Android in 2020-01 as per the deprecation plan in:
https://android.googlesource.com/platform/prebuilts/clang/host/linux-x86/+/master/GCC_4_9_DEPRECATION.md


  AS      arch/arm/kernel/sleep.o
  CC      sound/core/pcm_native.o
Android GCC has been deprecated in favor of Clang, and will be removed from
Android in 2020-01 as per the deprecation plan in:
https://android.googlesource.com/platform/prebuilts/clang/host/linux-x86/+/master/GCC_4_9_DEPRECATION.md


Android GCC has been deprecated in favor of Clang, and will be removed from
Android in 2020-01 as per the deprecation plan in:
https://android.googlesource.com/platform/prebuilts/clang/host/linux-x86/+/master/GCC_4_9_DEPRECATION.md

Android GCC has been deprecated in favor of Clang, and will be removed from
Android in 2020-01 as per the deprecation plan in:
https://android.googlesource.com/platform/prebuilts/clang/host/linux-x86/+/master/GCC_4_9_DEPRECATION.md



  CC      arch/arm/mach-exynos/setup-fimc-is.o
  CC      security/selinux/ss/ebitmap.o
  AS      arch/arm/mm/cache-v7.o
Android GCC has been deprecated in favor of Clang, and will be removed from
Android in 2020-01 as per the deprecation plan in:
https://android.googlesource.com/platform/prebuilts/clang/host/linux-x86/+/master/GCC_4_9_DEPRECATION.md


Android GCC has been deprecated in favor of Clang, and will be removed from
Android in 2020-01 as per the deprecation plan in:
https://android.googlesource.com/platform/prebuilts/clang/host/linux-x86/+/master/GCC_4_9_DEPRECATION.md


Android GCC has been deprecated in favor of Clang, and will be removed from
Android in 2020-01 as per the deprecation plan in:
https://android.googlesource.com/platform/prebuilts/clang/host/linux-x86/+/master/GCC_4_9_DEPRECATION.md


  CC      lib/bust_spinlocks.o
  CC      kernel/resource.o
Android GCC has been deprecated in favor of Clang, and will be removed from
Android in 2020-01 as per the deprecation plan in:
https://android.googlesource.com/platform/prebuilts/clang/host/linux-x86/+/master/GCC_4_9_DEPRECATION.md


  CC      drivers/base/syscore.o
  CC      net/bluetooth/hci_core.o
Android GCC has been deprecated in favor of Clang, and will be removed from
Android in 2020-01 as per the deprecation plan in:
https://android.googlesource.com/platform/prebuilts/clang/host/linux-x86/+/master/GCC_4_9_DEPRECATION.md


Android GCC has been deprecated in favor of Clang, and will be removed from
Android in 2020-01 as per the deprecation plan in:
https://android.googlesource.com/platform/prebuilts/clang/host/linux-x86/+/master/GCC_4_9_DEPRECATION.md


Android GCC has been deprecated in favor of Clang, and will be removed from
Android in 2020-01 as per the deprecation plan in:
https://android.googlesource.com/platform/prebuilts/clang/host/linux-x86/+/master/GCC_4_9_DEPRECATION.md


Android GCC has been deprecated in favor of Clang, and will be removed from
Android in 2020-01 as per the deprecation plan in:
https://android.googlesource.com/platform/prebuilts/clang/host/linux-x86/+/master/GCC_4_9_DEPRECATION.md


Android GCC has been deprecated in favor of Clang, and will be removed from
Android in 2020-01 as per the deprecation plan in:
https://android.googlesource.com/platform/prebuilts/clang/host/linux-x86/+/master/GCC_4_9_DEPRECATION.md


  CC      arch/arm/mm/copypage-v6.o
Android GCC has been deprecated in favor of Clang, and will be removed from
Android in 2020-01 as per the deprecation plan in:
https://android.googlesource.com/platform/prebuilts/clang/host/linux-x86/+/master/GCC_4_9_DEPRECATION.md


Android GCC has been deprecated in favor of Clang, and will be removed from
Android in 2020-01 as per the deprecation plan in:
https://android.googlesource.com/platform/prebuilts/clang/host/linux-x86/+/master/GCC_4_9_DEPRECATION.md


Android GCC has been deprecated in favor of Clang, and will be removed from
Android in 2020-01 as per the deprecation plan in:
https://android.googlesource.com/platform/prebuilts/clang/host/linux-x86/+/master/GCC_4_9_DEPRECATION.md


  CC      drivers/bluetooth/bcm4358.o
Android GCC has been deprecated in favor of Clang, and will be removed from
Android in 2020-01 as per the deprecation plan in:
https://android.googlesource.com/platform/prebuilts/clang/host/linux-x86/+/master/GCC_4_9_DEPRECATION.md


Android GCC has been deprecated in favor of Clang, and will be removed from
Android in 2020-01 as per the deprecation plan in:
https://android.googlesource.com/platform/prebuilts/clang/host/linux-x86/+/master/GCC_4_9_DEPRECATION.md


  CC      arch/arm/kernel/suspend.o
Android GCC has been deprecated in favor of Clang, and will be removed from
Android in 2020-01 as per the deprecation plan in:
https://android.googlesource.com/platform/prebuilts/clang/host/linux-x86/+/master/GCC_4_9_DEPRECATION.md


Android GCC has been deprecated in favor of Clang, and will be removed from
Android in 2020-01 as per the deprecation plan in:
https://android.googlesource.com/platform/prebuilts/clang/host/linux-x86/+/master/GCC_4_9_DEPRECATION.md


Android GCC has been deprecated in favor of Clang, and will be removed from
Android in 2020-01 as per the deprecation plan in:
https://android.googlesource.com/platform/prebuilts/clang/host/linux-x86/+/master/GCC_4_9_DEPRECATION.md


  CC      lib/hexdump.o
Android GCC has been deprecated in favor of Clang, and will be removed from
Android in 2020-01 as per the deprecation plan in:
https://android.googlesource.com/platform/prebuilts/clang/host/linux-x86/+/master/GCC_4_9_DEPRECATION.md


Android GCC has been deprecated in favor of Clang, and will be removed from
Android in 2020-01 as per the deprecation plan in:
https://android.googlesource.com/platform/prebuilts/clang/host/linux-x86/+/master/GCC_4_9_DEPRECATION.md


Android GCC has been deprecated in favor of Clang, and will be removed from
Android in 2020-01 as per the deprecation plan in:
https://android.googlesource.com/platform/prebuilts/clang/host/linux-x86/+/master/GCC_4_9_DEPRECATION.md


  CC      mm/vmscan.o
  CC      block/blk-iopoll.o
  CC      drivers/battery/sec_adc.o
Android GCC has been deprecated in favor of Clang, and will be removed from
Android in 2020-01 as per the deprecation plan in:
https://android.googlesource.com/platform/prebuilts/clang/host/linux-x86/+/master/GCC_4_9_DEPRECATION.md


Android GCC has been deprecated in favor of Clang, and will be removed from
Android in 2020-01 as per the deprecation plan in:
https://android.googlesource.com/platform/prebuilts/clang/host/linux-x86/+/master/GCC_4_9_DEPRECATION.md


Android GCC has been deprecated in favor of Clang, and will be removed from
Android in 2020-01 as per the deprecation plan in:
https://android.googlesource.com/platform/prebuilts/clang/host/linux-x86/+/master/GCC_4_9_DEPRECATION.md


Android GCC has been deprecated in favor of Clang, and will be removed from
Android in 2020-01 as per the deprecation plan in:
https://android.googlesource.com/platform/prebuilts/clang/host/linux-x86/+/master/GCC_4_9_DEPRECATION.md


  CC      mm/shmem.o
  CC      arch/arm/mm/context.o
  CC      security/keys/proc.o
  CC      drivers/base/driver.o
Android GCC has been deprecated in favor of Clang, and will be removed from
Android in 2020-01 as per the deprecation plan in:
https://android.googlesource.com/platform/prebuilts/clang/host/linux-x86/+/master/GCC_4_9_DEPRECATION.md


Android GCC has been deprecated in favor of Clang, and will be removed from
Android in 2020-01 as per the deprecation plan in:
https://android.googlesource.com/platform/prebuilts/clang/host/linux-x86/+/master/GCC_4_9_DEPRECATION.md


Android GCC has been deprecated in favor of Clang, and will be removed from
Android in 2020-01 as per the deprecation plan in:
https://android.googlesource.com/platform/prebuilts/clang/host/linux-x86/+/master/GCC_4_9_DEPRECATION.md


Android GCC has been deprecated in favor of Clang, and will be removed from
Android in 2020-01 as per the deprecation plan in:
https://android.googlesource.com/platform/prebuilts/clang/host/linux-x86/+/master/GCC_4_9_DEPRECATION.md


Android GCC has been deprecated in favor of Clang, and will be removed from
Android in 2020-01 as per the deprecation plan in:
https://android.googlesource.com/platform/prebuilts/clang/host/linux-x86/+/master/GCC_4_9_DEPRECATION.md


  CC      net/core/sock.o
  CC      lib/kasprintf.o
Android GCC has been deprecated in favor of Clang, and will be removed from
Android in 2020-01 as per the deprecation plan in:
https://android.googlesource.com/platform/prebuilts/clang/host/linux-x86/+/master/GCC_4_9_DEPRECATION.md


  CC      net/ethernet/eth.o
Android GCC has been deprecated in favor of Clang, and will be removed from
Android in 2020-01 as per the deprecation plan in:
https://android.googlesource.com/platform/prebuilts/clang/host/linux-x86/+/master/GCC_4_9_DEPRECATION.md


Android GCC has been deprecated in favor of Clang, and will be removed from
Android in 2020-01 as per the deprecation plan in:
https://android.googlesource.com/platform/prebuilts/clang/host/linux-x86/+/master/GCC_4_9_DEPRECATION.md


Android GCC has been deprecated in favor of Clang, and will be removed from
Android in 2020-01 as per the deprecation plan in:
https://android.googlesource.com/platform/prebuilts/clang/host/linux-x86/+/master/GCC_4_9_DEPRECATION.md


Android GCC has been deprecated in favor of Clang, and will be removed from
Android in 2020-01 as per the deprecation plan in:
https://android.googlesource.com/platform/prebuilts/clang/host/linux-x86/+/master/GCC_4_9_DEPRECATION.md


  CC      arch/arm/kernel/smp.o
  CC      block/blk-lib.o
  LD      drivers/android/built-in.o
Android GCC has been deprecated in favor of Clang, and will be removed from
Android in 2020-01 as per the deprecation plan in:
https://android.googlesource.com/platform/prebuilts/clang/host/linux-x86/+/master/GCC_4_9_DEPRECATION.md


Android GCC has been deprecated in favor of Clang, and will be removed from
Android in 2020-01 as per the deprecation plan in:
https://android.googlesource.com/platform/prebuilts/clang/host/linux-x86/+/master/GCC_4_9_DEPRECATION.md


  CC      arch/arm/kernel/smp_tlb.o
  CC      fs/ioctl.o
Android GCC has been deprecated in favor of Clang, and will be removed from
Android in 2020-01 as per the deprecation plan in:
https://android.googlesource.com/platform/prebuilts/clang/host/linux-x86/+/master/GCC_4_9_DEPRECATION.md


  CC      arch/arm/mach-exynos/setup-fimc-is-sensor.o
  CC      arch/arm/mach-exynos/setup-fimc-is-companion.o
Android GCC has been deprecated in favor of Clang, and will be removed from
Android in 2020-01 as per the deprecation plan in:
https://android.googlesource.com/platform/prebuilts/clang/host/linux-x86/+/master/GCC_4_9_DEPRECATION.md


Android GCC has been deprecated in favor of Clang, and will be removed from
Android in 2020-01 as per the deprecation plan in:
https://android.googlesource.com/platform/prebuilts/clang/host/linux-x86/+/master/GCC_4_9_DEPRECATION.md


Android GCC has been deprecated in favor of Clang, and will be removed from
Android in 2020-01 as per the deprecation plan in:
https://android.googlesource.com/platform/prebuilts/clang/host/linux-x86/+/master/GCC_4_9_DEPRECATION.md


Android GCC has been deprecated in favor of Clang, and will be removed from
Android in 2020-01 as per the deprecation plan in:
https://android.googlesource.com/platform/prebuilts/clang/host/linux-x86/+/master/GCC_4_9_DEPRECATION.md


Android GCC has been deprecated in favor of Clang, and will be removed from
Android in 2020-01 as per the deprecation plan in:
https://android.googlesource.com/platform/prebuilts/clang/host/linux-x86/+/master/GCC_4_9_DEPRECATION.md


Android GCC has been deprecated in favor of Clang, and will be removed from
Android in 2020-01 as per the deprecation plan in:
https://android.googlesource.com/platform/prebuilts/clang/host/linux-x86/+/master/GCC_4_9_DEPRECATION.md


  CC      crypto/ahash.o
In file included from include/trace/define_trace.h:86:0,
                 from include/trace/events/vmscan.h:383,
                 from mm/vmscan.c:57:
include/trace/events/vmscan.h: In function 'perf_trace_mm_vmscan_kswapd_sleep':
include/trace/ftrace.h:653:6: warning: unused variable '__addr' [-Wunused-variable]
  u64 __addr = 0, __count = 1;     \
      ^
include/trace/ftrace.h:32:2: note: in expansion of macro 'DECLARE_EVENT_CLASS'
  DECLARE_EVENT_CLASS(name,          \
  ^
include/trace/events/vmscan.h:39:1: note: in expansion of macro 'TRACE_EVENT'
 TRACE_EVENT(mm_vmscan_kswapd_sleep,
 ^
  CC      security/selinux/ss/hashtab.o
include/trace/events/vmscan.h: In function 'perf_trace_mm_vmscan_kswapd_wake':
include/trace/ftrace.h:653:6: warning: unused variable '__addr' [-Wunused-variable]
  u64 __addr = 0, __count = 1;     \
      ^
include/trace/ftrace.h:32:2: note: in expansion of macro 'DECLARE_EVENT_CLASS'
  DECLARE_EVENT_CLASS(name,          \
  ^
include/trace/events/vmscan.h:56:1: note: in expansion of macro 'TRACE_EVENT'
 TRACE_EVENT(mm_vmscan_kswapd_wake,
 ^
include/trace/events/vmscan.h: In function 'perf_trace_mm_vmscan_wakeup_kswapd':
include/trace/ftrace.h:653:6: warning: unused variable '__addr' [-Wunused-variable]
  u64 __addr = 0, __count = 1;     \
      ^
include/trace/ftrace.h:32:2: note: in expansion of macro 'DECLARE_EVENT_CLASS'
  DECLARE_EVENT_CLASS(name,          \
  ^
include/trace/events/vmscan.h:75:1: note: in expansion of macro 'TRACE_EVENT'
 TRACE_EVENT(mm_vmscan_wakeup_kswapd,
 ^
include/trace/events/vmscan.h: In function 'perf_trace_mm_vmscan_direct_reclaim_begin_template':
include/trace/ftrace.h:653:6: warning: unused variable '__addr' [-Wunused-variable]
  u64 __addr = 0, __count = 1;     \
      ^
include/trace/events/vmscan.h:99:1: note: in expansion of macro 'DECLARE_EVENT_CLASS'
 DECLARE_EVENT_CLASS(mm_vmscan_direct_reclaim_begin_template,
 ^
include/trace/events/vmscan.h: In function 'perf_trace_mm_vmscan_direct_reclaim_end_template':
include/trace/ftrace.h:653:6: warning: unused variable '__addr' [-Wunused-variable]
  u64 __addr = 0, __count = 1;     \
      ^
include/trace/events/vmscan.h:144:1: note: in expansion of macro 'DECLARE_EVENT_CLASS'
 DECLARE_EVENT_CLASS(mm_vmscan_direct_reclaim_end_template,
 ^
include/trace/events/vmscan.h: In function 'perf_trace_mm_shrink_slab_start':
include/trace/ftrace.h:653:6: warning: unused variable '__addr' [-Wunused-variable]
  u64 __addr = 0, __count = 1;     \
      ^
include/trace/ftrace.h:32:2: note: in expansion of macro 'DECLARE_EVENT_CLASS'
  DECLARE_EVENT_CLASS(name,          \
  ^
include/trace/events/vmscan.h:182:1: note: in expansion of macro 'TRACE_EVENT'
 TRACE_EVENT(mm_shrink_slab_start,
 ^
include/trace/events/vmscan.h: In function 'perf_trace_mm_shrink_slab_end':
include/trace/ftrace.h:653:6: warning: unused variable '__addr' [-Wunused-variable]
  u64 __addr = 0, __count = 1;     \
      ^
include/trace/ftrace.h:32:2: note: in expansion of macro 'DECLARE_EVENT_CLASS'
  DECLARE_EVENT_CLASS(name,          \
  ^
include/trace/events/vmscan.h:227:1: note: in expansion of macro 'TRACE_EVENT'
 TRACE_EVENT(mm_shrink_slab_end,
 ^
include/trace/events/vmscan.h: In function 'perf_trace_mm_vmscan_lru_isolate_template':
include/trace/ftrace.h:653:6: warning: unused variable '__addr' [-Wunused-variable]
  u64 __addr = 0, __count = 1;     \
      ^
include/trace/events/vmscan.h:260:1: note: in expansion of macro 'DECLARE_EVENT_CLASS'
 DECLARE_EVENT_CLASS(mm_vmscan_lru_isolate_template,
 ^
Android GCC has been deprecated in favor of Clang, and will be removed from
Android in 2020-01 as per the deprecation plan in:
https://android.googlesource.com/platform/prebuilts/clang/host/linux-x86/+/master/GCC_4_9_DEPRECATION.md


include/trace/events/vmscan.h: In function 'perf_trace_mm_vmscan_writepage':
include/trace/ftrace.h:653:6: warning: unused variable '__addr' [-Wunused-variable]
  u64 __addr = 0, __count = 1;     \
      ^
include/trace/ftrace.h:32:2: note: in expansion of macro 'DECLARE_EVENT_CLASS'
  DECLARE_EVENT_CLASS(name,          \
  ^
include/trace/events/vmscan.h:324:1: note: in expansion of macro 'TRACE_EVENT'
 TRACE_EVENT(mm_vmscan_writepage,
 ^
include/trace/events/vmscan.h: In function 'perf_trace_mm_vmscan_lru_shrink_inactive':
include/trace/ftrace.h:653:6: warning: unused variable '__addr' [-Wunused-variable]
  u64 __addr = 0, __count = 1;     \
      ^
include/trace/ftrace.h:32:2: note: in expansion of macro 'DECLARE_EVENT_CLASS'
  DECLARE_EVENT_CLASS(name,          \
  ^
include/trace/events/vmscan.h:347:1: note: in expansion of macro 'TRACE_EVENT'
 TRACE_EVENT(mm_vmscan_lru_shrink_inactive,
 ^
  CC      drivers/battery/max77843_fuelgauge.o
Android GCC has been deprecated in favor of Clang, and will be removed from
Android in 2020-01 as per the deprecation plan in:
https://android.googlesource.com/platform/prebuilts/clang/host/linux-x86/+/master/GCC_4_9_DEPRECATION.md


  AS      arch/arm/mm/tlb-v7.o
Android GCC has been deprecated in favor of Clang, and will be removed from
Android in 2020-01 as per the deprecation plan in:
https://android.googlesource.com/platform/prebuilts/clang/host/linux-x86/+/master/GCC_4_9_DEPRECATION.md


Android GCC has been deprecated in favor of Clang, and will be removed from
Android in 2020-01 as per the deprecation plan in:
https://android.googlesource.com/platform/prebuilts/clang/host/linux-x86/+/master/GCC_4_9_DEPRECATION.md


  CC      lib/bitmap.o
Android GCC has been deprecated in favor of Clang, and will be removed from
Android in 2020-01 as per the deprecation plan in:
https://android.googlesource.com/platform/prebuilts/clang/host/linux-x86/+/master/GCC_4_9_DEPRECATION.md


Android GCC has been deprecated in favor of Clang, and will be removed from
Android in 2020-01 as per the deprecation plan in:
https://android.googlesource.com/platform/prebuilts/clang/host/linux-x86/+/master/GCC_4_9_DEPRECATION.md


  CC      security/keys/sysctl.o
Android GCC has been deprecated in favor of Clang, and will be removed from
Android in 2020-01 as per the deprecation plan in:
https://android.googlesource.com/platform/prebuilts/clang/host/linux-x86/+/master/GCC_4_9_DEPRECATION.md


Android GCC has been deprecated in favor of Clang, and will be removed from
Android in 2020-01 as per the deprecation plan in:
https://android.googlesource.com/platform/prebuilts/clang/host/linux-x86/+/master/GCC_4_9_DEPRECATION.md


Android GCC has been deprecated in favor of Clang, and will be removed from
Android in 2020-01 as per the deprecation plan in:
https://android.googlesource.com/platform/prebuilts/clang/host/linux-x86/+/master/GCC_4_9_DEPRECATION.md


  AS      arch/arm/mm/proc-v7.o
  CC      drivers/block/zram/zcomp_lz4.o
Android GCC has been deprecated in favor of Clang, and will be removed from
Android in 2020-01 as per the deprecation plan in:
https://android.googlesource.com/platform/prebuilts/clang/host/linux-x86/+/master/GCC_4_9_DEPRECATION.md


  LD      drivers/bluetooth/built-in.o
Android GCC has been deprecated in favor of Clang, and will be removed from
Android in 2020-01 as per the deprecation plan in:
https://android.googlesource.com/platform/prebuilts/clang/host/linux-x86/+/master/GCC_4_9_DEPRECATION.md


  CC      lib/scatterlist.o
  CC      drivers/base/class.o
  LD      arch/arm/mm/built-in.o
Android GCC has been deprecated in favor of Clang, and will be removed from
Android in 2020-01 as per the deprecation plan in:
https://android.googlesource.com/platform/prebuilts/clang/host/linux-x86/+/master/GCC_4_9_DEPRECATION.md


Android GCC has been deprecated in favor of Clang, and will be removed from
Android in 2020-01 as per the deprecation plan in:
https://android.googlesource.com/platform/prebuilts/clang/host/linux-x86/+/master/GCC_4_9_DEPRECATION.md


  CC      sound/core/pcm_lib.o
  CC      security/selinux/ss/symtab.o
  CC      block/ioctl.o
  CC      security/security.o
  CC      block/genhd.o
Android GCC has been deprecated in favor of Clang, and will be removed from
Android in 2020-01 as per the deprecation plan in:
https://android.googlesource.com/platform/prebuilts/clang/host/linux-x86/+/master/GCC_4_9_DEPRECATION.md


  CC      kernel/sysctl.o
  LD      security/keys/built-in.o
Android GCC has been deprecated in favor of Clang, and will be removed from
Android in 2020-01 as per the deprecation plan in:
https://android.googlesource.com/platform/prebuilts/clang/host/linux-x86/+/master/GCC_4_9_DEPRECATION.md


Android GCC has been deprecated in favor of Clang, and will be removed from
Android in 2020-01 as per the deprecation plan in:
https://android.googlesource.com/platform/prebuilts/clang/host/linux-x86/+/master/GCC_4_9_DEPRECATION.md


Android GCC has been deprecated in favor of Clang, and will be removed from
Android in 2020-01 as per the deprecation plan in:
https://android.googlesource.com/platform/prebuilts/clang/host/linux-x86/+/master/GCC_4_9_DEPRECATION.md


Android GCC has been deprecated in favor of Clang, and will be removed from
Android in 2020-01 as per the deprecation plan in:
https://android.googlesource.com/platform/prebuilts/clang/host/linux-x86/+/master/GCC_4_9_DEPRECATION.md


  CC      kernel/sysctl_binary.o
Android GCC has been deprecated in favor of Clang, and will be removed from
Android in 2020-01 as per the deprecation plan in:
https://android.googlesource.com/platform/prebuilts/clang/host/linux-x86/+/master/GCC_4_9_DEPRECATION.md


  CC      net/core/request_sock.o
Android GCC has been deprecated in favor of Clang, and will be removed from
Android in 2020-01 as per the deprecation plan in:
https://android.googlesource.com/platform/prebuilts/clang/host/linux-x86/+/master/GCC_4_9_DEPRECATION.md


Android GCC has been deprecated in favor of Clang, and will be removed from
Android in 2020-01 as per the deprecation plan in:
https://android.googlesource.com/platform/prebuilts/clang/host/linux-x86/+/master/GCC_4_9_DEPRECATION.md


  CC      security/selinux/ss/sidtab.o
  CC      arch/arm/mach-exynos/dev-uart.o
Android GCC has been deprecated in favor of Clang, and will be removed from
Android in 2020-01 as per the deprecation plan in:
https://android.googlesource.com/platform/prebuilts/clang/host/linux-x86/+/master/GCC_4_9_DEPRECATION.md


Android GCC has been deprecated in favor of Clang, and will be removed from
Android in 2020-01 as per the deprecation plan in:
https://android.googlesource.com/platform/prebuilts/clang/host/linux-x86/+/master/GCC_4_9_DEPRECATION.md


Android GCC has been deprecated in favor of Clang, and will be removed from
Android in 2020-01 as per the deprecation plan in:
https://android.googlesource.com/platform/prebuilts/clang/host/linux-x86/+/master/GCC_4_9_DEPRECATION.md


  LD      drivers/block/zram/zram.o
  LD      drivers/block/zram/built-in.o
  LD      drivers/block/built-in.o
  CC      arch/arm/kernel/smp_scu.o
Android GCC has been deprecated in favor of Clang, and will be removed from
Android in 2020-01 as per the deprecation plan in:
https://android.googlesource.com/platform/prebuilts/clang/host/linux-x86/+/master/GCC_4_9_DEPRECATION.md


  CC      block/scsi_ioctl.o
Android GCC has been deprecated in favor of Clang, and will be removed from
Android in 2020-01 as per the deprecation plan in:
https://android.googlesource.com/platform/prebuilts/clang/host/linux-x86/+/master/GCC_4_9_DEPRECATION.md


Android GCC has been deprecated in favor of Clang, and will be removed from
Android in 2020-01 as per the deprecation plan in:
https://android.googlesource.com/platform/prebuilts/clang/host/linux-x86/+/master/GCC_4_9_DEPRECATION.md


Android GCC has been deprecated in favor of Clang, and will be removed from
Android in 2020-01 as per the deprecation plan in:
https://android.googlesource.com/platform/prebuilts/clang/host/linux-x86/+/master/GCC_4_9_DEPRECATION.md


Android GCC has been deprecated in favor of Clang, and will be removed from
Android in 2020-01 as per the deprecation plan in:
https://android.googlesource.com/platform/prebuilts/clang/host/linux-x86/+/master/GCC_4_9_DEPRECATION.md


Android GCC has been deprecated in favor of Clang, and will be removed from
Android in 2020-01 as per the deprecation plan in:
https://android.googlesource.com/platform/prebuilts/clang/host/linux-x86/+/master/GCC_4_9_DEPRECATION.md


Android GCC has been deprecated in favor of Clang, and will be removed from
Android in 2020-01 as per the deprecation plan in:
https://android.googlesource.com/platform/prebuilts/clang/host/linux-x86/+/master/GCC_4_9_DEPRECATION.md


  CC      arch/arm/mach-exynos/dev-fimg2d.o
  CC      net/bluetooth/hci_conn.o
Android GCC has been deprecated in favor of Clang, and will be removed from
Android in 2020-01 as per the deprecation plan in:
https://android.googlesource.com/platform/prebuilts/clang/host/linux-x86/+/master/GCC_4_9_DEPRECATION.md


Android GCC has been deprecated in favor of Clang, and will be removed from
Android in 2020-01 as per the deprecation plan in:
https://android.googlesource.com/platform/prebuilts/clang/host/linux-x86/+/master/GCC_4_9_DEPRECATION.md


Android GCC has been deprecated in favor of Clang, and will be removed from
Android in 2020-01 as per the deprecation plan in:
https://android.googlesource.com/platform/prebuilts/clang/host/linux-x86/+/master/GCC_4_9_DEPRECATION.md


  CC      arch/arm/kernel/devtree.o
  CC      fs/readdir.o
  CC      drivers/base/platform.o
  LD      net/ethernet/built-in.o
Android GCC has been deprecated in favor of Clang, and will be removed from
Android in 2020-01 as per the deprecation plan in:
https://android.googlesource.com/platform/prebuilts/clang/host/linux-x86/+/master/GCC_4_9_DEPRECATION.md


  CC      drivers/base/cpu.o
Android GCC has been deprecated in favor of Clang, and will be removed from
Android in 2020-01 as per the deprecation plan in:
https://android.googlesource.com/platform/prebuilts/clang/host/linux-x86/+/master/GCC_4_9_DEPRECATION.md


Android GCC has been deprecated in favor of Clang, and will be removed from
Android in 2020-01 as per the deprecation plan in:
https://android.googlesource.com/platform/prebuilts/clang/host/linux-x86/+/master/GCC_4_9_DEPRECATION.md


Android GCC has been deprecated in favor of Clang, and will be removed from
Android in 2020-01 as per the deprecation plan in:
https://android.googlesource.com/platform/prebuilts/clang/host/linux-x86/+/master/GCC_4_9_DEPRECATION.md


  CC      lib/gcd.o
  CC      crypto/shash.o
Android GCC has been deprecated in favor of Clang, and will be removed from
Android in 2020-01 as per the deprecation plan in:
https://android.googlesource.com/platform/prebuilts/clang/host/linux-x86/+/master/GCC_4_9_DEPRECATION.md


Android GCC has been deprecated in favor of Clang, and will be removed from
Android in 2020-01 as per the deprecation plan in:
https://android.googlesource.com/platform/prebuilts/clang/host/linux-x86/+/master/GCC_4_9_DEPRECATION.md


Android GCC has been deprecated in favor of Clang, and will be removed from
Android in 2020-01 as per the deprecation plan in:
https://android.googlesource.com/platform/prebuilts/clang/host/linux-x86/+/master/GCC_4_9_DEPRECATION.md


  CC      net/ipv4/route.o
  CC      mm/util.o
Android GCC has been deprecated in favor of Clang, and will be removed from
Android in 2020-01 as per the deprecation plan in:
https://android.googlesource.com/platform/prebuilts/clang/host/linux-x86/+/master/GCC_4_9_DEPRECATION.md


Android GCC has been deprecated in favor of Clang, and will be removed from
Android in 2020-01 as per the deprecation plan in:
https://android.googlesource.com/platform/prebuilts/clang/host/linux-x86/+/master/GCC_4_9_DEPRECATION.md


Android GCC has been deprecated in favor of Clang, and will be removed from
Android in 2020-01 as per the deprecation plan in:
https://android.googlesource.com/platform/prebuilts/clang/host/linux-x86/+/master/GCC_4_9_DEPRECATION.md


Android GCC has been deprecated in favor of Clang, and will be removed from
Android in 2020-01 as per the deprecation plan in:
https://android.googlesource.com/platform/prebuilts/clang/host/linux-x86/+/master/GCC_4_9_DEPRECATION.md


  CC      arch/arm/mach-exynos/setup-i2c0.o
  CC      drivers/base/firmware.o
  CC      lib/lcm.o
Android GCC has been deprecated in favor of Clang, and will be removed from
Android in 2020-01 as per the deprecation plan in:
https://android.googlesource.com/platform/prebuilts/clang/host/linux-x86/+/master/GCC_4_9_DEPRECATION.md


  CC      security/selinux/ss/avtab.o
Android GCC has been deprecated in favor of Clang, and will be removed from
Android in 2020-01 as per the deprecation plan in:
https://android.googlesource.com/platform/prebuilts/clang/host/linux-x86/+/master/GCC_4_9_DEPRECATION.md


Android GCC has been deprecated in favor of Clang, and will be removed from
Android in 2020-01 as per the deprecation plan in:
https://android.googlesource.com/platform/prebuilts/clang/host/linux-x86/+/master/GCC_4_9_DEPRECATION.md


Android GCC has been deprecated in favor of Clang, and will be removed from
Android in 2020-01 as per the deprecation plan in:
https://android.googlesource.com/platform/prebuilts/clang/host/linux-x86/+/master/GCC_4_9_DEPRECATION.md


Android GCC has been deprecated in favor of Clang, and will be removed from
Android in 2020-01 as per the deprecation plan in:
https://android.googlesource.com/platform/prebuilts/clang/host/linux-x86/+/master/GCC_4_9_DEPRECATION.md


  CC      drivers/battery/max77843_charger.o
Android GCC has been deprecated in favor of Clang, and will be removed from
Android in 2020-01 as per the deprecation plan in:
https://android.googlesource.com/platform/prebuilts/clang/host/linux-x86/+/master/GCC_4_9_DEPRECATION.md


Android GCC has been deprecated in favor of Clang, and will be removed from
Android in 2020-01 as per the deprecation plan in:
https://android.googlesource.com/platform/prebuilts/clang/host/linux-x86/+/master/GCC_4_9_DEPRECATION.md


Android GCC has been deprecated in favor of Clang, and will be removed from
Android in 2020-01 as per the deprecation plan in:
https://android.googlesource.com/platform/prebuilts/clang/host/linux-x86/+/master/GCC_4_9_DEPRECATION.md


Android GCC has been deprecated in favor of Clang, and will be removed from
Android in 2020-01 as per the deprecation plan in:
https://android.googlesource.com/platform/prebuilts/clang/host/linux-x86/+/master/GCC_4_9_DEPRECATION.md


Android GCC has been deprecated in favor of Clang, and will be removed from
Android in 2020-01 as per the deprecation plan in:
https://android.googlesource.com/platform/prebuilts/clang/host/linux-x86/+/master/GCC_4_9_DEPRECATION.md


  CC      arch/arm/kernel/swp_emulate.o
Android GCC has been deprecated in favor of Clang, and will be removed from
Android in 2020-01 as per the deprecation plan in:
https://android.googlesource.com/platform/prebuilts/clang/host/linux-x86/+/master/GCC_4_9_DEPRECATION.md


  CC      arch/arm/mach-exynos/setup-exynos5-mipiphy.o
In file included from include/trace/define_trace.h:86:0,
                 from include/trace/events/kmem.h:308,
                 from mm/util.c:16:
include/trace/events/kmem.h: In function 'perf_trace_kmem_alloc':
include/trace/ftrace.h:653:6: warning: unused variable '__addr' [-Wunused-variable]
  u64 __addr = 0, __count = 1;     \
      ^
include/trace/events/kmem.h:11:1: note: in expansion of macro 'DECLARE_EVENT_CLASS'
 DECLARE_EVENT_CLASS(kmem_alloc,
 ^
include/trace/events/kmem.h: In function 'perf_trace_kmem_alloc_node':
include/trace/ftrace.h:653:6: warning: unused variable '__addr' [-Wunused-variable]
  u64 __addr = 0, __count = 1;     \
      ^
include/trace/events/kmem.h:61:1: note: in expansion of macro 'DECLARE_EVENT_CLASS'
 DECLARE_EVENT_CLASS(kmem_alloc_node,
 ^
include/trace/events/kmem.h: In function 'perf_trace_kmem_free':
include/trace/ftrace.h:653:6: warning: unused variable '__addr' [-Wunused-variable]
  u64 __addr = 0, __count = 1;     \
      ^
include/trace/events/kmem.h:117:1: note: in expansion of macro 'DECLARE_EVENT_CLASS'
 DECLARE_EVENT_CLASS(kmem_free,
 ^
include/trace/events/kmem.h: In function 'perf_trace_mm_page_free':
include/trace/ftrace.h:653:6: warning: unused variable '__addr' [-Wunused-variable]
  u64 __addr = 0, __count = 1;     \
      ^
include/trace/ftrace.h:32:2: note: in expansion of macro 'DECLARE_EVENT_CLASS'
  DECLARE_EVENT_CLASS(name,          \
  ^
include/trace/events/kmem.h:150:1: note: in expansion of macro 'TRACE_EVENT'
 TRACE_EVENT(mm_page_free,
 ^
include/trace/events/kmem.h: In function 'perf_trace_mm_page_free_batched':
include/trace/ftrace.h:653:6: warning: unused variable '__addr' [-Wunused-variable]
  u64 __addr = 0, __count = 1;     \
      ^
include/trace/ftrace.h:32:2: note: in expansion of macro 'DECLARE_EVENT_CLASS'
  DECLARE_EVENT_CLASS(name,          \
  ^
include/trace/events/kmem.h:172:1: note: in expansion of macro 'TRACE_EVENT'
 TRACE_EVENT(mm_page_free_batched,
 ^
include/trace/events/kmem.h: In function 'perf_trace_mm_page_alloc':
include/trace/ftrace.h:653:6: warning: unused variable '__addr' [-Wunused-variable]
  u64 __addr = 0, __count = 1;     \
      ^
include/trace/ftrace.h:32:2: note: in expansion of macro 'DECLARE_EVENT_CLASS'
  DECLARE_EVENT_CLASS(name,          \
  ^
include/trace/events/kmem.h:194:1: note: in expansion of macro 'TRACE_EVENT'
 TRACE_EVENT(mm_page_alloc,
 ^
include/trace/events/kmem.h: In function 'perf_trace_mm_page':
include/trace/ftrace.h:653:6: warning: unused variable '__addr' [-Wunused-variable]
  u64 __addr = 0, __count = 1;     \
      ^
include/trace/events/kmem.h:223:1: note: in expansion of macro 'DECLARE_EVENT_CLASS'
 DECLARE_EVENT_CLASS(mm_page,
 ^
include/trace/events/kmem.h: In function 'perf_trace_mm_page_alloc_extfrag':
include/trace/ftrace.h:653:6: warning: unused variable '__addr' [-Wunused-variable]
  u64 __addr = 0, __count = 1;     \
      ^
include/trace/ftrace.h:32:2: note: in expansion of macro 'DECLARE_EVENT_CLASS'
  DECLARE_EVENT_CLASS(name,          \
  ^
include/trace/events/kmem.h:267:1: note: in expansion of macro 'TRACE_EVENT'
 TRACE_EVENT(mm_page_alloc_extfrag,
 ^
Android GCC has been deprecated in favor of Clang, and will be removed from
Android in 2020-01 as per the deprecation plan in:
https://android.googlesource.com/platform/prebuilts/clang/host/linux-x86/+/master/GCC_4_9_DEPRECATION.md


Android GCC has been deprecated in favor of Clang, and will be removed from
Android in 2020-01 as per the deprecation plan in:
https://android.googlesource.com/platform/prebuilts/clang/host/linux-x86/+/master/GCC_4_9_DEPRECATION.md


Android GCC has been deprecated in favor of Clang, and will be removed from
Android in 2020-01 as per the deprecation plan in:
https://android.googlesource.com/platform/prebuilts/clang/host/linux-x86/+/master/GCC_4_9_DEPRECATION.md


  CC      drivers/base/init.o
Android GCC has been deprecated in favor of Clang, and will be removed from
Android in 2020-01 as per the deprecation plan in:
https://android.googlesource.com/platform/prebuilts/clang/host/linux-x86/+/master/GCC_4_9_DEPRECATION.md


  CC      arch/arm/kernel/hw_breakpoint.o
  CC      lib/list_sort.o
Android GCC has been deprecated in favor of Clang, and will be removed from
Android in 2020-01 as per the deprecation plan in:
https://android.googlesource.com/platform/prebuilts/clang/host/linux-x86/+/master/GCC_4_9_DEPRECATION.md


Android GCC has been deprecated in favor of Clang, and will be removed from
Android in 2020-01 as per the deprecation plan in:
https://android.googlesource.com/platform/prebuilts/clang/host/linux-x86/+/master/GCC_4_9_DEPRECATION.md


Android GCC has been deprecated in favor of Clang, and will be removed from
Android in 2020-01 as per the deprecation plan in:
https://android.googlesource.com/platform/prebuilts/clang/host/linux-x86/+/master/GCC_4_9_DEPRECATION.md


Android GCC has been deprecated in favor of Clang, and will be removed from
Android in 2020-01 as per the deprecation plan in:
https://android.googlesource.com/platform/prebuilts/clang/host/linux-x86/+/master/GCC_4_9_DEPRECATION.md


Android GCC has been deprecated in favor of Clang, and will be removed from
Android in 2020-01 as per the deprecation plan in:
https://android.googlesource.com/platform/prebuilts/clang/host/linux-x86/+/master/GCC_4_9_DEPRECATION.md


  CC      net/ipv4/inetpeer.o
  CC      sound/core/pcm_timer.o
Android GCC has been deprecated in favor of Clang, and will be removed from
Android in 2020-01 as per the deprecation plan in:
https://android.googlesource.com/platform/prebuilts/clang/host/linux-x86/+/master/GCC_4_9_DEPRECATION.md


  CC      net/core/skbuff.o
  CC      arch/arm/kernel/perf_event.o
Android GCC has been deprecated in favor of Clang, and will be removed from
Android in 2020-01 as per the deprecation plan in:
https://android.googlesource.com/platform/prebuilts/clang/host/linux-x86/+/master/GCC_4_9_DEPRECATION.md


Android GCC has been deprecated in favor of Clang, and will be removed from
Android in 2020-01 as per the deprecation plan in:
https://android.googlesource.com/platform/prebuilts/clang/host/linux-x86/+/master/GCC_4_9_DEPRECATION.md


Android GCC has been deprecated in favor of Clang, and will be removed from
Android in 2020-01 as per the deprecation plan in:
https://android.googlesource.com/platform/prebuilts/clang/host/linux-x86/+/master/GCC_4_9_DEPRECATION.md


Android GCC has been deprecated in favor of Clang, and will be removed from
Android in 2020-01 as per the deprecation plan in:
https://android.googlesource.com/platform/prebuilts/clang/host/linux-x86/+/master/GCC_4_9_DEPRECATION.md


Android GCC has been deprecated in favor of Clang, and will be removed from
Android in 2020-01 as per the deprecation plan in:
https://android.googlesource.com/platform/prebuilts/clang/host/linux-x86/+/master/GCC_4_9_DEPRECATION.md


Android GCC has been deprecated in favor of Clang, and will be removed from
Android in 2020-01 as per the deprecation plan in:
https://android.googlesource.com/platform/prebuilts/clang/host/linux-x86/+/master/GCC_4_9_DEPRECATION.md


  CC      fs/select.o
  CC      block/partition-generic.o
  CC      arch/arm/kernel/perf_event_cpu.o
Android GCC has been deprecated in favor of Clang, and will be removed from
Android in 2020-01 as per the deprecation plan in:
https://android.googlesource.com/platform/prebuilts/clang/host/linux-x86/+/master/GCC_4_9_DEPRECATION.md


Android GCC has been deprecated in favor of Clang, and will be removed from
Android in 2020-01 as per the deprecation plan in:
https://android.googlesource.com/platform/prebuilts/clang/host/linux-x86/+/master/GCC_4_9_DEPRECATION.md


Android GCC has been deprecated in favor of Clang, and will be removed from
Android in 2020-01 as per the deprecation plan in:
https://android.googlesource.com/platform/prebuilts/clang/host/linux-x86/+/master/GCC_4_9_DEPRECATION.md


Android GCC has been deprecated in favor of Clang, and will be removed from
Android in 2020-01 as per the deprecation plan in:
https://android.googlesource.com/platform/prebuilts/clang/host/linux-x86/+/master/GCC_4_9_DEPRECATION.md


Android GCC has been deprecated in favor of Clang, and will be removed from
Android in 2020-01 as per the deprecation plan in:
https://android.googlesource.com/platform/prebuilts/clang/host/linux-x86/+/master/GCC_4_9_DEPRECATION.md


Android GCC has been deprecated in favor of Clang, and will be removed from
Android in 2020-01 as per the deprecation plan in:
https://android.googlesource.com/platform/prebuilts/clang/host/linux-x86/+/master/GCC_4_9_DEPRECATION.md


Android GCC has been deprecated in favor of Clang, and will be removed from
Android in 2020-01 as per the deprecation plan in:
https://android.googlesource.com/platform/prebuilts/clang/host/linux-x86/+/master/GCC_4_9_DEPRECATION.md


  CC      kernel/capability.o
  CC      drivers/base/map.o
Android GCC has been deprecated in favor of Clang, and will be removed from
Android in 2020-01 as per the deprecation plan in:
https://android.googlesource.com/platform/prebuilts/clang/host/linux-x86/+/master/GCC_4_9_DEPRECATION.md


Android GCC has been deprecated in favor of Clang, and will be removed from
Android in 2020-01 as per the deprecation plan in:
https://android.googlesource.com/platform/prebuilts/clang/host/linux-x86/+/master/GCC_4_9_DEPRECATION.md


Android GCC has been deprecated in favor of Clang, and will be removed from
Android in 2020-01 as per the deprecation plan in:
https://android.googlesource.com/platform/prebuilts/clang/host/linux-x86/+/master/GCC_4_9_DEPRECATION.md


  CC      drivers/char/mem.o
  CC      kernel/ptrace.o
  CC      arch/arm/mach-exynos/secmem.o
  CC      crypto/algboss.o
Android GCC has been deprecated in favor of Clang, and will be removed from
Android in 2020-01 as per the deprecation plan in:
https://android.googlesource.com/platform/prebuilts/clang/host/linux-x86/+/master/GCC_4_9_DEPRECATION.md


  CC      lib/uuid.o
Android GCC has been deprecated in favor of Clang, and will be removed from
Android in 2020-01 as per the deprecation plan in:
https://android.googlesource.com/platform/prebuilts/clang/host/linux-x86/+/master/GCC_4_9_DEPRECATION.md


Android GCC has been deprecated in favor of Clang, and will be removed from
Android in 2020-01 as per the deprecation plan in:
https://android.googlesource.com/platform/prebuilts/clang/host/linux-x86/+/master/GCC_4_9_DEPRECATION.md


Android GCC has been deprecated in favor of Clang, and will be removed from
Android in 2020-01 as per the deprecation plan in:
https://android.googlesource.com/platform/prebuilts/clang/host/linux-x86/+/master/GCC_4_9_DEPRECATION.md


Android GCC has been deprecated in favor of Clang, and will be removed from
Android in 2020-01 as per the deprecation plan in:
https://android.googlesource.com/platform/prebuilts/clang/host/linux-x86/+/master/GCC_4_9_DEPRECATION.md


  CC      security/selinux/ss/policydb.o
Android GCC has been deprecated in favor of Clang, and will be removed from
Android in 2020-01 as per the deprecation plan in:
https://android.googlesource.com/platform/prebuilts/clang/host/linux-x86/+/master/GCC_4_9_DEPRECATION.md


Android GCC has been deprecated in favor of Clang, and will be removed from
Android in 2020-01 as per the deprecation plan in:
https://android.googlesource.com/platform/prebuilts/clang/host/linux-x86/+/master/GCC_4_9_DEPRECATION.md


  CC      sound/core/pcm_misc.o
  CC      drivers/char/random.o
  CC      drivers/clk/clk-devres.o
Android GCC has been deprecated in favor of Clang, and will be removed from
Android in 2020-01 as per the deprecation plan in:
https://android.googlesource.com/platform/prebuilts/clang/host/linux-x86/+/master/GCC_4_9_DEPRECATION.md


Android GCC has been deprecated in favor of Clang, and will be removed from
Android in 2020-01 as per the deprecation plan in:
https://android.googlesource.com/platform/prebuilts/clang/host/linux-x86/+/master/GCC_4_9_DEPRECATION.md


Android GCC has been deprecated in favor of Clang, and will be removed from
Android in 2020-01 as per the deprecation plan in:
https://android.googlesource.com/platform/prebuilts/clang/host/linux-x86/+/master/GCC_4_9_DEPRECATION.md


Android GCC has been deprecated in favor of Clang, and will be removed from
Android in 2020-01 as per the deprecation plan in:
https://android.googlesource.com/platform/prebuilts/clang/host/linux-x86/+/master/GCC_4_9_DEPRECATION.md


Android GCC has been deprecated in favor of Clang, and will be removed from
Android in 2020-01 as per the deprecation plan in:
https://android.googlesource.com/platform/prebuilts/clang/host/linux-x86/+/master/GCC_4_9_DEPRECATION.md


  CC      security/capability.o
  CC      drivers/char/misc.o
  CC      drivers/base/devres.o
  CC      lib/flex_array.o
  CC      net/bluetooth/hci_event.o
Android GCC has been deprecated in favor of Clang, and will be removed from
Android in 2020-01 as per the deprecation plan in:
https://android.googlesource.com/platform/prebuilts/clang/host/linux-x86/+/master/GCC_4_9_DEPRECATION.md


Android GCC has been deprecated in favor of Clang, and will be removed from
Android in 2020-01 as per the deprecation plan in:
https://android.googlesource.com/platform/prebuilts/clang/host/linux-x86/+/master/GCC_4_9_DEPRECATION.md


Android GCC has been deprecated in favor of Clang, and will be removed from
Android in 2020-01 as per the deprecation plan in:
https://android.googlesource.com/platform/prebuilts/clang/host/linux-x86/+/master/GCC_4_9_DEPRECATION.md


Android GCC has been deprecated in favor of Clang, and will be removed from
Android in 2020-01 as per the deprecation plan in:
https://android.googlesource.com/platform/prebuilts/clang/host/linux-x86/+/master/GCC_4_9_DEPRECATION.md


Android GCC has been deprecated in favor of Clang, and will be removed from
Android in 2020-01 as per the deprecation plan in:
https://android.googlesource.com/platform/prebuilts/clang/host/linux-x86/+/master/GCC_4_9_DEPRECATION.md


  CC      drivers/char/hw_random/core.o
Android GCC has been deprecated in favor of Clang, and will be removed from
Android in 2020-01 as per the deprecation plan in:
https://android.googlesource.com/platform/prebuilts/clang/host/linux-x86/+/master/GCC_4_9_DEPRECATION.md


  CC      mm/mmzone.o
Android GCC has been deprecated in favor of Clang, and will be removed from
Android in 2020-01 as per the deprecation plan in:
https://android.googlesource.com/platform/prebuilts/clang/host/linux-x86/+/master/GCC_4_9_DEPRECATION.md


Android GCC has been deprecated in favor of Clang, and will be removed from
Android in 2020-01 as per the deprecation plan in:
https://android.googlesource.com/platform/prebuilts/clang/host/linux-x86/+/master/GCC_4_9_DEPRECATION.md


Android GCC has been deprecated in favor of Clang, and will be removed from
Android in 2020-01 as per the deprecation plan in:
https://android.googlesource.com/platform/prebuilts/clang/host/linux-x86/+/master/GCC_4_9_DEPRECATION.md


  LD      drivers/battery/built-in.o
In file included from include/trace/define_trace.h:86:0,
                 from include/trace/events/random.h:315,
                 from drivers/char/random.c:275:
include/trace/events/random.h: In function 'perf_trace_add_device_randomness':
include/trace/ftrace.h:653:6: warning: unused variable '__addr' [-Wunused-variable]
  u64 __addr = 0, __count = 1;     \
      ^
include/trace/ftrace.h:32:2: note: in expansion of macro 'DECLARE_EVENT_CLASS'
  DECLARE_EVENT_CLASS(name,          \
  ^
include/trace/events/random.h:10:1: note: in expansion of macro 'TRACE_EVENT'
 TRACE_EVENT(add_device_randomness,
 ^
include/trace/events/random.h: In function 'perf_trace_random__mix_pool_bytes':
include/trace/ftrace.h:653:6: warning: unused variable '__addr' [-Wunused-variable]
  u64 __addr = 0, __count = 1;     \
      ^
include/trace/events/random.h:29:1: note: in expansion of macro 'DECLARE_EVENT_CLASS'
 DECLARE_EVENT_CLASS(random__mix_pool_bytes,
 ^
include/trace/events/random.h: In function 'perf_trace_credit_entropy_bits':
include/trace/ftrace.h:653:6: warning: unused variable '__addr' [-Wunused-variable]
  u64 __addr = 0, __count = 1;     \
      ^
include/trace/ftrace.h:32:2: note: in expansion of macro 'DECLARE_EVENT_CLASS'
  DECLARE_EVENT_CLASS(name,          \
  ^
include/trace/events/random.h:62:1: note: in expansion of macro 'TRACE_EVENT'
 TRACE_EVENT(credit_entropy_bits,
 ^
include/trace/events/random.h: In function 'perf_trace_push_to_pool':
include/trace/ftrace.h:653:6: warning: unused variable '__addr' [-Wunused-variable]
  u64 __addr = 0, __count = 1;     \
      ^
include/trace/ftrace.h:32:2: note: in expansion of macro 'DECLARE_EVENT_CLASS'
  DECLARE_EVENT_CLASS(name,          \
  ^
include/trace/events/random.h:90:1: note: in expansion of macro 'TRACE_EVENT'
 TRACE_EVENT(push_to_pool,
 ^
include/trace/events/random.h: In function 'perf_trace_debit_entropy':
include/trace/ftrace.h:653:6: warning: unused variable '__addr' [-Wunused-variable]
  u64 __addr = 0, __count = 1;     \
      ^
include/trace/ftrace.h:32:2: note: in expansion of macro 'DECLARE_EVENT_CLASS'
  DECLARE_EVENT_CLASS(name,          \
  ^
include/trace/events/random.h:112:1: note: in expansion of macro 'TRACE_EVENT'
 TRACE_EVENT(debit_entropy,
 ^
include/trace/events/random.h: In function 'perf_trace_add_input_randomness':
include/trace/ftrace.h:653:6: warning: unused variable '__addr' [-Wunused-variable]
  u64 __addr = 0, __count = 1;     \
      ^
include/trace/ftrace.h:32:2: note: in expansion of macro 'DECLARE_EVENT_CLASS'
  DECLARE_EVENT_CLASS(name,          \
  ^
include/trace/events/random.h:131:1: note: in expansion of macro 'TRACE_EVENT'
 TRACE_EVENT(add_input_randomness,
 ^
include/trace/events/random.h: In function 'perf_trace_add_disk_randomness':
include/trace/ftrace.h:653:6: warning: unused variable '__addr' [-Wunused-variable]
  u64 __addr = 0, __count = 1;     \
      ^
include/trace/ftrace.h:32:2: note: in expansion of macro 'DECLARE_EVENT_CLASS'
  DECLARE_EVENT_CLASS(name,          \
  ^
include/trace/events/random.h:147:1: note: in expansion of macro 'TRACE_EVENT'
 TRACE_EVENT(add_disk_randomness,
 ^
include/trace/events/random.h: In function 'perf_trace_xfer_secondary_pool':
include/trace/ftrace.h:653:6: warning: unused variable '__addr' [-Wunused-variable]
  u64 __addr = 0, __count = 1;     \
      ^
include/trace/ftrace.h:32:2: note: in expansion of macro 'DECLARE_EVENT_CLASS'
  DECLARE_EVENT_CLASS(name,          \
  ^
include/trace/events/random.h:166:1: note: in expansion of macro 'TRACE_EVENT'
 TRACE_EVENT(xfer_secondary_pool,
 ^
include/trace/events/random.h: In function 'perf_trace_random__get_random_bytes':
include/trace/ftrace.h:653:6: warning: unused variable '__addr' [-Wunused-variable]
  u64 __addr = 0, __count = 1;     \
      ^
include/trace/events/random.h:195:1: note: in expansion of macro 'DECLARE_EVENT_CLASS'
 DECLARE_EVENT_CLASS(random__get_random_bytes,
 ^
include/trace/events/random.h: In function 'perf_trace_random__extract_entropy':
include/trace/ftrace.h:653:6: warning: unused variable '__addr' [-Wunused-variable]
  u64 __addr = 0, __count = 1;     \
      ^
include/trace/events/random.h:225:1: note: in expansion of macro 'DECLARE_EVENT_CLASS'
 DECLARE_EVENT_CLASS(random__extract_entropy,
 ^
include/trace/events/random.h: In function 'perf_trace_random_read':
include/trace/ftrace.h:653:6: warning: unused variable '__addr' [-Wunused-variable]
  u64 __addr = 0, __count = 1;     \
      ^
include/trace/ftrace.h:32:2: note: in expansion of macro 'DECLARE_EVENT_CLASS'
  DECLARE_EVENT_CLASS(name,          \
  ^
include/trace/events/random.h:265:1: note: in expansion of macro 'TRACE_EVENT'
 TRACE_EVENT(random_read,
 ^
include/trace/events/random.h: In function 'perf_trace_urandom_read':
include/trace/ftrace.h:653:6: warning: unused variable '__addr' [-Wunused-variable]
  u64 __addr = 0, __count = 1;     \
      ^
include/trace/ftrace.h:32:2: note: in expansion of macro 'DECLARE_EVENT_CLASS'
  DECLARE_EVENT_CLASS(name,          \
  ^
include/trace/events/random.h:290:1: note: in expansion of macro 'TRACE_EVENT'
 TRACE_EVENT(urandom_read,
 ^
Android GCC has been deprecated in favor of Clang, and will be removed from
Android in 2020-01 as per the deprecation plan in:
https://android.googlesource.com/platform/prebuilts/clang/host/linux-x86/+/master/GCC_4_9_DEPRECATION.md


  CC      net/key/af_key.o
Android GCC has been deprecated in favor of Clang, and will be removed from
Android in 2020-01 as per the deprecation plan in:
https://android.googlesource.com/platform/prebuilts/clang/host/linux-x86/+/master/GCC_4_9_DEPRECATION.md


  CC      drivers/char/hw_random/exyswd-rng.o
Android GCC has been deprecated in favor of Clang, and will be removed from
Android in 2020-01 as per the deprecation plan in:
https://android.googlesource.com/platform/prebuilts/clang/host/linux-x86/+/master/GCC_4_9_DEPRECATION.md


Android GCC has been deprecated in favor of Clang, and will be removed from
Android in 2020-01 as per the deprecation plan in:
https://android.googlesource.com/platform/prebuilts/clang/host/linux-x86/+/master/GCC_4_9_DEPRECATION.md


Android GCC has been deprecated in favor of Clang, and will be removed from
Android in 2020-01 as per the deprecation plan in:
https://android.googlesource.com/platform/prebuilts/clang/host/linux-x86/+/master/GCC_4_9_DEPRECATION.md


  CC      net/ipv6/af_inet6.o
Android GCC has been deprecated in favor of Clang, and will be removed from
Android in 2020-01 as per the deprecation plan in:
https://android.googlesource.com/platform/prebuilts/clang/host/linux-x86/+/master/GCC_4_9_DEPRECATION.md


  CC      drivers/clk/clkdev.o
Android GCC has been deprecated in favor of Clang, and will be removed from
Android in 2020-01 as per the deprecation plan in:
https://android.googlesource.com/platform/prebuilts/clang/host/linux-x86/+/master/GCC_4_9_DEPRECATION.md


Android GCC has been deprecated in favor of Clang, and will be removed from
Android in 2020-01 as per the deprecation plan in:
https://android.googlesource.com/platform/prebuilts/clang/host/linux-x86/+/master/GCC_4_9_DEPRECATION.md


Android GCC has been deprecated in favor of Clang, and will be removed from
Android in 2020-01 as per the deprecation plan in:
https://android.googlesource.com/platform/prebuilts/clang/host/linux-x86/+/master/GCC_4_9_DEPRECATION.md


Android GCC has been deprecated in favor of Clang, and will be removed from
Android in 2020-01 as per the deprecation plan in:
https://android.googlesource.com/platform/prebuilts/clang/host/linux-x86/+/master/GCC_4_9_DEPRECATION.md


Android GCC has been deprecated in favor of Clang, and will be removed from
Android in 2020-01 as per the deprecation plan in:
https://android.googlesource.com/platform/prebuilts/clang/host/linux-x86/+/master/GCC_4_9_DEPRECATION.md


Android GCC has been deprecated in favor of Clang, and will be removed from
Android in 2020-01 as per the deprecation plan in:
https://android.googlesource.com/platform/prebuilts/clang/host/linux-x86/+/master/GCC_4_9_DEPRECATION.md


  CC      crypto/testmgr.o
  CC      mm/vmstat.o
  CC      sound/core/pcm_memory.o
  CC      lib/iovec.o
Android GCC has been deprecated in favor of Clang, and will be removed from
Android in 2020-01 as per the deprecation plan in:
https://android.googlesource.com/platform/prebuilts/clang/host/linux-x86/+/master/GCC_4_9_DEPRECATION.md

  CC      arch/arm/kernel/topology.o

Android GCC has been deprecated in favor of Clang, and will be removed from
Android in 2020-01 as per the deprecation plan in:
https://android.googlesource.com/platform/prebuilts/clang/host/linux-x86/+/master/GCC_4_9_DEPRECATION.md


  CC      arch/arm/mach-exynos/core_sysfs.o
Android GCC has been deprecated in favor of Clang, and will be removed from
Android in 2020-01 as per the deprecation plan in:
https://android.googlesource.com/platform/prebuilts/clang/host/linux-x86/+/master/GCC_4_9_DEPRECATION.md


Android GCC has been deprecated in favor of Clang, and will be removed from
Android in 2020-01 as per the deprecation plan in:
https://android.googlesource.com/platform/prebuilts/clang/host/linux-x86/+/master/GCC_4_9_DEPRECATION.md


Android GCC has been deprecated in favor of Clang, and will be removed from
Android in 2020-01 as per the deprecation plan in:
https://android.googlesource.com/platform/prebuilts/clang/host/linux-x86/+/master/GCC_4_9_DEPRECATION.md

Android GCC has been deprecated in favor of Clang, and will be removed from
Android in 2020-01 as per the deprecation plan in:
https://android.googlesource.com/platform/prebuilts/clang/host/linux-x86/+/master/GCC_4_9_DEPRECATION.md



Android GCC has been deprecated in favor of Clang, and will be removed from
Android in 2020-01 as per the deprecation plan in:
https://android.googlesource.com/platform/prebuilts/clang/host/linux-x86/+/master/GCC_4_9_DEPRECATION.md


  CC      net/netlink/af_netlink.o
Android GCC has been deprecated in favor of Clang, and will be removed from
Android in 2020-01 as per the deprecation plan in:
https://android.googlesource.com/platform/prebuilts/clang/host/linux-x86/+/master/GCC_4_9_DEPRECATION.md


Android GCC has been deprecated in favor of Clang, and will be removed from
Android in 2020-01 as per the deprecation plan in:
https://android.googlesource.com/platform/prebuilts/clang/host/linux-x86/+/master/GCC_4_9_DEPRECATION.md


  CC      sound/core/rawmidi.o
Android GCC has been deprecated in favor of Clang, and will be removed from
Android in 2020-01 as per the deprecation plan in:
https://android.googlesource.com/platform/prebuilts/clang/host/linux-x86/+/master/GCC_4_9_DEPRECATION.md


Android GCC has been deprecated in favor of Clang, and will be removed from
Android in 2020-01 as per the deprecation plan in:
https://android.googlesource.com/platform/prebuilts/clang/host/linux-x86/+/master/GCC_4_9_DEPRECATION.md


  CC      fs/dcache.o
Android GCC has been deprecated in favor of Clang, and will be removed from
Android in 2020-01 as per the deprecation plan in:
https://android.googlesource.com/platform/prebuilts/clang/host/linux-x86/+/master/GCC_4_9_DEPRECATION.md


Android GCC has been deprecated in favor of Clang, and will be removed from
Android in 2020-01 as per the deprecation plan in:
https://android.googlesource.com/platform/prebuilts/clang/host/linux-x86/+/master/GCC_4_9_DEPRECATION.md


  CC      block/partitions/check.o
Android GCC has been deprecated in favor of Clang, and will be removed from
Android in 2020-01 as per the deprecation plan in:
https://android.googlesource.com/platform/prebuilts/clang/host/linux-x86/+/master/GCC_4_9_DEPRECATION.md


  CC      drivers/base/attribute_container.o
Android GCC has been deprecated in favor of Clang, and will be removed from
Android in 2020-01 as per the deprecation plan in:
https://android.googlesource.com/platform/prebuilts/clang/host/linux-x86/+/master/GCC_4_9_DEPRECATION.md


Android GCC has been deprecated in favor of Clang, and will be removed from
Android in 2020-01 as per the deprecation plan in:
https://android.googlesource.com/platform/prebuilts/clang/host/linux-x86/+/master/GCC_4_9_DEPRECATION.md


  CC      net/nfc/core.o
  CC      lib/bsearch.o
  CC      kernel/timer.o
Android GCC has been deprecated in favor of Clang, and will be removed from
Android in 2020-01 as per the deprecation plan in:
https://android.googlesource.com/platform/prebuilts/clang/host/linux-x86/+/master/GCC_4_9_DEPRECATION.md


  CC      drivers/char/hw_random/tpm-rng.o
Android GCC has been deprecated in favor of Clang, and will be removed from
Android in 2020-01 as per the deprecation plan in:
https://android.googlesource.com/platform/prebuilts/clang/host/linux-x86/+/master/GCC_4_9_DEPRECATION.md


Android GCC has been deprecated in favor of Clang, and will be removed from
Android in 2020-01 as per the deprecation plan in:
https://android.googlesource.com/platform/prebuilts/clang/host/linux-x86/+/master/GCC_4_9_DEPRECATION.md


Android GCC has been deprecated in favor of Clang, and will be removed from
Android in 2020-01 as per the deprecation plan in:
https://android.googlesource.com/platform/prebuilts/clang/host/linux-x86/+/master/GCC_4_9_DEPRECATION.md


  CC      net/netfilter/core.o
Android GCC has been deprecated in favor of Clang, and will be removed from
Android in 2020-01 as per the deprecation plan in:
https://android.googlesource.com/platform/prebuilts/clang/host/linux-x86/+/master/GCC_4_9_DEPRECATION.md


net/ipv6/af_inet6.c: In function '__inet6_bind':
net/ipv6/af_inet6.c:324:7: warning: unused variable 'saved_ipv6only' [-Wunused-variable]
  bool saved_ipv6only;
       ^
Android GCC has been deprecated in favor of Clang, and will be removed from
Android in 2020-01 as per the deprecation plan in:
https://android.googlesource.com/platform/prebuilts/clang/host/linux-x86/+/master/GCC_4_9_DEPRECATION.md


Android GCC has been deprecated in favor of Clang, and will be removed from
Android in 2020-01 as per the deprecation plan in:
https://android.googlesource.com/platform/prebuilts/clang/host/linux-x86/+/master/GCC_4_9_DEPRECATION.md


  LD      arch/arm/mach-exynos/built-in.o
  CC      kernel/user.o
  CC      lib/find_last_bit.o
  CC      mm/backing-dev.o
Android GCC has been deprecated in favor of Clang, and will be removed from
Android in 2020-01 as per the deprecation plan in:
https://android.googlesource.com/platform/prebuilts/clang/host/linux-x86/+/master/GCC_4_9_DEPRECATION.md


Android GCC has been deprecated in favor of Clang, and will be removed from
Android in 2020-01 as per the deprecation plan in:
https://android.googlesource.com/platform/prebuilts/clang/host/linux-x86/+/master/GCC_4_9_DEPRECATION.md


  CC      drivers/clk/clk.o
  LD      drivers/char/hw_random/rng-core.o
Android GCC has been deprecated in favor of Clang, and will be removed from
Android in 2020-01 as per the deprecation plan in:
https://android.googlesource.com/platform/prebuilts/clang/host/linux-x86/+/master/GCC_4_9_DEPRECATION.md


  LD      drivers/char/hw_random/built-in.o
Android GCC has been deprecated in favor of Clang, and will be removed from
Android in 2020-01 as per the deprecation plan in:
https://android.googlesource.com/platform/prebuilts/clang/host/linux-x86/+/master/GCC_4_9_DEPRECATION.md


Android GCC has been deprecated in favor of Clang, and will be removed from
Android in 2020-01 as per the deprecation plan in:
https://android.googlesource.com/platform/prebuilts/clang/host/linux-x86/+/master/GCC_4_9_DEPRECATION.md


  CC      net/ipv4/protocol.o
  CC      fs/inode.o
Android GCC has been deprecated in favor of Clang, and will be removed from
Android in 2020-01 as per the deprecation plan in:
https://android.googlesource.com/platform/prebuilts/clang/host/linux-x86/+/master/GCC_4_9_DEPRECATION.md


Android GCC has been deprecated in favor of Clang, and will be removed from
Android in 2020-01 as per the deprecation plan in:
https://android.googlesource.com/platform/prebuilts/clang/host/linux-x86/+/master/GCC_4_9_DEPRECATION.md


Android GCC has been deprecated in favor of Clang, and will be removed from
Android in 2020-01 as per the deprecation plan in:
https://android.googlesource.com/platform/prebuilts/clang/host/linux-x86/+/master/GCC_4_9_DEPRECATION.md


Android GCC has been deprecated in favor of Clang, and will be removed from
Android in 2020-01 as per the deprecation plan in:
https://android.googlesource.com/platform/prebuilts/clang/host/linux-x86/+/master/GCC_4_9_DEPRECATION.md


Android GCC has been deprecated in favor of Clang, and will be removed from
Android in 2020-01 as per the deprecation plan in:
https://android.googlesource.com/platform/prebuilts/clang/host/linux-x86/+/master/GCC_4_9_DEPRECATION.md


In file included from include/trace/define_trace.h:86:0,
                 from include/trace/events/timer.h:350,
                 from kernel/timer.c:53:
include/trace/events/timer.h: In function 'perf_trace_timer_class':
include/trace/ftrace.h:653:6: warning: unused variable '__addr' [-Wunused-variable]
  u64 __addr = 0, __count = 1;     \
      ^
include/trace/events/timer.h:11:1: note: in expansion of macro 'DECLARE_EVENT_CLASS'
 DECLARE_EVENT_CLASS(timer_class,
 ^
include/trace/events/timer.h: In function 'perf_trace_timer_start':
include/trace/ftrace.h:653:6: warning: unused variable '__addr' [-Wunused-variable]
  u64 __addr = 0, __count = 1;     \
      ^
include/trace/ftrace.h:32:2: note: in expansion of macro 'DECLARE_EVENT_CLASS'
  DECLARE_EVENT_CLASS(name,          \
  ^
include/trace/events/timer.h:44:1: note: in expansion of macro 'TRACE_EVENT'
 TRACE_EVENT(timer_start,
 ^
include/trace/events/timer.h: In function 'perf_trace_timer_expire_entry':
include/trace/ftrace.h:653:6: warning: unused variable '__addr' [-Wunused-variable]
  u64 __addr = 0, __count = 1;     \
      ^
include/trace/ftrace.h:32:2: note: in expansion of macro 'DECLARE_EVENT_CLASS'
  DECLARE_EVENT_CLASS(name,          \
  ^
include/trace/events/timer.h:75:1: note: in expansion of macro 'TRACE_EVENT'
 TRACE_EVENT(timer_expire_entry,
 ^
include/trace/events/timer.h: In function 'perf_trace_hrtimer_init':
include/trace/ftrace.h:653:6: warning: unused variable '__addr' [-Wunused-variable]
  u64 __addr = 0, __count = 1;     \
      ^
include/trace/ftrace.h:32:2: note: in expansion of macro 'DECLARE_EVENT_CLASS'
  DECLARE_EVENT_CLASS(name,          \
  ^
include/trace/events/timer.h:130:1: note: in expansion of macro 'TRACE_EVENT'
 TRACE_EVENT(hrtimer_init,
 ^
include/trace/events/timer.h: In function 'perf_trace_hrtimer_start':
include/trace/ftrace.h:653:6: warning: unused variable '__addr' [-Wunused-variable]
  u64 __addr = 0, __count = 1;     \
      ^
include/trace/ftrace.h:32:2: note: in expansion of macro 'DECLARE_EVENT_CLASS'
  DECLARE_EVENT_CLASS(name,          \
  ^
include/trace/events/timer.h:160:1: note: in expansion of macro 'TRACE_EVENT'
 TRACE_EVENT(hrtimer_start,
 ^
include/trace/events/timer.h: In function 'perf_trace_hrtimer_expire_entry':
include/trace/ftrace.h:653:6: warning: unused variable '__addr' [-Wunused-variable]
  u64 __addr = 0, __count = 1;     \
      ^
include/trace/ftrace.h:32:2: note: in expansion of macro 'DECLARE_EVENT_CLASS'
  DECLARE_EVENT_CLASS(name,          \
  ^
include/trace/events/timer.h:196:1: note: in expansion of macro 'TRACE_EVENT'
 TRACE_EVENT(hrtimer_expire_entry,
 ^
include/trace/events/timer.h: In function 'perf_trace_hrtimer_class':
include/trace/ftrace.h:653:6: warning: unused variable '__addr' [-Wunused-variable]
  u64 __addr = 0, __count = 1;     \
      ^
include/trace/events/timer.h:218:1: note: in expansion of macro 'DECLARE_EVENT_CLASS'
 DECLARE_EVENT_CLASS(hrtimer_class,
 ^
include/trace/events/timer.h: In function 'perf_trace_itimer_state':
include/trace/ftrace.h:653:6: warning: unused variable '__addr' [-Wunused-variable]
  u64 __addr = 0, __count = 1;     \
      ^
include/trace/ftrace.h:32:2: note: in expansion of macro 'DECLARE_EVENT_CLASS'
  DECLARE_EVENT_CLASS(name,          \
  ^
include/trace/events/timer.h:267:1: note: in expansion of macro 'TRACE_EVENT'
 TRACE_EVENT(itimer_state,
 ^
include/trace/events/timer.h: In function 'perf_trace_itimer_expire':
include/trace/ftrace.h:653:6: warning: unused variable '__addr' [-Wunused-variable]
  u64 __addr = 0, __count = 1;     \
      ^
include/trace/ftrace.h:32:2: note: in expansion of macro 'DECLARE_EVENT_CLASS'
  DECLARE_EVENT_CLASS(name,          \
  ^
include/trace/events/timer.h:304:1: note: in expansion of macro 'TRACE_EVENT'
 TRACE_EVENT(itimer_expire,
 ^
include/trace/events/timer.h: In function 'perf_trace_tick_stop':
include/trace/ftrace.h:653:6: warning: unused variable '__addr' [-Wunused-variable]
  u64 __addr = 0, __count = 1;     \
      ^
include/trace/ftrace.h:32:2: note: in expansion of macro 'DECLARE_EVENT_CLASS'
  DECLARE_EVENT_CLASS(name,          \
  ^
include/trace/events/timer.h:327:1: note: in expansion of macro 'TRACE_EVENT'
 TRACE_EVENT(tick_stop,
 ^
  CC      lib/find_next_bit.o
  CC      arch/arm/kernel/io.o
Android GCC has been deprecated in favor of Clang, and will be removed from
Android in 2020-01 as per the deprecation plan in:
https://android.googlesource.com/platform/prebuilts/clang/host/linux-x86/+/master/GCC_4_9_DEPRECATION.md


Android GCC has been deprecated in favor of Clang, and will be removed from
Android in 2020-01 as per the deprecation plan in:
https://android.googlesource.com/platform/prebuilts/clang/host/linux-x86/+/master/GCC_4_9_DEPRECATION.md


  CC      block/partitions/msdos.o
Android GCC has been deprecated in favor of Clang, and will be removed from
Android in 2020-01 as per the deprecation plan in:
https://android.googlesource.com/platform/prebuilts/clang/host/linux-x86/+/master/GCC_4_9_DEPRECATION.md


  CC      drivers/clocksource/clksrc-of.o
  CC      drivers/base/transport_class.o
Android GCC has been deprecated in favor of Clang, and will be removed from
Android in 2020-01 as per the deprecation plan in:
https://android.googlesource.com/platform/prebuilts/clang/host/linux-x86/+/master/GCC_4_9_DEPRECATION.md


  CC      lib/llist.o
Android GCC has been deprecated in favor of Clang, and will be removed from
Android in 2020-01 as per the deprecation plan in:
https://android.googlesource.com/platform/prebuilts/clang/host/linux-x86/+/master/GCC_4_9_DEPRECATION.md


Android GCC has been deprecated in favor of Clang, and will be removed from
Android in 2020-01 as per the deprecation plan in:
https://android.googlesource.com/platform/prebuilts/clang/host/linux-x86/+/master/GCC_4_9_DEPRECATION.md


Android GCC has been deprecated in favor of Clang, and will be removed from
Android in 2020-01 as per the deprecation plan in:
https://android.googlesource.com/platform/prebuilts/clang/host/linux-x86/+/master/GCC_4_9_DEPRECATION.md


Android GCC has been deprecated in favor of Clang, and will be removed from
Android in 2020-01 as per the deprecation plan in:
https://android.googlesource.com/platform/prebuilts/clang/host/linux-x86/+/master/GCC_4_9_DEPRECATION.md


  CC      drivers/clocksource/exynos_mct.o
Android GCC has been deprecated in favor of Clang, and will be removed from
Android in 2020-01 as per the deprecation plan in:
https://android.googlesource.com/platform/prebuilts/clang/host/linux-x86/+/master/GCC_4_9_DEPRECATION.md


Android GCC has been deprecated in favor of Clang, and will be removed from
Android in 2020-01 as per the deprecation plan in:
https://android.googlesource.com/platform/prebuilts/clang/host/linux-x86/+/master/GCC_4_9_DEPRECATION.md

Android GCC has been deprecated in favor of Clang, and will be removed from
Android in 2020-01 as per the deprecation plan in:
https://android.googlesource.com/platform/prebuilts/clang/host/linux-x86/+/master/GCC_4_9_DEPRECATION.md



  CC      net/nfc/netlink.o
Android GCC has been deprecated in favor of Clang, and will be removed from
Android in 2020-01 as per the deprecation plan in:
https://android.googlesource.com/platform/prebuilts/clang/host/linux-x86/+/master/GCC_4_9_DEPRECATION.md


  AS      arch/arm/kernel/head.o
Android GCC has been deprecated in favor of Clang, and will be removed from
Android in 2020-01 as per the deprecation plan in:
https://android.googlesource.com/platform/prebuilts/clang/host/linux-x86/+/master/GCC_4_9_DEPRECATION.md


Android GCC has been deprecated in favor of Clang, and will be removed from
Android in 2020-01 as per the deprecation plan in:
https://android.googlesource.com/platform/prebuilts/clang/host/linux-x86/+/master/GCC_4_9_DEPRECATION.md


Android GCC has been deprecated in favor of Clang, and will be removed from
Android in 2020-01 as per the deprecation plan in:
https://android.googlesource.com/platform/prebuilts/clang/host/linux-x86/+/master/GCC_4_9_DEPRECATION.md


Android GCC has been deprecated in favor of Clang, and will be removed from
Android in 2020-01 as per the deprecation plan in:
https://android.googlesource.com/platform/prebuilts/clang/host/linux-x86/+/master/GCC_4_9_DEPRECATION.md


Android GCC has been deprecated in favor of Clang, and will be removed from
Android in 2020-01 as per the deprecation plan in:
https://android.googlesource.com/platform/prebuilts/clang/host/linux-x86/+/master/GCC_4_9_DEPRECATION.md


Android GCC has been deprecated in favor of Clang, and will be removed from
Android in 2020-01 as per the deprecation plan in:
https://android.googlesource.com/platform/prebuilts/clang/host/linux-x86/+/master/GCC_4_9_DEPRECATION.md


Android GCC has been deprecated in favor of Clang, and will be removed from
Android in 2020-01 as per the deprecation plan in:
https://android.googlesource.com/platform/prebuilts/clang/host/linux-x86/+/master/GCC_4_9_DEPRECATION.md


  CC      lib/memweight.o
  LD      arch/arm/kernel/built-in.o
  CC      security/selinux/ss/services.o
Android GCC has been deprecated in favor of Clang, and will be removed from
Android in 2020-01 as per the deprecation plan in:
https://android.googlesource.com/platform/prebuilts/clang/host/linux-x86/+/master/GCC_4_9_DEPRECATION.md


Android GCC has been deprecated in favor of Clang, and will be removed from
Android in 2020-01 as per the deprecation plan in:
https://android.googlesource.com/platform/prebuilts/clang/host/linux-x86/+/master/GCC_4_9_DEPRECATION.md


  CC      drivers/base/topology.o
Android GCC has been deprecated in favor of Clang, and will be removed from
Android in 2020-01 as per the deprecation plan in:
https://android.googlesource.com/platform/prebuilts/clang/host/linux-x86/+/master/GCC_4_9_DEPRECATION.md


  CC      net/bluetooth/mgmt.o
Android GCC has been deprecated in favor of Clang, and will be removed from
Android in 2020-01 as per the deprecation plan in:
https://android.googlesource.com/platform/prebuilts/clang/host/linux-x86/+/master/GCC_4_9_DEPRECATION.md


Android GCC has been deprecated in favor of Clang, and will be removed from
Android in 2020-01 as per the deprecation plan in:
https://android.googlesource.com/platform/prebuilts/clang/host/linux-x86/+/master/GCC_4_9_DEPRECATION.md


  CC      net/ipv6/anycast.o
Android GCC has been deprecated in favor of Clang, and will be removed from
Android in 2020-01 as per the deprecation plan in:
https://android.googlesource.com/platform/prebuilts/clang/host/linux-x86/+/master/GCC_4_9_DEPRECATION.md


Android GCC has been deprecated in favor of Clang, and will be removed from
Android in 2020-01 as per the deprecation plan in:
https://android.googlesource.com/platform/prebuilts/clang/host/linux-x86/+/master/GCC_4_9_DEPRECATION.md


Android GCC has been deprecated in favor of Clang, and will be removed from
Android in 2020-01 as per the deprecation plan in:
https://android.googlesource.com/platform/prebuilts/clang/host/linux-x86/+/master/GCC_4_9_DEPRECATION.md


Android GCC has been deprecated in favor of Clang, and will be removed from
Android in 2020-01 as per the deprecation plan in:
https://android.googlesource.com/platform/prebuilts/clang/host/linux-x86/+/master/GCC_4_9_DEPRECATION.md


  CC      block/partitions/efi.o
  CC      drivers/char/tpm/tpm.o
  CC      net/netfilter/nf_log.o
Android GCC has been deprecated in favor of Clang, and will be removed from
Android in 2020-01 as per the deprecation plan in:
https://android.googlesource.com/platform/prebuilts/clang/host/linux-x86/+/master/GCC_4_9_DEPRECATION.md


  CC      lib/kfifo.o
Android GCC has been deprecated in favor of Clang, and will be removed from
Android in 2020-01 as per the deprecation plan in:
https://android.googlesource.com/platform/prebuilts/clang/host/linux-x86/+/master/GCC_4_9_DEPRECATION.md


Android GCC has been deprecated in favor of Clang, and will be removed from
Android in 2020-01 as per the deprecation plan in:
https://android.googlesource.com/platform/prebuilts/clang/host/linux-x86/+/master/GCC_4_9_DEPRECATION.md


  CC      net/ipv4/ip_input.o
Android GCC has been deprecated in favor of Clang, and will be removed from
Android in 2020-01 as per the deprecation plan in:
https://android.googlesource.com/platform/prebuilts/clang/host/linux-x86/+/master/GCC_4_9_DEPRECATION.md


  CC      net/bluetooth/hci_sock.o
  CC      mm/mm_init.o
Android GCC has been deprecated in favor of Clang, and will be removed from
Android in 2020-01 as per the deprecation plan in:
https://android.googlesource.com/platform/prebuilts/clang/host/linux-x86/+/master/GCC_4_9_DEPRECATION.md


Android GCC has been deprecated in favor of Clang, and will be removed from
Android in 2020-01 as per the deprecation plan in:
https://android.googlesource.com/platform/prebuilts/clang/host/linux-x86/+/master/GCC_4_9_DEPRECATION.md


Android GCC has been deprecated in favor of Clang, and will be removed from
Android in 2020-01 as per the deprecation plan in:
https://android.googlesource.com/platform/prebuilts/clang/host/linux-x86/+/master/GCC_4_9_DEPRECATION.md


Android GCC has been deprecated in favor of Clang, and will be removed from
Android in 2020-01 as per the deprecation plan in:
https://android.googlesource.com/platform/prebuilts/clang/host/linux-x86/+/master/GCC_4_9_DEPRECATION.md


  CC      sound/core/timer.o
Android GCC has been deprecated in favor of Clang, and will be removed from
Android in 2020-01 as per the deprecation plan in:
https://android.googlesource.com/platform/prebuilts/clang/host/linux-x86/+/master/GCC_4_9_DEPRECATION.md


  CC      net/packet/af_packet.o
Android GCC has been deprecated in favor of Clang, and will be removed from
Android in 2020-01 as per the deprecation plan in:
https://android.googlesource.com/platform/prebuilts/clang/host/linux-x86/+/master/GCC_4_9_DEPRECATION.md


Android GCC has been deprecated in favor of Clang, and will be removed from
Android in 2020-01 as per the deprecation plan in:
https://android.googlesource.com/platform/prebuilts/clang/host/linux-x86/+/master/GCC_4_9_DEPRECATION.md


Android GCC has been deprecated in favor of Clang, and will be removed from
Android in 2020-01 as per the deprecation plan in:
https://android.googlesource.com/platform/prebuilts/clang/host/linux-x86/+/master/GCC_4_9_DEPRECATION.md


  CC      drivers/base/devtmpfs.o
  CC      drivers/clk/clk-divider.o
Android GCC has been deprecated in favor of Clang, and will be removed from
Android in 2020-01 as per the deprecation plan in:
https://android.googlesource.com/platform/prebuilts/clang/host/linux-x86/+/master/GCC_4_9_DEPRECATION.md


Android GCC has been deprecated in favor of Clang, and will be removed from
Android in 2020-01 as per the deprecation plan in:
https://android.googlesource.com/platform/prebuilts/clang/host/linux-x86/+/master/GCC_4_9_DEPRECATION.md


Android GCC has been deprecated in favor of Clang, and will be removed from
Android in 2020-01 as per the deprecation plan in:
https://android.googlesource.com/platform/prebuilts/clang/host/linux-x86/+/master/GCC_4_9_DEPRECATION.md


  CC      net/core/iovec.o
  LD      drivers/clocksource/built-in.o
Android GCC has been deprecated in favor of Clang, and will be removed from
Android in 2020-01 as per the deprecation plan in:
https://android.googlesource.com/platform/prebuilts/clang/host/linux-x86/+/master/GCC_4_9_DEPRECATION.md


  CC      mm/mmu_context.o
Android GCC has been deprecated in favor of Clang, and will be removed from
Android in 2020-01 as per the deprecation plan in:
https://android.googlesource.com/platform/prebuilts/clang/host/linux-x86/+/master/GCC_4_9_DEPRECATION.md


Android GCC has been deprecated in favor of Clang, and will be removed from
Android in 2020-01 as per the deprecation plan in:
https://android.googlesource.com/platform/prebuilts/clang/host/linux-x86/+/master/GCC_4_9_DEPRECATION.md


Android GCC has been deprecated in favor of Clang, and will be removed from
Android in 2020-01 as per the deprecation plan in:
https://android.googlesource.com/platform/prebuilts/clang/host/linux-x86/+/master/GCC_4_9_DEPRECATION.md


  CC      crypto/crypto_wq.o
  LD      net/key/built-in.o
Android GCC has been deprecated in favor of Clang, and will be removed from
Android in 2020-01 as per the deprecation plan in:
https://android.googlesource.com/platform/prebuilts/clang/host/linux-x86/+/master/GCC_4_9_DEPRECATION.md


Android GCC has been deprecated in favor of Clang, and will be removed from
Android in 2020-01 as per the deprecation plan in:
https://android.googlesource.com/platform/prebuilts/clang/host/linux-x86/+/master/GCC_4_9_DEPRECATION.md


  CC      mm/percpu.o
Android GCC has been deprecated in favor of Clang, and will be removed from
Android in 2020-01 as per the deprecation plan in:
https://android.googlesource.com/platform/prebuilts/clang/host/linux-x86/+/master/GCC_4_9_DEPRECATION.md


  CC      block/noop-iosched.o
Android GCC has been deprecated in favor of Clang, and will be removed from
Android in 2020-01 as per the deprecation plan in:
https://android.googlesource.com/platform/prebuilts/clang/host/linux-x86/+/master/GCC_4_9_DEPRECATION.md


  CC      kernel/signal.o
Android GCC has been deprecated in favor of Clang, and will be removed from
Android in 2020-01 as per the deprecation plan in:
https://android.googlesource.com/platform/prebuilts/clang/host/linux-x86/+/master/GCC_4_9_DEPRECATION.md


Android GCC has been deprecated in favor of Clang, and will be removed from
Android in 2020-01 as per the deprecation plan in:
https://android.googlesource.com/platform/prebuilts/clang/host/linux-x86/+/master/GCC_4_9_DEPRECATION.md


Android GCC has been deprecated in favor of Clang, and will be removed from
Android in 2020-01 as per the deprecation plan in:
https://android.googlesource.com/platform/prebuilts/clang/host/linux-x86/+/master/GCC_4_9_DEPRECATION.md


  CC      drivers/base/dma-contiguous.o
Android GCC has been deprecated in favor of Clang, and will be removed from
Android in 2020-01 as per the deprecation plan in:
https://android.googlesource.com/platform/prebuilts/clang/host/linux-x86/+/master/GCC_4_9_DEPRECATION.md


Android GCC has been deprecated in favor of Clang, and will be removed from
Android in 2020-01 as per the deprecation plan in:
https://android.googlesource.com/platform/prebuilts/clang/host/linux-x86/+/master/GCC_4_9_DEPRECATION.md


  CC      net/nfc/af_nfc.o
Android GCC has been deprecated in favor of Clang, and will be removed from
Android in 2020-01 as per the deprecation plan in:
https://android.googlesource.com/platform/prebuilts/clang/host/linux-x86/+/master/GCC_4_9_DEPRECATION.md


  LD      block/partitions/built-in.o
Android GCC has been deprecated in favor of Clang, and will be removed from
Android in 2020-01 as per the deprecation plan in:
https://android.googlesource.com/platform/prebuilts/clang/host/linux-x86/+/master/GCC_4_9_DEPRECATION.md


  CC      net/netlink/genetlink.o
  CC      net/ipv6/ip6_output.o
  CC      lib/string_helpers.o
Android GCC has been deprecated in favor of Clang, and will be removed from
Android in 2020-01 as per the deprecation plan in:
https://android.googlesource.com/platform/prebuilts/clang/host/linux-x86/+/master/GCC_4_9_DEPRECATION.md


  CC      fs/attr.o
  CC      sound/core/sound.o
Android GCC has been deprecated in favor of Clang, and will be removed from
Android in 2020-01 as per the deprecation plan in:
https://android.googlesource.com/platform/prebuilts/clang/host/linux-x86/+/master/GCC_4_9_DEPRECATION.md


Android GCC has been deprecated in favor of Clang, and will be removed from
Android in 2020-01 as per the deprecation plan in:
https://android.googlesource.com/platform/prebuilts/clang/host/linux-x86/+/master/GCC_4_9_DEPRECATION.md


  CC      net/nfc/rawsock.o
Android GCC has been deprecated in favor of Clang, and will be removed from
Android in 2020-01 as per the deprecation plan in:
https://android.googlesource.com/platform/prebuilts/clang/host/linux-x86/+/master/GCC_4_9_DEPRECATION.md


  CC      drivers/clk/clk-fixed-factor.o
Android GCC has been deprecated in favor of Clang, and will be removed from
Android in 2020-01 as per the deprecation plan in:
https://android.googlesource.com/platform/prebuilts/clang/host/linux-x86/+/master/GCC_4_9_DEPRECATION.md


  CC      drivers/clk/clk-fixed-rate.o
Android GCC has been deprecated in favor of Clang, and will be removed from
Android in 2020-01 as per the deprecation plan in:
https://android.googlesource.com/platform/prebuilts/clang/host/linux-x86/+/master/GCC_4_9_DEPRECATION.md


Android GCC has been deprecated in favor of Clang, and will be removed from
Android in 2020-01 as per the deprecation plan in:
https://android.googlesource.com/platform/prebuilts/clang/host/linux-x86/+/master/GCC_4_9_DEPRECATION.md


Android GCC has been deprecated in favor of Clang, and will be removed from
Android in 2020-01 as per the deprecation plan in:
https://android.googlesource.com/platform/prebuilts/clang/host/linux-x86/+/master/GCC_4_9_DEPRECATION.md


  CC      net/core/datagram.o
Android GCC has been deprecated in favor of Clang, and will be removed from
Android in 2020-01 as per the deprecation plan in:
https://android.googlesource.com/platform/prebuilts/clang/host/linux-x86/+/master/GCC_4_9_DEPRECATION.md


Android GCC has been deprecated in favor of Clang, and will be removed from
Android in 2020-01 as per the deprecation plan in:
https://android.googlesource.com/platform/prebuilts/clang/host/linux-x86/+/master/GCC_4_9_DEPRECATION.md


Android GCC has been deprecated in favor of Clang, and will be removed from
Android in 2020-01 as per the deprecation plan in:
https://android.googlesource.com/platform/prebuilts/clang/host/linux-x86/+/master/GCC_4_9_DEPRECATION.md


Android GCC has been deprecated in favor of Clang, and will be removed from
Android in 2020-01 as per the deprecation plan in:
https://android.googlesource.com/platform/prebuilts/clang/host/linux-x86/+/master/GCC_4_9_DEPRECATION.md


Android GCC has been deprecated in favor of Clang, and will be removed from
Android in 2020-01 as per the deprecation plan in:
https://android.googlesource.com/platform/prebuilts/clang/host/linux-x86/+/master/GCC_4_9_DEPRECATION.md


In file included from include/trace/define_trace.h:86:0,
                 from include/trace/events/signal.h:125,
                 from kernel/signal.c:37:
include/trace/events/signal.h: In function 'perf_trace_signal_generate':
include/trace/ftrace.h:653:6: warning: unused variable '__addr' [-Wunused-variable]
  u64 __addr = 0, __count = 1;     \
      ^
include/trace/ftrace.h:32:2: note: in expansion of macro 'DECLARE_EVENT_CLASS'
  DECLARE_EVENT_CLASS(name,          \
  ^
include/trace/events/signal.h:50:1: note: in expansion of macro 'TRACE_EVENT'
 TRACE_EVENT(signal_generate,
 ^
include/trace/events/signal.h: In function 'perf_trace_signal_deliver':
include/trace/ftrace.h:653:6: warning: unused variable '__addr' [-Wunused-variable]
  u64 __addr = 0, __count = 1;     \
      ^
include/trace/ftrace.h:32:2: note: in expansion of macro 'DECLARE_EVENT_CLASS'
  DECLARE_EVENT_CLASS(name,          \
  ^
include/trace/events/signal.h:96:1: note: in expansion of macro 'TRACE_EVENT'
 TRACE_EVENT(signal_deliver,
 ^
Android GCC has been deprecated in favor of Clang, and will be removed from
Android in 2020-01 as per the deprecation plan in:
https://android.googlesource.com/platform/prebuilts/clang/host/linux-x86/+/master/GCC_4_9_DEPRECATION.md


  CC      security/selinux/ss/conditional.o
Android GCC has been deprecated in favor of Clang, and will be removed from
Android in 2020-01 as per the deprecation plan in:
https://android.googlesource.com/platform/prebuilts/clang/host/linux-x86/+/master/GCC_4_9_DEPRECATION.md


Android GCC has been deprecated in favor of Clang, and will be removed from
Android in 2020-01 as per the deprecation plan in:
https://android.googlesource.com/platform/prebuilts/clang/host/linux-x86/+/master/GCC_4_9_DEPRECATION.md


  CC      block/deadline-iosched.o
  LD      crypto/crypto_algapi.o
Android GCC has been deprecated in favor of Clang, and will be removed from
Android in 2020-01 as per the deprecation plan in:
https://android.googlesource.com/platform/prebuilts/clang/host/linux-x86/+/master/GCC_4_9_DEPRECATION.md


  CC      crypto/aead.o
  CC      net/netfilter/nf_queue.o
  CC      lib/kstrtox.o
  LD      drivers/char/tpm/built-in.o
Android GCC has been deprecated in favor of Clang, and will be removed from
Android in 2020-01 as per the deprecation plan in:
https://android.googlesource.com/platform/prebuilts/clang/host/linux-x86/+/master/GCC_4_9_DEPRECATION.md


Android GCC has been deprecated in favor of Clang, and will be removed from
Android in 2020-01 as per the deprecation plan in:
https://android.googlesource.com/platform/prebuilts/clang/host/linux-x86/+/master/GCC_4_9_DEPRECATION.md


Android GCC has been deprecated in favor of Clang, and will be removed from
Android in 2020-01 as per the deprecation plan in:
https://android.googlesource.com/platform/prebuilts/clang/host/linux-x86/+/master/GCC_4_9_DEPRECATION.md


Android GCC has been deprecated in favor of Clang, and will be removed from
Android in 2020-01 as per the deprecation plan in:
https://android.googlesource.com/platform/prebuilts/clang/host/linux-x86/+/master/GCC_4_9_DEPRECATION.md


  CC      drivers/char/knox_kap.o
Android GCC has been deprecated in favor of Clang, and will be removed from
Android in 2020-01 as per the deprecation plan in:
https://android.googlesource.com/platform/prebuilts/clang/host/linux-x86/+/master/GCC_4_9_DEPRECATION.md


Android GCC has been deprecated in favor of Clang, and will be removed from
Android in 2020-01 as per the deprecation plan in:
https://android.googlesource.com/platform/prebuilts/clang/host/linux-x86/+/master/GCC_4_9_DEPRECATION.md


  CC      net/ipv4/ip_fragment.o
  CC      kernel/sys.o
Android GCC has been deprecated in favor of Clang, and will be removed from
Android in 2020-01 as per the deprecation plan in:
https://android.googlesource.com/platform/prebuilts/clang/host/linux-x86/+/master/GCC_4_9_DEPRECATION.md


  CC      drivers/base/power/sysfs.o
  CC      drivers/clk/clk-gate.o
Android GCC has been deprecated in favor of Clang, and will be removed from
Android in 2020-01 as per the deprecation plan in:
https://android.googlesource.com/platform/prebuilts/clang/host/linux-x86/+/master/GCC_4_9_DEPRECATION.md


Android GCC has been deprecated in favor of Clang, and will be removed from
Android in 2020-01 as per the deprecation plan in:
https://android.googlesource.com/platform/prebuilts/clang/host/linux-x86/+/master/GCC_4_9_DEPRECATION.md


Android GCC has been deprecated in favor of Clang, and will be removed from
Android in 2020-01 as per the deprecation plan in:
https://android.googlesource.com/platform/prebuilts/clang/host/linux-x86/+/master/GCC_4_9_DEPRECATION.md


Android GCC has been deprecated in favor of Clang, and will be removed from
Android in 2020-01 as per the deprecation plan in:
https://android.googlesource.com/platform/prebuilts/clang/host/linux-x86/+/master/GCC_4_9_DEPRECATION.md


  CC      kernel/kmod.o
Android GCC has been deprecated in favor of Clang, and will be removed from
Android in 2020-01 as per the deprecation plan in:
https://android.googlesource.com/platform/prebuilts/clang/host/linux-x86/+/master/GCC_4_9_DEPRECATION.md


Android GCC has been deprecated in favor of Clang, and will be removed from
Android in 2020-01 as per the deprecation plan in:
https://android.googlesource.com/platform/prebuilts/clang/host/linux-x86/+/master/GCC_4_9_DEPRECATION.md


Android GCC has been deprecated in favor of Clang, and will be removed from
Android in 2020-01 as per the deprecation plan in:
https://android.googlesource.com/platform/prebuilts/clang/host/linux-x86/+/master/GCC_4_9_DEPRECATION.md


  CC      drivers/base/power/generic_ops.o
  CC      fs/bad_inode.o
Android GCC has been deprecated in favor of Clang, and will be removed from
Android in 2020-01 as per the deprecation plan in:
https://android.googlesource.com/platform/prebuilts/clang/host/linux-x86/+/master/GCC_4_9_DEPRECATION.md


Android GCC has been deprecated in favor of Clang, and will be removed from
Android in 2020-01 as per the deprecation plan in:
https://android.googlesource.com/platform/prebuilts/clang/host/linux-x86/+/master/GCC_4_9_DEPRECATION.md


Android GCC has been deprecated in favor of Clang, and will be removed from
Android in 2020-01 as per the deprecation plan in:
https://android.googlesource.com/platform/prebuilts/clang/host/linux-x86/+/master/GCC_4_9_DEPRECATION.md


Android GCC has been deprecated in favor of Clang, and will be removed from
Android in 2020-01 as per the deprecation plan in:
https://android.googlesource.com/platform/prebuilts/clang/host/linux-x86/+/master/GCC_4_9_DEPRECATION.md


  CC      lib/pci_iomap.o
  CC      lib/iomap_copy.o
  CC      net/nfc/llcp_core.o
Android GCC has been deprecated in favor of Clang, and will be removed from
Android in 2020-01 as per the deprecation plan in:
https://android.googlesource.com/platform/prebuilts/clang/host/linux-x86/+/master/GCC_4_9_DEPRECATION.md


Android GCC has been deprecated in favor of Clang, and will be removed from
Android in 2020-01 as per the deprecation plan in:
https://android.googlesource.com/platform/prebuilts/clang/host/linux-x86/+/master/GCC_4_9_DEPRECATION.md


Android GCC has been deprecated in favor of Clang, and will be removed from
Android in 2020-01 as per the deprecation plan in:
https://android.googlesource.com/platform/prebuilts/clang/host/linux-x86/+/master/GCC_4_9_DEPRECATION.md


  LD      drivers/char/built-in.o
Android GCC has been deprecated in favor of Clang, and will be removed from
Android in 2020-01 as per the deprecation plan in:
https://android.googlesource.com/platform/prebuilts/clang/host/linux-x86/+/master/GCC_4_9_DEPRECATION.md


  CC      net/nfc/llcp_commands.o
  CC      block/cfq-iosched.o
  CC      sound/core/init.o
Android GCC has been deprecated in favor of Clang, and will be removed from
Android in 2020-01 as per the deprecation plan in:
https://android.googlesource.com/platform/prebuilts/clang/host/linux-x86/+/master/GCC_4_9_DEPRECATION.md


Android GCC has been deprecated in favor of Clang, and will be removed from
Android in 2020-01 as per the deprecation plan in:
https://android.googlesource.com/platform/prebuilts/clang/host/linux-x86/+/master/GCC_4_9_DEPRECATION.md


Android GCC has been deprecated in favor of Clang, and will be removed from
Android in 2020-01 as per the deprecation plan in:
https://android.googlesource.com/platform/prebuilts/clang/host/linux-x86/+/master/GCC_4_9_DEPRECATION.md


Android GCC has been deprecated in favor of Clang, and will be removed from
Android in 2020-01 as per the deprecation plan in:
https://android.googlesource.com/platform/prebuilts/clang/host/linux-x86/+/master/GCC_4_9_DEPRECATION.md


Android GCC has been deprecated in favor of Clang, and will be removed from
Android in 2020-01 as per the deprecation plan in:
https://android.googlesource.com/platform/prebuilts/clang/host/linux-x86/+/master/GCC_4_9_DEPRECATION.md


Android GCC has been deprecated in favor of Clang, and will be removed from
Android in 2020-01 as per the deprecation plan in:
https://android.googlesource.com/platform/prebuilts/clang/host/linux-x86/+/master/GCC_4_9_DEPRECATION.md


Android GCC has been deprecated in favor of Clang, and will be removed from
Android in 2020-01 as per the deprecation plan in:
https://android.googlesource.com/platform/prebuilts/clang/host/linux-x86/+/master/GCC_4_9_DEPRECATION.md


  CC      lib/devres.o
  CC      drivers/clk/clk-mux.o
Android GCC has been deprecated in favor of Clang, and will be removed from
Android in 2020-01 as per the deprecation plan in:
https://android.googlesource.com/platform/prebuilts/clang/host/linux-x86/+/master/GCC_4_9_DEPRECATION.md

Android GCC has been deprecated in favor of Clang, and will be removed from
Android in 2020-01 as per the deprecation plan in:
https://android.googlesource.com/platform/prebuilts/clang/host/linux-x86/+/master/GCC_4_9_DEPRECATION.md



Android GCC has been deprecated in favor of Clang, and will be removed from
Android in 2020-01 as per the deprecation plan in:
https://android.googlesource.com/platform/prebuilts/clang/host/linux-x86/+/master/GCC_4_9_DEPRECATION.md


Android GCC has been deprecated in favor of Clang, and will be removed from
Android in 2020-01 as per the deprecation plan in:
https://android.googlesource.com/platform/prebuilts/clang/host/linux-x86/+/master/GCC_4_9_DEPRECATION.md


  CC      security/selinux/ss/mls.o
Android GCC has been deprecated in favor of Clang, and will be removed from
Android in 2020-01 as per the deprecation plan in:
https://android.googlesource.com/platform/prebuilts/clang/host/linux-x86/+/master/GCC_4_9_DEPRECATION.md


Android GCC has been deprecated in favor of Clang, and will be removed from
Android in 2020-01 as per the deprecation plan in:
https://android.googlesource.com/platform/prebuilts/clang/host/linux-x86/+/master/GCC_4_9_DEPRECATION.md


Android GCC has been deprecated in favor of Clang, and will be removed from
Android in 2020-01 as per the deprecation plan in:
https://android.googlesource.com/platform/prebuilts/clang/host/linux-x86/+/master/GCC_4_9_DEPRECATION.md


Android GCC has been deprecated in favor of Clang, and will be removed from
Android in 2020-01 as per the deprecation plan in:
https://android.googlesource.com/platform/prebuilts/clang/host/linux-x86/+/master/GCC_4_9_DEPRECATION.md


  CC      net/phonet/pn_dev.o
  CC      fs/file.o
Android GCC has been deprecated in favor of Clang, and will be removed from
Android in 2020-01 as per the deprecation plan in:
https://android.googlesource.com/platform/prebuilts/clang/host/linux-x86/+/master/GCC_4_9_DEPRECATION.md


  CC      mm/slab_common.o
Android GCC has been deprecated in favor of Clang, and will be removed from
Android in 2020-01 as per the deprecation plan in:
https://android.googlesource.com/platform/prebuilts/clang/host/linux-x86/+/master/GCC_4_9_DEPRECATION.md


Android GCC has been deprecated in favor of Clang, and will be removed from
Android in 2020-01 as per the deprecation plan in:
https://android.googlesource.com/platform/prebuilts/clang/host/linux-x86/+/master/GCC_4_9_DEPRECATION.md

Android GCC has been deprecated in favor of Clang, and will be removed from
Android in 2020-01 as per the deprecation plan in:
https://android.googlesource.com/platform/prebuilts/clang/host/linux-x86/+/master/GCC_4_9_DEPRECATION.md



  CC      net/rfkill/core.o
  CC      net/core/stream.o
Android GCC has been deprecated in favor of Clang, and will be removed from
Android in 2020-01 as per the deprecation plan in:
https://android.googlesource.com/platform/prebuilts/clang/host/linux-x86/+/master/GCC_4_9_DEPRECATION.md


Android GCC has been deprecated in favor of Clang, and will be removed from
Android in 2020-01 as per the deprecation plan in:
https://android.googlesource.com/platform/prebuilts/clang/host/linux-x86/+/master/GCC_4_9_DEPRECATION.md


  CC      drivers/base/power/common.o
Android GCC has been deprecated in favor of Clang, and will be removed from
Android in 2020-01 as per the deprecation plan in:
https://android.googlesource.com/platform/prebuilts/clang/host/linux-x86/+/master/GCC_4_9_DEPRECATION.md


Android GCC has been deprecated in favor of Clang, and will be removed from
Android in 2020-01 as per the deprecation plan in:
https://android.googlesource.com/platform/prebuilts/clang/host/linux-x86/+/master/GCC_4_9_DEPRECATION.md


  CC      net/netfilter/nf_sockopt.o
  LD      crypto/crypto_blkcipher.o
  LD      net/netlink/built-in.o
  CC      crypto/chainiv.o
Android GCC has been deprecated in favor of Clang, and will be removed from
Android in 2020-01 as per the deprecation plan in:
https://android.googlesource.com/platform/prebuilts/clang/host/linux-x86/+/master/GCC_4_9_DEPRECATION.md


  CC      drivers/base/power/qos.o
  CC      security/selinux/ss/status.o
Android GCC has been deprecated in favor of Clang, and will be removed from
Android in 2020-01 as per the deprecation plan in:
https://android.googlesource.com/platform/prebuilts/clang/host/linux-x86/+/master/GCC_4_9_DEPRECATION.md


Android GCC has been deprecated in favor of Clang, and will be removed from
Android in 2020-01 as per the deprecation plan in:
https://android.googlesource.com/platform/prebuilts/clang/host/linux-x86/+/master/GCC_4_9_DEPRECATION.md


Android GCC has been deprecated in favor of Clang, and will be removed from
Android in 2020-01 as per the deprecation plan in:
https://android.googlesource.com/platform/prebuilts/clang/host/linux-x86/+/master/GCC_4_9_DEPRECATION.md


Android GCC has been deprecated in favor of Clang, and will be removed from
Android in 2020-01 as per the deprecation plan in:
https://android.googlesource.com/platform/prebuilts/clang/host/linux-x86/+/master/GCC_4_9_DEPRECATION.md


Android GCC has been deprecated in favor of Clang, and will be removed from
Android in 2020-01 as per the deprecation plan in:
https://android.googlesource.com/platform/prebuilts/clang/host/linux-x86/+/master/GCC_4_9_DEPRECATION.md


Android GCC has been deprecated in favor of Clang, and will be removed from
Android in 2020-01 as per the deprecation plan in:
https://android.googlesource.com/platform/prebuilts/clang/host/linux-x86/+/master/GCC_4_9_DEPRECATION.md


  CC      drivers/clk/clk-composite.o
Android GCC has been deprecated in favor of Clang, and will be removed from
Android in 2020-01 as per the deprecation plan in:
https://android.googlesource.com/platform/prebuilts/clang/host/linux-x86/+/master/GCC_4_9_DEPRECATION.md


Android GCC has been deprecated in favor of Clang, and will be removed from
Android in 2020-01 as per the deprecation plan in:
https://android.googlesource.com/platform/prebuilts/clang/host/linux-x86/+/master/GCC_4_9_DEPRECATION.md


Android GCC has been deprecated in favor of Clang, and will be removed from
Android in 2020-01 as per the deprecation plan in:
https://android.googlesource.com/platform/prebuilts/clang/host/linux-x86/+/master/GCC_4_9_DEPRECATION.md


Android GCC has been deprecated in favor of Clang, and will be removed from
Android in 2020-01 as per the deprecation plan in:
https://android.googlesource.com/platform/prebuilts/clang/host/linux-x86/+/master/GCC_4_9_DEPRECATION.md


  CC      net/bluetooth/hci_sysfs.o
Android GCC has been deprecated in favor of Clang, and will be removed from
Android in 2020-01 as per the deprecation plan in:
https://android.googlesource.com/platform/prebuilts/clang/host/linux-x86/+/master/GCC_4_9_DEPRECATION.md


Android GCC has been deprecated in favor of Clang, and will be removed from
Android in 2020-01 as per the deprecation plan in:
https://android.googlesource.com/platform/prebuilts/clang/host/linux-x86/+/master/GCC_4_9_DEPRECATION.md


  CC      lib/hweight.o
Android GCC has been deprecated in favor of Clang, and will be removed from
Android in 2020-01 as per the deprecation plan in:
https://android.googlesource.com/platform/prebuilts/clang/host/linux-x86/+/master/GCC_4_9_DEPRECATION.md


  CC      net/ipv4/ip_forward.o
Android GCC has been deprecated in favor of Clang, and will be removed from
Android in 2020-01 as per the deprecation plan in:
https://android.googlesource.com/platform/prebuilts/clang/host/linux-x86/+/master/GCC_4_9_DEPRECATION.md


  CC      sound/core/memory.o
  CC      net/ipv6/ip6_input.o
  CC      fs/filesystems.o
Android GCC has been deprecated in favor of Clang, and will be removed from
Android in 2020-01 as per the deprecation plan in:
https://android.googlesource.com/platform/prebuilts/clang/host/linux-x86/+/master/GCC_4_9_DEPRECATION.md


Android GCC has been deprecated in favor of Clang, and will be removed from
Android in 2020-01 as per the deprecation plan in:
https://android.googlesource.com/platform/prebuilts/clang/host/linux-x86/+/master/GCC_4_9_DEPRECATION.md


Android GCC has been deprecated in favor of Clang, and will be removed from
Android in 2020-01 as per the deprecation plan in:
https://android.googlesource.com/platform/prebuilts/clang/host/linux-x86/+/master/GCC_4_9_DEPRECATION.md


Android GCC has been deprecated in favor of Clang, and will be removed from
Android in 2020-01 as per the deprecation plan in:
https://android.googlesource.com/platform/prebuilts/clang/host/linux-x86/+/master/GCC_4_9_DEPRECATION.md


Android GCC has been deprecated in favor of Clang, and will be removed from
Android in 2020-01 as per the deprecation plan in:
https://android.googlesource.com/platform/prebuilts/clang/host/linux-x86/+/master/GCC_4_9_DEPRECATION.md


Android GCC has been deprecated in favor of Clang, and will be removed from
Android in 2020-01 as per the deprecation plan in:
https://android.googlesource.com/platform/prebuilts/clang/host/linux-x86/+/master/GCC_4_9_DEPRECATION.md


  CC      drivers/clk/samsung/clk.o
  CC      crypto/eseqiv.o
  CC      net/phonet/pn_netlink.o
Android GCC has been deprecated in favor of Clang, and will be removed from
Android in 2020-01 as per the deprecation plan in:
https://android.googlesource.com/platform/prebuilts/clang/host/linux-x86/+/master/GCC_4_9_DEPRECATION.md


Android GCC has been deprecated in favor of Clang, and will be removed from
Android in 2020-01 as per the deprecation plan in:
https://android.googlesource.com/platform/prebuilts/clang/host/linux-x86/+/master/GCC_4_9_DEPRECATION.md


  CC      mm/compaction.o
  CC      lib/list_debug.o
Android GCC has been deprecated in favor of Clang, and will be removed from
Android in 2020-01 as per the deprecation plan in:
https://android.googlesource.com/platform/prebuilts/clang/host/linux-x86/+/master/GCC_4_9_DEPRECATION.md


Android GCC has been deprecated in favor of Clang, and will be removed from
Android in 2020-01 as per the deprecation plan in:
https://android.googlesource.com/platform/prebuilts/clang/host/linux-x86/+/master/GCC_4_9_DEPRECATION.md


Android GCC has been deprecated in favor of Clang, and will be removed from
Android in 2020-01 as per the deprecation plan in:
https://android.googlesource.com/platform/prebuilts/clang/host/linux-x86/+/master/GCC_4_9_DEPRECATION.md


Android GCC has been deprecated in favor of Clang, and will be removed from
Android in 2020-01 as per the deprecation plan in:
https://android.googlesource.com/platform/prebuilts/clang/host/linux-x86/+/master/GCC_4_9_DEPRECATION.md


Android GCC has been deprecated in favor of Clang, and will be removed from
Android in 2020-01 as per the deprecation plan in:
https://android.googlesource.com/platform/prebuilts/clang/host/linux-x86/+/master/GCC_4_9_DEPRECATION.md


Android GCC has been deprecated in favor of Clang, and will be removed from
Android in 2020-01 as per the deprecation plan in:
https://android.googlesource.com/platform/prebuilts/clang/host/linux-x86/+/master/GCC_4_9_DEPRECATION.md


Android GCC has been deprecated in favor of Clang, and will be removed from
Android in 2020-01 as per the deprecation plan in:
https://android.googlesource.com/platform/prebuilts/clang/host/linux-x86/+/master/GCC_4_9_DEPRECATION.md


  LD      net/packet/built-in.o
  CC      sound/core/info.o
Android GCC has been deprecated in favor of Clang, and will be removed from
Android in 2020-01 as per the deprecation plan in:
https://android.googlesource.com/platform/prebuilts/clang/host/linux-x86/+/master/GCC_4_9_DEPRECATION.md


  LD      security/selinux/selinux.o
  CC      mm/balloon_compaction.o
Android GCC has been deprecated in favor of Clang, and will be removed from
Android in 2020-01 as per the deprecation plan in:
https://android.googlesource.com/platform/prebuilts/clang/host/linux-x86/+/master/GCC_4_9_DEPRECATION.md


  CC      net/nfc/llcp_sock.o
Android GCC has been deprecated in favor of Clang, and will be removed from
Android in 2020-01 as per the deprecation plan in:
https://android.googlesource.com/platform/prebuilts/clang/host/linux-x86/+/master/GCC_4_9_DEPRECATION.md


Android GCC has been deprecated in favor of Clang, and will be removed from
Android in 2020-01 as per the deprecation plan in:
https://android.googlesource.com/platform/prebuilts/clang/host/linux-x86/+/master/GCC_4_9_DEPRECATION.md


Android GCC has been deprecated in favor of Clang, and will be removed from
Android in 2020-01 as per the deprecation plan in:
https://android.googlesource.com/platform/prebuilts/clang/host/linux-x86/+/master/GCC_4_9_DEPRECATION.md


  LD      security/selinux/built-in.o
  LD      net/rfkill/rfkill.o
  LD      net/rfkill/built-in.o
  CC      drivers/base/power/main.o
  CC      security/inode.o
Android GCC has been deprecated in favor of Clang, and will be removed from
Android in 2020-01 as per the deprecation plan in:
https://android.googlesource.com/platform/prebuilts/clang/host/linux-x86/+/master/GCC_4_9_DEPRECATION.md


  CC      crypto/seqiv.o
Android GCC has been deprecated in favor of Clang, and will be removed from
Android in 2020-01 as per the deprecation plan in:
https://android.googlesource.com/platform/prebuilts/clang/host/linux-x86/+/master/GCC_4_9_DEPRECATION.md


Android GCC has been deprecated in favor of Clang, and will be removed from
Android in 2020-01 as per the deprecation plan in:
https://android.googlesource.com/platform/prebuilts/clang/host/linux-x86/+/master/GCC_4_9_DEPRECATION.md


  CC      drivers/clk/samsung/clk-pll.o
Android GCC has been deprecated in favor of Clang, and will be removed from
Android in 2020-01 as per the deprecation plan in:
https://android.googlesource.com/platform/prebuilts/clang/host/linux-x86/+/master/GCC_4_9_DEPRECATION.md


Android GCC has been deprecated in favor of Clang, and will be removed from
Android in 2020-01 as per the deprecation plan in:
https://android.googlesource.com/platform/prebuilts/clang/host/linux-x86/+/master/GCC_4_9_DEPRECATION.md


Android GCC has been deprecated in favor of Clang, and will be removed from
Android in 2020-01 as per the deprecation plan in:
https://android.googlesource.com/platform/prebuilts/clang/host/linux-x86/+/master/GCC_4_9_DEPRECATION.md


  CC      mm/interval_tree.o
In file included from include/trace/define_trace.h:86:0,
                 from include/trace/events/compaction.h:74,
                 from mm/compaction.c:39:
include/trace/events/compaction.h: In function 'perf_trace_mm_compaction_isolate_template':
include/trace/ftrace.h:653:6: warning: unused variable '__addr' [-Wunused-variable]
  u64 __addr = 0, __count = 1;     \
      ^
include/trace/events/compaction.h:11:1: note: in expansion of macro 'DECLARE_EVENT_CLASS'
 DECLARE_EVENT_CLASS(mm_compaction_isolate_template,
 ^
include/trace/events/compaction.h: In function 'perf_trace_mm_compaction_migratepages':
include/trace/ftrace.h:653:6: warning: unused variable '__addr' [-Wunused-variable]
  u64 __addr = 0, __count = 1;     \
      ^
include/trace/ftrace.h:32:2: note: in expansion of macro 'DECLARE_EVENT_CLASS'
  DECLARE_EVENT_CLASS(name,          \
  ^
include/trace/events/compaction.h:48:1: note: in expansion of macro 'TRACE_EVENT'
 TRACE_EVENT(mm_compaction_migratepages,
 ^
  CC      lib/bitrev.o
Android GCC has been deprecated in favor of Clang, and will be removed from
Android in 2020-01 as per the deprecation plan in:
https://android.googlesource.com/platform/prebuilts/clang/host/linux-x86/+/master/GCC_4_9_DEPRECATION.md


  CC      net/netfilter/nf_conntrack_core.o
Android GCC has been deprecated in favor of Clang, and will be removed from
Android in 2020-01 as per the deprecation plan in:
https://android.googlesource.com/platform/prebuilts/clang/host/linux-x86/+/master/GCC_4_9_DEPRECATION.md


  CC      net/ipv4/ip_options.o
Android GCC has been deprecated in favor of Clang, and will be removed from
Android in 2020-01 as per the deprecation plan in:
https://android.googlesource.com/platform/prebuilts/clang/host/linux-x86/+/master/GCC_4_9_DEPRECATION.md


  CC      kernel/workqueue.o
  CC      net/netfilter/nf_conntrack_standalone.o
  CC      net/core/scm.o
Android GCC has been deprecated in favor of Clang, and will be removed from
Android in 2020-01 as per the deprecation plan in:
https://android.googlesource.com/platform/prebuilts/clang/host/linux-x86/+/master/GCC_4_9_DEPRECATION.md


Android GCC has been deprecated in favor of Clang, and will be removed from
Android in 2020-01 as per the deprecation plan in:
https://android.googlesource.com/platform/prebuilts/clang/host/linux-x86/+/master/GCC_4_9_DEPRECATION.md


Android GCC has been deprecated in favor of Clang, and will be removed from
Android in 2020-01 as per the deprecation plan in:
https://android.googlesource.com/platform/prebuilts/clang/host/linux-x86/+/master/GCC_4_9_DEPRECATION.md


Android GCC has been deprecated in favor of Clang, and will be removed from
Android in 2020-01 as per the deprecation plan in:
https://android.googlesource.com/platform/prebuilts/clang/host/linux-x86/+/master/GCC_4_9_DEPRECATION.md


Android GCC has been deprecated in favor of Clang, and will be removed from
Android in 2020-01 as per the deprecation plan in:
https://android.googlesource.com/platform/prebuilts/clang/host/linux-x86/+/master/GCC_4_9_DEPRECATION.md


Android GCC has been deprecated in favor of Clang, and will be removed from
Android in 2020-01 as per the deprecation plan in:
https://android.googlesource.com/platform/prebuilts/clang/host/linux-x86/+/master/GCC_4_9_DEPRECATION.md


  CC      drivers/clk/samsung/clk-exynos5433.o
Android GCC has been deprecated in favor of Clang, and will be removed from
Android in 2020-01 as per the deprecation plan in:
https://android.googlesource.com/platform/prebuilts/clang/host/linux-x86/+/master/GCC_4_9_DEPRECATION.md


Android GCC has been deprecated in favor of Clang, and will be removed from
Android in 2020-01 as per the deprecation plan in:
https://android.googlesource.com/platform/prebuilts/clang/host/linux-x86/+/master/GCC_4_9_DEPRECATION.md


Android GCC has been deprecated in favor of Clang, and will be removed from
Android in 2020-01 as per the deprecation plan in:
https://android.googlesource.com/platform/prebuilts/clang/host/linux-x86/+/master/GCC_4_9_DEPRECATION.md


Android GCC has been deprecated in favor of Clang, and will be removed from
Android in 2020-01 as per the deprecation plan in:
https://android.googlesource.com/platform/prebuilts/clang/host/linux-x86/+/master/GCC_4_9_DEPRECATION.md


  CC      net/bluetooth/l2cap_core.o
Android GCC has been deprecated in favor of Clang, and will be removed from
Android in 2020-01 as per the deprecation plan in:
https://android.googlesource.com/platform/prebuilts/clang/host/linux-x86/+/master/GCC_4_9_DEPRECATION.md


  CC      net/phonet/socket.o
  LD      block/built-in.o
  CC      lib/crc-ccitt.o
Android GCC has been deprecated in favor of Clang, and will be removed from
Android in 2020-01 as per the deprecation plan in:
https://android.googlesource.com/platform/prebuilts/clang/host/linux-x86/+/master/GCC_4_9_DEPRECATION.md


  CC      net/netfilter/nf_conntrack_expect.o
Android GCC has been deprecated in favor of Clang, and will be removed from
Android in 2020-01 as per the deprecation plan in:
https://android.googlesource.com/platform/prebuilts/clang/host/linux-x86/+/master/GCC_4_9_DEPRECATION.md


  CC      fs/namespace.o
Android GCC has been deprecated in favor of Clang, and will be removed from
Android in 2020-01 as per the deprecation plan in:
https://android.googlesource.com/platform/prebuilts/clang/host/linux-x86/+/master/GCC_4_9_DEPRECATION.md


In file included from include/trace/define_trace.h:86:0,
                 from include/trace/events/workqueue.h:121,
                 from kernel/workqueue.c:320:
include/trace/events/workqueue.h: In function 'perf_trace_workqueue_work':
include/trace/ftrace.h:653:6: warning: unused variable '__addr' [-Wunused-variable]
  u64 __addr = 0, __count = 1;     \
      ^
include/trace/events/workqueue.h:10:1: note: in expansion of macro 'DECLARE_EVENT_CLASS'
 DECLARE_EVENT_CLASS(workqueue_work,
 ^
include/trace/events/workqueue.h: In function 'perf_trace_workqueue_queue_work':
include/trace/ftrace.h:653:6: warning: unused variable '__addr' [-Wunused-variable]
  u64 __addr = 0, __count = 1;     \
      ^
include/trace/ftrace.h:32:2: note: in expansion of macro 'DECLARE_EVENT_CLASS'
  DECLARE_EVENT_CLASS(name,          \
  ^
include/trace/events/workqueue.h:37:1: note: in expansion of macro 'TRACE_EVENT'
 TRACE_EVENT(workqueue_queue_work,
 ^
include/trace/events/workqueue.h: In function 'perf_trace_workqueue_execute_start':
include/trace/ftrace.h:653:6: warning: unused variable '__addr' [-Wunused-variable]
  u64 __addr = 0, __count = 1;     \
      ^
include/trace/ftrace.h:32:2: note: in expansion of macro 'DECLARE_EVENT_CLASS'
  DECLARE_EVENT_CLASS(name,          \
  ^
include/trace/events/workqueue.h:86:1: note: in expansion of macro 'TRACE_EVENT'
 TRACE_EVENT(workqueue_execute_start,
 ^
Android GCC has been deprecated in favor of Clang, and will be removed from
Android in 2020-01 as per the deprecation plan in:
https://android.googlesource.com/platform/prebuilts/clang/host/linux-x86/+/master/GCC_4_9_DEPRECATION.md


  CC      net/sched/sch_generic.o
Android GCC has been deprecated in favor of Clang, and will be removed from
Android in 2020-01 as per the deprecation plan in:
https://android.googlesource.com/platform/prebuilts/clang/host/linux-x86/+/master/GCC_4_9_DEPRECATION.md


  CC      lib/crc16.o
  CC      drivers/base/regmap/regmap.o
  CC      net/sched/sch_mq.o
Android GCC has been deprecated in favor of Clang, and will be removed from
Android in 2020-01 as per the deprecation plan in:
https://android.googlesource.com/platform/prebuilts/clang/host/linux-x86/+/master/GCC_4_9_DEPRECATION.md


Android GCC has been deprecated in favor of Clang, and will be removed from
Android in 2020-01 as per the deprecation plan in:
https://android.googlesource.com/platform/prebuilts/clang/host/linux-x86/+/master/GCC_4_9_DEPRECATION.md


  LD      crypto/crypto_hash.o
Android GCC has been deprecated in favor of Clang, and will be removed from
Android in 2020-01 as per the deprecation plan in:
https://android.googlesource.com/platform/prebuilts/clang/host/linux-x86/+/master/GCC_4_9_DEPRECATION.md


  CC      crypto/pcompress.o
Android GCC has been deprecated in favor of Clang, and will be removed from
Android in 2020-01 as per the deprecation plan in:
https://android.googlesource.com/platform/prebuilts/clang/host/linux-x86/+/master/GCC_4_9_DEPRECATION.md


Android GCC has been deprecated in favor of Clang, and will be removed from
Android in 2020-01 as per the deprecation plan in:
https://android.googlesource.com/platform/prebuilts/clang/host/linux-x86/+/master/GCC_4_9_DEPRECATION.md


Android GCC has been deprecated in favor of Clang, and will be removed from
Android in 2020-01 as per the deprecation plan in:
https://android.googlesource.com/platform/prebuilts/clang/host/linux-x86/+/master/GCC_4_9_DEPRECATION.md


  CC      net/ipv6/addrconf.o
  CC      net/ipv6/addrlabel.o
Android GCC has been deprecated in favor of Clang, and will be removed from
Android in 2020-01 as per the deprecation plan in:
https://android.googlesource.com/platform/prebuilts/clang/host/linux-x86/+/master/GCC_4_9_DEPRECATION.md


  CC      net/sched/sch_api.o
Android GCC has been deprecated in favor of Clang, and will be removed from
Android in 2020-01 as per the deprecation plan in:
https://android.googlesource.com/platform/prebuilts/clang/host/linux-x86/+/master/GCC_4_9_DEPRECATION.md


Android GCC has been deprecated in favor of Clang, and will be removed from
Android in 2020-01 as per the deprecation plan in:
https://android.googlesource.com/platform/prebuilts/clang/host/linux-x86/+/master/GCC_4_9_DEPRECATION.md


  CC      security/lsm_audit.o
Android GCC has been deprecated in favor of Clang, and will be removed from
Android in 2020-01 as per the deprecation plan in:
https://android.googlesource.com/platform/prebuilts/clang/host/linux-x86/+/master/GCC_4_9_DEPRECATION.md


Android GCC has been deprecated in favor of Clang, and will be removed from
Android in 2020-01 as per the deprecation plan in:
https://android.googlesource.com/platform/prebuilts/clang/host/linux-x86/+/master/GCC_4_9_DEPRECATION.md


Android GCC has been deprecated in favor of Clang, and will be removed from
Android in 2020-01 as per the deprecation plan in:
https://android.googlesource.com/platform/prebuilts/clang/host/linux-x86/+/master/GCC_4_9_DEPRECATION.md


  CC      net/ipv4/ip_output.o
Android GCC has been deprecated in favor of Clang, and will be removed from
Android in 2020-01 as per the deprecation plan in:
https://android.googlesource.com/platform/prebuilts/clang/host/linux-x86/+/master/GCC_4_9_DEPRECATION.md


  CC      mm/fremap.o
  CC      sound/core/control.o
In file included from include/trace/define_trace.h:86:0,
                 from include/trace/events/regmap.h:229,
                 from drivers/base/regmap/regmap.c:22:
include/trace/events/regmap.h: In function 'perf_trace_regmap_reg':
include/trace/ftrace.h:653:6: warning: unused variable '__addr' [-Wunused-variable]
  u64 __addr = 0, __count = 1;     \
      ^
include/trace/events/regmap.h:16:1: note: in expansion of macro 'DECLARE_EVENT_CLASS'
 DECLARE_EVENT_CLASS(regmap_reg,
 ^
include/trace/events/regmap.h: In function 'perf_trace_regmap_block':
include/trace/ftrace.h:653:6: warning: unused variable '__addr' [-Wunused-variable]
  u64 __addr = 0, __count = 1;     \
      ^
include/trace/events/regmap.h:67:1: note: in expansion of macro 'DECLARE_EVENT_CLASS'
 DECLARE_EVENT_CLASS(regmap_block,
 ^
Android GCC has been deprecated in favor of Clang, and will be removed from
Android in 2020-01 as per the deprecation plan in:
https://android.googlesource.com/platform/prebuilts/clang/host/linux-x86/+/master/GCC_4_9_DEPRECATION.md


include/trace/events/regmap.h: In function 'perf_trace_regcache_sync':
include/trace/ftrace.h:653:6: warning: unused variable '__addr' [-Wunused-variable]
  u64 __addr = 0, __count = 1;     \
      ^
include/trace/ftrace.h:32:2: note: in expansion of macro 'DECLARE_EVENT_CLASS'
  DECLARE_EVENT_CLASS(name,          \
  ^
include/trace/events/regmap.h:118:1: note: in expansion of macro 'TRACE_EVENT'
 TRACE_EVENT(regcache_sync,
 ^
include/trace/events/regmap.h: In function 'perf_trace_regmap_bool':
include/trace/ftrace.h:653:6: warning: unused variable '__addr' [-Wunused-variable]
  u64 __addr = 0, __count = 1;     \
      ^
include/trace/events/regmap.h:142:1: note: in expansion of macro 'DECLARE_EVENT_CLASS'
 DECLARE_EVENT_CLASS(regmap_bool,
 ^
include/trace/events/regmap.h: In function 'perf_trace_regmap_async':
include/trace/ftrace.h:653:6: warning: unused variable '__addr' [-Wunused-variable]
  u64 __addr = 0, __count = 1;     \
      ^
include/trace/events/regmap.h:178:1: note: in expansion of macro 'DECLARE_EVENT_CLASS'
 DECLARE_EVENT_CLASS(regmap_async,
 ^
Android GCC has been deprecated in favor of Clang, and will be removed from
Android in 2020-01 as per the deprecation plan in:
https://android.googlesource.com/platform/prebuilts/clang/host/linux-x86/+/master/GCC_4_9_DEPRECATION.md


Android GCC has been deprecated in favor of Clang, and will be removed from
Android in 2020-01 as per the deprecation plan in:
https://android.googlesource.com/platform/prebuilts/clang/host/linux-x86/+/master/GCC_4_9_DEPRECATION.md


  CC      lib/crc32.o
  LD      net/nfc/nfc.o
Android GCC has been deprecated in favor of Clang, and will be removed from
Android in 2020-01 as per the deprecation plan in:
https://android.googlesource.com/platform/prebuilts/clang/host/linux-x86/+/master/GCC_4_9_DEPRECATION.md


  LD      net/nfc/built-in.o
  CC      drivers/clk/samsung/init-exynos5433.o
  CC      net/bluetooth/l2cap_sock.o
Android GCC has been deprecated in favor of Clang, and will be removed from
Android in 2020-01 as per the deprecation plan in:
https://android.googlesource.com/platform/prebuilts/clang/host/linux-x86/+/master/GCC_4_9_DEPRECATION.md


Android GCC has been deprecated in favor of Clang, and will be removed from
Android in 2020-01 as per the deprecation plan in:
https://android.googlesource.com/platform/prebuilts/clang/host/linux-x86/+/master/GCC_4_9_DEPRECATION.md


Android GCC has been deprecated in favor of Clang, and will be removed from
Android in 2020-01 as per the deprecation plan in:
https://android.googlesource.com/platform/prebuilts/clang/host/linux-x86/+/master/GCC_4_9_DEPRECATION.md


Android GCC has been deprecated in favor of Clang, and will be removed from
Android in 2020-01 as per the deprecation plan in:
https://android.googlesource.com/platform/prebuilts/clang/host/linux-x86/+/master/GCC_4_9_DEPRECATION.md


Android GCC has been deprecated in favor of Clang, and will be removed from
Android in 2020-01 as per the deprecation plan in:
https://android.googlesource.com/platform/prebuilts/clang/host/linux-x86/+/master/GCC_4_9_DEPRECATION.md


Android GCC has been deprecated in favor of Clang, and will be removed from
Android in 2020-01 as per the deprecation plan in:
https://android.googlesource.com/platform/prebuilts/clang/host/linux-x86/+/master/GCC_4_9_DEPRECATION.md


  CC      sound/core/misc.o
  CC      drivers/base/power/wakeup.o
Android GCC has been deprecated in favor of Clang, and will be removed from
Android in 2020-01 as per the deprecation plan in:
https://android.googlesource.com/platform/prebuilts/clang/host/linux-x86/+/master/GCC_4_9_DEPRECATION.md


  CC      net/unix/af_unix.o
Android GCC has been deprecated in favor of Clang, and will be removed from
Android in 2020-01 as per the deprecation plan in:
https://android.googlesource.com/platform/prebuilts/clang/host/linux-x86/+/master/GCC_4_9_DEPRECATION.md


  LD      crypto/cryptomgr.o
Android GCC has been deprecated in favor of Clang, and will be removed from
Android in 2020-01 as per the deprecation plan in:
https://android.googlesource.com/platform/prebuilts/clang/host/linux-x86/+/master/GCC_4_9_DEPRECATION.md


  CC      net/core/gen_stats.o
  CC      crypto/hmac.o
Android GCC has been deprecated in favor of Clang, and will be removed from
Android in 2020-01 as per the deprecation plan in:
https://android.googlesource.com/platform/prebuilts/clang/host/linux-x86/+/master/GCC_4_9_DEPRECATION.md


  CC      drivers/clk/samsung/clk-exynos-audss.o
Android GCC has been deprecated in favor of Clang, and will be removed from
Android in 2020-01 as per the deprecation plan in:
https://android.googlesource.com/platform/prebuilts/clang/host/linux-x86/+/master/GCC_4_9_DEPRECATION.md


Android GCC has been deprecated in favor of Clang, and will be removed from
Android in 2020-01 as per the deprecation plan in:
https://android.googlesource.com/platform/prebuilts/clang/host/linux-x86/+/master/GCC_4_9_DEPRECATION.md


Android GCC has been deprecated in favor of Clang, and will be removed from
Android in 2020-01 as per the deprecation plan in:
https://android.googlesource.com/platform/prebuilts/clang/host/linux-x86/+/master/GCC_4_9_DEPRECATION.md


Android GCC has been deprecated in favor of Clang, and will be removed from
Android in 2020-01 as per the deprecation plan in:
https://android.googlesource.com/platform/prebuilts/clang/host/linux-x86/+/master/GCC_4_9_DEPRECATION.md


Android GCC has been deprecated in favor of Clang, and will be removed from
Android in 2020-01 as per the deprecation plan in:
https://android.googlesource.com/platform/prebuilts/clang/host/linux-x86/+/master/GCC_4_9_DEPRECATION.md


Android GCC has been deprecated in favor of Clang, and will be removed from
Android in 2020-01 as per the deprecation plan in:
https://android.googlesource.com/platform/prebuilts/clang/host/linux-x86/+/master/GCC_4_9_DEPRECATION.md


  CC      crypto/crypto_null.o
Android GCC has been deprecated in favor of Clang, and will be removed from
Android in 2020-01 as per the deprecation plan in:
https://android.googlesource.com/platform/prebuilts/clang/host/linux-x86/+/master/GCC_4_9_DEPRECATION.md


  CC      security/tima_uevent/tima_uevent.o
Android GCC has been deprecated in favor of Clang, and will be removed from
Android in 2020-01 as per the deprecation plan in:
https://android.googlesource.com/platform/prebuilts/clang/host/linux-x86/+/master/GCC_4_9_DEPRECATION.md


Android GCC has been deprecated in favor of Clang, and will be removed from
Android in 2020-01 as per the deprecation plan in:
https://android.googlesource.com/platform/prebuilts/clang/host/linux-x86/+/master/GCC_4_9_DEPRECATION.md


Android GCC has been deprecated in favor of Clang, and will be removed from
Android in 2020-01 as per the deprecation plan in:
https://android.googlesource.com/platform/prebuilts/clang/host/linux-x86/+/master/GCC_4_9_DEPRECATION.md


  CC      drivers/cpufreq/cpufreq.o
Android GCC has been deprecated in favor of Clang, and will be removed from
Android in 2020-01 as per the deprecation plan in:
https://android.googlesource.com/platform/prebuilts/clang/host/linux-x86/+/master/GCC_4_9_DEPRECATION.md


Android GCC has been deprecated in favor of Clang, and will be removed from
Android in 2020-01 as per the deprecation plan in:
https://android.googlesource.com/platform/prebuilts/clang/host/linux-x86/+/master/GCC_4_9_DEPRECATION.md


  CC      lib/libcrc32c.o
  CC      mm/highmem.o
  CC      drivers/clk/samsung/clk-exynos-pwm.o
Android GCC has been deprecated in favor of Clang, and will be removed from
Android in 2020-01 as per the deprecation plan in:
https://android.googlesource.com/platform/prebuilts/clang/host/linux-x86/+/master/GCC_4_9_DEPRECATION.md


  CC      net/phonet/datagram.o
Android GCC has been deprecated in favor of Clang, and will be removed from
Android in 2020-01 as per the deprecation plan in:
https://android.googlesource.com/platform/prebuilts/clang/host/linux-x86/+/master/GCC_4_9_DEPRECATION.md


Android GCC has been deprecated in favor of Clang, and will be removed from
Android in 2020-01 as per the deprecation plan in:
https://android.googlesource.com/platform/prebuilts/clang/host/linux-x86/+/master/GCC_4_9_DEPRECATION.md


Android GCC has been deprecated in favor of Clang, and will be removed from
Android in 2020-01 as per the deprecation plan in:
https://android.googlesource.com/platform/prebuilts/clang/host/linux-x86/+/master/GCC_4_9_DEPRECATION.md


  CC      net/wireless/core.o
Android GCC has been deprecated in favor of Clang, and will be removed from
Android in 2020-01 as per the deprecation plan in:
https://android.googlesource.com/platform/prebuilts/clang/host/linux-x86/+/master/GCC_4_9_DEPRECATION.md


Android GCC has been deprecated in favor of Clang, and will be removed from
Android in 2020-01 as per the deprecation plan in:
https://android.googlesource.com/platform/prebuilts/clang/host/linux-x86/+/master/GCC_4_9_DEPRECATION.md


  CC      drivers/cpufreq/cpu_load_metric.o
  CC      net/netfilter/nf_conntrack_helper.o
  CC      crypto/md4.o
  CC      kernel/pid.o
  CC      mm/madvise.o
Android GCC has been deprecated in favor of Clang, and will be removed from
Android in 2020-01 as per the deprecation plan in:
https://android.googlesource.com/platform/prebuilts/clang/host/linux-x86/+/master/GCC_4_9_DEPRECATION.md


Android GCC has been deprecated in favor of Clang, and will be removed from
Android in 2020-01 as per the deprecation plan in:
https://android.googlesource.com/platform/prebuilts/clang/host/linux-x86/+/master/GCC_4_9_DEPRECATION.md


Android GCC has been deprecated in favor of Clang, and will be removed from
Android in 2020-01 as per the deprecation plan in:
https://android.googlesource.com/platform/prebuilts/clang/host/linux-x86/+/master/GCC_4_9_DEPRECATION.md


Android GCC has been deprecated in favor of Clang, and will be removed from
Android in 2020-01 as per the deprecation plan in:
https://android.googlesource.com/platform/prebuilts/clang/host/linux-x86/+/master/GCC_4_9_DEPRECATION.md


Android GCC has been deprecated in favor of Clang, and will be removed from
Android in 2020-01 as per the deprecation plan in:
https://android.googlesource.com/platform/prebuilts/clang/host/linux-x86/+/master/GCC_4_9_DEPRECATION.md


Android GCC has been deprecated in favor of Clang, and will be removed from
Android in 2020-01 as per the deprecation plan in:
https://android.googlesource.com/platform/prebuilts/clang/host/linux-x86/+/master/GCC_4_9_DEPRECATION.md


Android GCC has been deprecated in favor of Clang, and will be removed from
Android in 2020-01 as per the deprecation plan in:
https://android.googlesource.com/platform/prebuilts/clang/host/linux-x86/+/master/GCC_4_9_DEPRECATION.md


Android GCC has been deprecated in favor of Clang, and will be removed from
Android in 2020-01 as per the deprecation plan in:
https://android.googlesource.com/platform/prebuilts/clang/host/linux-x86/+/master/GCC_4_9_DEPRECATION.md


Android GCC has been deprecated in favor of Clang, and will be removed from
Android in 2020-01 as per the deprecation plan in:
https://android.googlesource.com/platform/prebuilts/clang/host/linux-x86/+/master/GCC_4_9_DEPRECATION.md


Android GCC has been deprecated in favor of Clang, and will be removed from
Android in 2020-01 as per the deprecation plan in:
https://android.googlesource.com/platform/prebuilts/clang/host/linux-x86/+/master/GCC_4_9_DEPRECATION.md


  LD      drivers/clk/samsung/built-in.o
  CC      lib/genalloc.o
Android GCC has been deprecated in favor of Clang, and will be removed from
Android in 2020-01 as per the deprecation plan in:
https://android.googlesource.com/platform/prebuilts/clang/host/linux-x86/+/master/GCC_4_9_DEPRECATION.md


  CC      net/core/gen_estimator.o
  LD      drivers/clk/built-in.o
Android GCC has been deprecated in favor of Clang, and will be removed from
Android in 2020-01 as per the deprecation plan in:
https://android.googlesource.com/platform/prebuilts/clang/host/linux-x86/+/master/GCC_4_9_DEPRECATION.md


Android GCC has been deprecated in favor of Clang, and will be removed from
Android in 2020-01 as per the deprecation plan in:
https://android.googlesource.com/platform/prebuilts/clang/host/linux-x86/+/master/GCC_4_9_DEPRECATION.md

Android GCC has been deprecated in favor of Clang, and will be removed from
Android in 2020-01 as per the deprecation plan in:
https://android.googlesource.com/platform/prebuilts/clang/host/linux-x86/+/master/GCC_4_9_DEPRECATION.md



  CC      mm/memory.o
  CC      lib/lz4/lz4_compress.o
  CC      sound/core/device.o
  LD      security/built-in.o
Android GCC has been deprecated in favor of Clang, and will be removed from
Android in 2020-01 as per the deprecation plan in:
https://android.googlesource.com/platform/prebuilts/clang/host/linux-x86/+/master/GCC_4_9_DEPRECATION.md


Android GCC has been deprecated in favor of Clang, and will be removed from
Android in 2020-01 as per the deprecation plan in:
https://android.googlesource.com/platform/prebuilts/clang/host/linux-x86/+/master/GCC_4_9_DEPRECATION.md


Android GCC has been deprecated in favor of Clang, and will be removed from
Android in 2020-01 as per the deprecation plan in:
https://android.googlesource.com/platform/prebuilts/clang/host/linux-x86/+/master/GCC_4_9_DEPRECATION.md


  CC      drivers/base/regmap/regcache.o
  CC      drivers/base/power/runtime.o
Android GCC has been deprecated in favor of Clang, and will be removed from
Android in 2020-01 as per the deprecation plan in:
https://android.googlesource.com/platform/prebuilts/clang/host/linux-x86/+/master/GCC_4_9_DEPRECATION.md


Android GCC has been deprecated in favor of Clang, and will be removed from
Android in 2020-01 as per the deprecation plan in:
https://android.googlesource.com/platform/prebuilts/clang/host/linux-x86/+/master/GCC_4_9_DEPRECATION.md


Android GCC has been deprecated in favor of Clang, and will be removed from
Android in 2020-01 as per the deprecation plan in:
https://android.googlesource.com/platform/prebuilts/clang/host/linux-x86/+/master/GCC_4_9_DEPRECATION.md


  CC      lib/lz4/lz4hc_compress.o
Android GCC has been deprecated in favor of Clang, and will be removed from
Android in 2020-01 as per the deprecation plan in:
https://android.googlesource.com/platform/prebuilts/clang/host/linux-x86/+/master/GCC_4_9_DEPRECATION.md


Android GCC has been deprecated in favor of Clang, and will be removed from
Android in 2020-01 as per the deprecation plan in:
https://android.googlesource.com/platform/prebuilts/clang/host/linux-x86/+/master/GCC_4_9_DEPRECATION.md


  CC      fs/seq_file.o
  CC      net/phonet/sysctl.o
Android GCC has been deprecated in favor of Clang, and will be removed from
Android in 2020-01 as per the deprecation plan in:
https://android.googlesource.com/platform/prebuilts/clang/host/linux-x86/+/master/GCC_4_9_DEPRECATION.md


  CC      crypto/md5.o
Android GCC has been deprecated in favor of Clang, and will be removed from
Android in 2020-01 as per the deprecation plan in:
https://android.googlesource.com/platform/prebuilts/clang/host/linux-x86/+/master/GCC_4_9_DEPRECATION.md


Android GCC has been deprecated in favor of Clang, and will be removed from
Android in 2020-01 as per the deprecation plan in:
https://android.googlesource.com/platform/prebuilts/clang/host/linux-x86/+/master/GCC_4_9_DEPRECATION.md


Android GCC has been deprecated in favor of Clang, and will be removed from
Android in 2020-01 as per the deprecation plan in:
https://android.googlesource.com/platform/prebuilts/clang/host/linux-x86/+/master/GCC_4_9_DEPRECATION.md


  CC      net/sched/sch_blackhole.o
Android GCC has been deprecated in favor of Clang, and will be removed from
Android in 2020-01 as per the deprecation plan in:
https://android.googlesource.com/platform/prebuilts/clang/host/linux-x86/+/master/GCC_4_9_DEPRECATION.md


Android GCC has been deprecated in favor of Clang, and will be removed from
Android in 2020-01 as per the deprecation plan in:
https://android.googlesource.com/platform/prebuilts/clang/host/linux-x86/+/master/GCC_4_9_DEPRECATION.md


Android GCC has been deprecated in favor of Clang, and will be removed from
Android in 2020-01 as per the deprecation plan in:
https://android.googlesource.com/platform/prebuilts/clang/host/linux-x86/+/master/GCC_4_9_DEPRECATION.md


  CC      kernel/task_work.o
  CC      drivers/cpuidle/cpuidle.o
Android GCC has been deprecated in favor of Clang, and will be removed from
Android in 2020-01 as per the deprecation plan in:
https://android.googlesource.com/platform/prebuilts/clang/host/linux-x86/+/master/GCC_4_9_DEPRECATION.md


Android GCC has been deprecated in favor of Clang, and will be removed from
Android in 2020-01 as per the deprecation plan in:
https://android.googlesource.com/platform/prebuilts/clang/host/linux-x86/+/master/GCC_4_9_DEPRECATION.md


  CC      net/xfrm/xfrm_policy.o
Android GCC has been deprecated in favor of Clang, and will be removed from
Android in 2020-01 as per the deprecation plan in:
https://android.googlesource.com/platform/prebuilts/clang/host/linux-x86/+/master/GCC_4_9_DEPRECATION.md


Android GCC has been deprecated in favor of Clang, and will be removed from
Android in 2020-01 as per the deprecation plan in:
https://android.googlesource.com/platform/prebuilts/clang/host/linux-x86/+/master/GCC_4_9_DEPRECATION.md


  CC      sound/core/jack.o
Android GCC has been deprecated in favor of Clang, and will be removed from
Android in 2020-01 as per the deprecation plan in:
https://android.googlesource.com/platform/prebuilts/clang/host/linux-x86/+/master/GCC_4_9_DEPRECATION.md


Android GCC has been deprecated in favor of Clang, and will be removed from
Android in 2020-01 as per the deprecation plan in:
https://android.googlesource.com/platform/prebuilts/clang/host/linux-x86/+/master/GCC_4_9_DEPRECATION.md


Android GCC has been deprecated in favor of Clang, and will be removed from
Android in 2020-01 as per the deprecation plan in:
https://android.googlesource.com/platform/prebuilts/clang/host/linux-x86/+/master/GCC_4_9_DEPRECATION.md


Android GCC has been deprecated in favor of Clang, and will be removed from
Android in 2020-01 as per the deprecation plan in:
https://android.googlesource.com/platform/prebuilts/clang/host/linux-x86/+/master/GCC_4_9_DEPRECATION.md


  CC      fs/xattr.o
  CC      drivers/cpufreq/cpufreq_stats.o
Android GCC has been deprecated in favor of Clang, and will be removed from
Android in 2020-01 as per the deprecation plan in:
https://android.googlesource.com/platform/prebuilts/clang/host/linux-x86/+/master/GCC_4_9_DEPRECATION.md


Android GCC has been deprecated in favor of Clang, and will be removed from
Android in 2020-01 as per the deprecation plan in:
https://android.googlesource.com/platform/prebuilts/clang/host/linux-x86/+/master/GCC_4_9_DEPRECATION.md


  CC      lib/lz4/lz4_decompress.o
Android GCC has been deprecated in favor of Clang, and will be removed from
Android in 2020-01 as per the deprecation plan in:
https://android.googlesource.com/platform/prebuilts/clang/host/linux-x86/+/master/GCC_4_9_DEPRECATION.md


Android GCC has been deprecated in favor of Clang, and will be removed from
Android in 2020-01 as per the deprecation plan in:
https://android.googlesource.com/platform/prebuilts/clang/host/linux-x86/+/master/GCC_4_9_DEPRECATION.md


Android GCC has been deprecated in favor of Clang, and will be removed from
Android in 2020-01 as per the deprecation plan in:
https://android.googlesource.com/platform/prebuilts/clang/host/linux-x86/+/master/GCC_4_9_DEPRECATION.md


  CC      net/ipv4/ip_sockglue.o
Android GCC has been deprecated in favor of Clang, and will be removed from
Android in 2020-01 as per the deprecation plan in:
https://android.googlesource.com/platform/prebuilts/clang/host/linux-x86/+/master/GCC_4_9_DEPRECATION.md


Android GCC has been deprecated in favor of Clang, and will be removed from
Android in 2020-01 as per the deprecation plan in:
https://android.googlesource.com/platform/prebuilts/clang/host/linux-x86/+/master/GCC_4_9_DEPRECATION.md


  CC      fs/libfs.o
  CC      crypto/sha1_generic.o
Android GCC has been deprecated in favor of Clang, and will be removed from
Android in 2020-01 as per the deprecation plan in:
https://android.googlesource.com/platform/prebuilts/clang/host/linux-x86/+/master/GCC_4_9_DEPRECATION.md


  CC      net/netfilter/nf_conntrack_proto.o
  CC      crypto/sha256_generic.o
  CC      kernel/rcupdate.o
Android GCC has been deprecated in favor of Clang, and will be removed from
Android in 2020-01 as per the deprecation plan in:
https://android.googlesource.com/platform/prebuilts/clang/host/linux-x86/+/master/GCC_4_9_DEPRECATION.md


Android GCC has been deprecated in favor of Clang, and will be removed from
Android in 2020-01 as per the deprecation plan in:
https://android.googlesource.com/platform/prebuilts/clang/host/linux-x86/+/master/GCC_4_9_DEPRECATION.md


Android GCC has been deprecated in favor of Clang, and will be removed from
Android in 2020-01 as per the deprecation plan in:
https://android.googlesource.com/platform/prebuilts/clang/host/linux-x86/+/master/GCC_4_9_DEPRECATION.md


Android GCC has been deprecated in favor of Clang, and will be removed from
Android in 2020-01 as per the deprecation plan in:
https://android.googlesource.com/platform/prebuilts/clang/host/linux-x86/+/master/GCC_4_9_DEPRECATION.md


  CC      net/phonet/af_phonet.o
  CC      net/sched/cls_api.o
Android GCC has been deprecated in favor of Clang, and will be removed from
Android in 2020-01 as per the deprecation plan in:
https://android.googlesource.com/platform/prebuilts/clang/host/linux-x86/+/master/GCC_4_9_DEPRECATION.md


Android GCC has been deprecated in favor of Clang, and will be removed from
Android in 2020-01 as per the deprecation plan in:
https://android.googlesource.com/platform/prebuilts/clang/host/linux-x86/+/master/GCC_4_9_DEPRECATION.md


  CC      drivers/base/regmap/regcache-rbtree.o
Android GCC has been deprecated in favor of Clang, and will be removed from
Android in 2020-01 as per the deprecation plan in:
https://android.googlesource.com/platform/prebuilts/clang/host/linux-x86/+/master/GCC_4_9_DEPRECATION.md


Android GCC has been deprecated in favor of Clang, and will be removed from
Android in 2020-01 as per the deprecation plan in:
https://android.googlesource.com/platform/prebuilts/clang/host/linux-x86/+/master/GCC_4_9_DEPRECATION.md


Android GCC has been deprecated in favor of Clang, and will be removed from
Android in 2020-01 as per the deprecation plan in:
https://android.googlesource.com/platform/prebuilts/clang/host/linux-x86/+/master/GCC_4_9_DEPRECATION.md


Android GCC has been deprecated in favor of Clang, and will be removed from
Android in 2020-01 as per the deprecation plan in:
https://android.googlesource.com/platform/prebuilts/clang/host/linux-x86/+/master/GCC_4_9_DEPRECATION.md


Android GCC has been deprecated in favor of Clang, and will be removed from
Android in 2020-01 as per the deprecation plan in:
https://android.googlesource.com/platform/prebuilts/clang/host/linux-x86/+/master/GCC_4_9_DEPRECATION.md


  CC      fs/fs-writeback.o
Android GCC has been deprecated in favor of Clang, and will be removed from
Android in 2020-01 as per the deprecation plan in:
https://android.googlesource.com/platform/prebuilts/clang/host/linux-x86/+/master/GCC_4_9_DEPRECATION.md


  CC      net/core/net_namespace.o
Android GCC has been deprecated in favor of Clang, and will be removed from
Android in 2020-01 as per the deprecation plan in:
https://android.googlesource.com/platform/prebuilts/clang/host/linux-x86/+/master/GCC_4_9_DEPRECATION.md


Android GCC has been deprecated in favor of Clang, and will be removed from
Android in 2020-01 as per the deprecation plan in:
https://android.googlesource.com/platform/prebuilts/clang/host/linux-x86/+/master/GCC_4_9_DEPRECATION.md


Android GCC has been deprecated in favor of Clang, and will be removed from
Android in 2020-01 as per the deprecation plan in:
https://android.googlesource.com/platform/prebuilts/clang/host/linux-x86/+/master/GCC_4_9_DEPRECATION.md


Android GCC has been deprecated in favor of Clang, and will be removed from
Android in 2020-01 as per the deprecation plan in:
https://android.googlesource.com/platform/prebuilts/clang/host/linux-x86/+/master/GCC_4_9_DEPRECATION.md


Android GCC has been deprecated in favor of Clang, and will be removed from
Android in 2020-01 as per the deprecation plan in:
https://android.googlesource.com/platform/prebuilts/clang/host/linux-x86/+/master/GCC_4_9_DEPRECATION.md


In file included from include/trace/define_trace.h:86:0,
                 from include/trace/events/rcu.h:685,
                 from kernel/rcupdate.c:52:
include/trace/events/rcu.h: In function 'perf_trace_rcu_utilization':
include/trace/ftrace.h:653:6: warning: unused variable '__addr' [-Wunused-variable]
  u64 __addr = 0, __count = 1;     \
      ^
include/trace/ftrace.h:32:2: note: in expansion of macro 'DECLARE_EVENT_CLASS'
  DECLARE_EVENT_CLASS(name,          \
  ^
include/trace/events/rcu.h:20:1: note: in expansion of macro 'TRACE_EVENT'
 TRACE_EVENT(rcu_utilization,
 ^
  LD      lib/lz4/built-in.o
  LD      sound/core/snd.o
  LD      sound/core/snd-hwdep.o
  LD      sound/core/snd-timer.o
  CC      lib/lzo/lzo1x_compress.o
  CC      drivers/cpuidle/driver.o
  LD      sound/core/snd-pcm.o
  CC      crypto/sha512_generic.o
Android GCC has been deprecated in favor of Clang, and will be removed from
Android in 2020-01 as per the deprecation plan in:
https://android.googlesource.com/platform/prebuilts/clang/host/linux-x86/+/master/GCC_4_9_DEPRECATION.md


Android GCC has been deprecated in favor of Clang, and will be removed from
Android in 2020-01 as per the deprecation plan in:
https://android.googlesource.com/platform/prebuilts/clang/host/linux-x86/+/master/GCC_4_9_DEPRECATION.md


  LD      sound/core/snd-page-alloc.o
Android GCC has been deprecated in favor of Clang, and will be removed from
Android in 2020-01 as per the deprecation plan in:
https://android.googlesource.com/platform/prebuilts/clang/host/linux-x86/+/master/GCC_4_9_DEPRECATION.md


  CC      drivers/base/power/opp.o
  LD      sound/core/snd-rawmidi.o
Android GCC has been deprecated in favor of Clang, and will be removed from
Android in 2020-01 as per the deprecation plan in:
https://android.googlesource.com/platform/prebuilts/clang/host/linux-x86/+/master/GCC_4_9_DEPRECATION.md


  CC      net/unix/garbage.o
  CC      drivers/cpufreq/cpufreq_performance.o
  LD      sound/core/snd-compress.o
Android GCC has been deprecated in favor of Clang, and will be removed from
Android in 2020-01 as per the deprecation plan in:
https://android.googlesource.com/platform/prebuilts/clang/host/linux-x86/+/master/GCC_4_9_DEPRECATION.md


Android GCC has been deprecated in favor of Clang, and will be removed from
Android in 2020-01 as per the deprecation plan in:
https://android.googlesource.com/platform/prebuilts/clang/host/linux-x86/+/master/GCC_4_9_DEPRECATION.md


  LD      sound/core/built-in.o
Android GCC has been deprecated in favor of Clang, and will be removed from
Android in 2020-01 as per the deprecation plan in:
https://android.googlesource.com/platform/prebuilts/clang/host/linux-x86/+/master/GCC_4_9_DEPRECATION.md


  CC      net/wireless/sysfs.o
Android GCC has been deprecated in favor of Clang, and will be removed from
Android in 2020-01 as per the deprecation plan in:
https://android.googlesource.com/platform/prebuilts/clang/host/linux-x86/+/master/GCC_4_9_DEPRECATION.md


Android GCC has been deprecated in favor of Clang, and will be removed from
Android in 2020-01 as per the deprecation plan in:
https://android.googlesource.com/platform/prebuilts/clang/host/linux-x86/+/master/GCC_4_9_DEPRECATION.md


  CC      drivers/base/regmap/regcache-lzo.o
In file included from include/trace/define_trace.h:86:0,
                 from include/trace/events/writeback.h:603,
                 from fs/fs-writeback.c:88:
include/trace/events/writeback.h: In function 'perf_trace_writeback_dirty_page':
include/trace/ftrace.h:653:6: warning: unused variable '__addr' [-Wunused-variable]
  u64 __addr = 0, __count = 1;     \
      ^
include/trace/ftrace.h:32:2: note: in expansion of macro 'DECLARE_EVENT_CLASS'
  DECLARE_EVENT_CLASS(name,          \
  ^
include/trace/events/writeback.h:35:1: note: in expansion of macro 'TRACE_EVENT'
 TRACE_EVENT(writeback_dirty_page,
 ^
include/trace/events/writeback.h: In function 'perf_trace_writeback_dirty_inode_template':
include/trace/ftrace.h:653:6: warning: unused variable '__addr' [-Wunused-variable]
  u64 __addr = 0, __count = 1;     \
      ^
include/trace/events/writeback.h:61:1: note: in expansion of macro 'DECLARE_EVENT_CLASS'
 DECLARE_EVENT_CLASS(writeback_dirty_inode_template,
 ^
include/trace/events/writeback.h: In function 'perf_trace_writeback_write_inode_template':
include/trace/ftrace.h:653:6: warning: unused variable '__addr' [-Wunused-variable]
  u64 __addr = 0, __count = 1;     \
      ^
include/trace/events/writeback.h:104:1: note: in expansion of macro 'DECLARE_EVENT_CLASS'
 DECLARE_EVENT_CLASS(writeback_write_inode_template,
 ^
include/trace/events/writeback.h: In function 'perf_trace_writeback_work_class':
include/trace/ftrace.h:653:6: warning: unused variable '__addr' [-Wunused-variable]
  u64 __addr = 0, __count = 1;     \
      ^
include/trace/events/writeback.h:144:1: note: in expansion of macro 'DECLARE_EVENT_CLASS'
 DECLARE_EVENT_CLASS(writeback_work_class,
 ^
include/trace/events/writeback.h: In function 'perf_trace_writeback_pages_written':
include/trace/ftrace.h:653:6: warning: unused variable '__addr' [-Wunused-variable]
  u64 __addr = 0, __count = 1;     \
      ^
include/trace/ftrace.h:32:2: note: in expansion of macro 'DECLARE_EVENT_CLASS'
  DECLARE_EVENT_CLASS(name,          \
  ^
include/trace/events/writeback.h:192:1: note: in expansion of macro 'TRACE_EVENT'
 TRACE_EVENT(writeback_pages_written,
 ^
include/trace/events/writeback.h: In function 'perf_trace_writeback_class':
include/trace/ftrace.h:653:6: warning: unused variable '__addr' [-Wunused-variable]
  u64 __addr = 0, __count = 1;     \
      ^
include/trace/events/writeback.h:204:1: note: in expansion of macro 'DECLARE_EVENT_CLASS'
 DECLARE_EVENT_CLASS(writeback_class,
 ^
Android GCC has been deprecated in favor of Clang, and will be removed from
Android in 2020-01 as per the deprecation plan in:
https://android.googlesource.com/platform/prebuilts/clang/host/linux-x86/+/master/GCC_4_9_DEPRECATION.md


include/trace/events/writeback.h: In function 'perf_trace_wbc_class':
include/trace/ftrace.h:653:6: warning: unused variable '__addr' [-Wunused-variable]
  u64 __addr = 0, __count = 1;     \
      ^
include/trace/events/writeback.h:227:1: note: in expansion of macro 'DECLARE_EVENT_CLASS'
 DECLARE_EVENT_CLASS(wbc_class,
 ^
Android GCC has been deprecated in favor of Clang, and will be removed from
Android in 2020-01 as per the deprecation plan in:
https://android.googlesource.com/platform/prebuilts/clang/host/linux-x86/+/master/GCC_4_9_DEPRECATION.md

include/trace/events/writeback.h: In function 'perf_trace_writeback_queue_io':
include/trace/ftrace.h:653:6: warning: unused variable '__addr' [-Wunused-variable]
  u64 __addr = 0, __count = 1;     \
      ^
include/trace/ftrace.h:32:2: note: in expansion of macro 'DECLARE_EVENT_CLASS'
  DECLARE_EVENT_CLASS(name,          \
  ^
include/trace/events/writeback.h:277:1: note: in expansion of macro 'TRACE_EVENT'
 TRACE_EVENT(writeback_queue_io,
 ^

include/trace/events/writeback.h: In function 'perf_trace_global_dirty_state':
include/trace/ftrace.h:653:6: warning: unused variable '__addr' [-Wunused-variable]
  u64 __addr = 0, __count = 1;     \
      ^
include/trace/ftrace.h:32:2: note: in expansion of macro 'DECLARE_EVENT_CLASS'
  DECLARE_EVENT_CLASS(name,          \
  ^
include/trace/events/writeback.h:307:1: note: in expansion of macro 'TRACE_EVENT'
 TRACE_EVENT(global_dirty_state,
 ^
include/trace/events/writeback.h: In function 'perf_trace_bdi_dirty_ratelimit':
include/trace/ftrace.h:653:6: warning: unused variable '__addr' [-Wunused-variable]
  u64 __addr = 0, __count = 1;     \
      ^
include/trace/ftrace.h:32:2: note: in expansion of macro 'DECLARE_EVENT_CLASS'
  DECLARE_EVENT_CLASS(name,          \
  ^
include/trace/events/writeback.h:355:1: note: in expansion of macro 'TRACE_EVENT'
 TRACE_EVENT(bdi_dirty_ratelimit,
 ^
include/trace/events/writeback.h: In function 'perf_trace_balance_dirty_pages':
include/trace/ftrace.h:653:6: warning: unused variable '__addr' [-Wunused-variable]
  u64 __addr = 0, __count = 1;     \
      ^
include/trace/ftrace.h:32:2: note: in expansion of macro 'DECLARE_EVENT_CLASS'
  DECLARE_EVENT_CLASS(name,          \
  ^
include/trace/events/writeback.h:398:1: note: in expansion of macro 'TRACE_EVENT'
 TRACE_EVENT(balance_dirty_pages,
 ^
include/trace/events/writeback.h: In function 'perf_trace_writeback_sb_inodes_requeue':
include/trace/ftrace.h:653:6: warning: unused variable '__addr' [-Wunused-variable]
  u64 __addr = 0, __count = 1;     \
      ^
include/trace/ftrace.h:32:2: note: in expansion of macro 'DECLARE_EVENT_CLASS'
  DECLARE_EVENT_CLASS(name,          \
  ^
include/trace/events/writeback.h:479:1: note: in expansion of macro 'TRACE_EVENT'
 TRACE_EVENT(writeback_sb_inodes_requeue,
 ^
include/trace/events/writeback.h: In function 'perf_trace_writeback_congest_waited_template':
include/trace/ftrace.h:653:6: warning: unused variable '__addr' [-Wunused-variable]
  u64 __addr = 0, __count = 1;     \
      ^
include/trace/events/writeback.h:508:1: note: in expansion of macro 'DECLARE_EVENT_CLASS'
 DECLARE_EVENT_CLASS(writeback_congest_waited_template,
 ^
include/trace/events/writeback.h: In function 'perf_trace_writeback_single_inode_template':
include/trace/ftrace.h:653:6: warning: unused variable '__addr' [-Wunused-variable]
  u64 __addr = 0, __count = 1;     \
      ^
include/trace/events/writeback.h:543:1: note: in expansion of macro 'DECLARE_EVENT_CLASS'
 DECLARE_EVENT_CLASS(writeback_single_inode_template,
 ^
  CC      drivers/cpufreq/cpufreq_userspace.o
  CC      kernel/extable.o
  CC      net/core/secure_seq.o
Android GCC has been deprecated in favor of Clang, and will be removed from
Android in 2020-01 as per the deprecation plan in:
https://android.googlesource.com/platform/prebuilts/clang/host/linux-x86/+/master/GCC_4_9_DEPRECATION.md


Android GCC has been deprecated in favor of Clang, and will be removed from
Android in 2020-01 as per the deprecation plan in:
https://android.googlesource.com/platform/prebuilts/clang/host/linux-x86/+/master/GCC_4_9_DEPRECATION.md


  CC      sound/soc/soc-core.o
Android GCC has been deprecated in favor of Clang, and will be removed from
Android in 2020-01 as per the deprecation plan in:
https://android.googlesource.com/platform/prebuilts/clang/host/linux-x86/+/master/GCC_4_9_DEPRECATION.md


Android GCC has been deprecated in favor of Clang, and will be removed from
Android in 2020-01 as per the deprecation plan in:
https://android.googlesource.com/platform/prebuilts/clang/host/linux-x86/+/master/GCC_4_9_DEPRECATION.md


Android GCC has been deprecated in favor of Clang, and will be removed from
Android in 2020-01 as per the deprecation plan in:
https://android.googlesource.com/platform/prebuilts/clang/host/linux-x86/+/master/GCC_4_9_DEPRECATION.md


Android GCC has been deprecated in favor of Clang, and will be removed from
Android in 2020-01 as per the deprecation plan in:
https://android.googlesource.com/platform/prebuilts/clang/host/linux-x86/+/master/GCC_4_9_DEPRECATION.md


Android GCC has been deprecated in favor of Clang, and will be removed from
Android in 2020-01 as per the deprecation plan in:
https://android.googlesource.com/platform/prebuilts/clang/host/linux-x86/+/master/GCC_4_9_DEPRECATION.md


Android GCC has been deprecated in favor of Clang, and will be removed from
Android in 2020-01 as per the deprecation plan in:
https://android.googlesource.com/platform/prebuilts/clang/host/linux-x86/+/master/GCC_4_9_DEPRECATION.md


Android GCC has been deprecated in favor of Clang, and will be removed from
Android in 2020-01 as per the deprecation plan in:
https://android.googlesource.com/platform/prebuilts/clang/host/linux-x86/+/master/GCC_4_9_DEPRECATION.md


  CC      drivers/cpuidle/governor.o
Android GCC has been deprecated in favor of Clang, and will be removed from
Android in 2020-01 as per the deprecation plan in:
https://android.googlesource.com/platform/prebuilts/clang/host/linux-x86/+/master/GCC_4_9_DEPRECATION.md


Android GCC has been deprecated in favor of Clang, and will be removed from
Android in 2020-01 as per the deprecation plan in:
https://android.googlesource.com/platform/prebuilts/clang/host/linux-x86/+/master/GCC_4_9_DEPRECATION.md


  CC      lib/lzo/lzo1x_decompress_safe.o
Android GCC has been deprecated in favor of Clang, and will be removed from
Android in 2020-01 as per the deprecation plan in:
https://android.googlesource.com/platform/prebuilts/clang/host/linux-x86/+/master/GCC_4_9_DEPRECATION.md


Android GCC has been deprecated in favor of Clang, and will be removed from
Android in 2020-01 as per the deprecation plan in:
https://android.googlesource.com/platform/prebuilts/clang/host/linux-x86/+/master/GCC_4_9_DEPRECATION.md


Android GCC has been deprecated in favor of Clang, and will be removed from
Android in 2020-01 as per the deprecation plan in:
https://android.googlesource.com/platform/prebuilts/clang/host/linux-x86/+/master/GCC_4_9_DEPRECATION.md


Android GCC has been deprecated in favor of Clang, and will be removed from
Android in 2020-01 as per the deprecation plan in:
https://android.googlesource.com/platform/prebuilts/clang/host/linux-x86/+/master/GCC_4_9_DEPRECATION.md


  CC      sound/soc/soc-dapm.o
  CC      net/ipv6/route.o
Android GCC has been deprecated in favor of Clang, and will be removed from
Android in 2020-01 as per the deprecation plan in:
https://android.googlesource.com/platform/prebuilts/clang/host/linux-x86/+/master/GCC_4_9_DEPRECATION.md


Android GCC has been deprecated in favor of Clang, and will be removed from
Android in 2020-01 as per the deprecation plan in:
https://android.googlesource.com/platform/prebuilts/clang/host/linux-x86/+/master/GCC_4_9_DEPRECATION.md


Android GCC has been deprecated in favor of Clang, and will be removed from
Android in 2020-01 as per the deprecation plan in:
https://android.googlesource.com/platform/prebuilts/clang/host/linux-x86/+/master/GCC_4_9_DEPRECATION.md


  CC      drivers/base/dma-mapping.o
  CC      drivers/base/regmap/regcache-flat.o
Android GCC has been deprecated in favor of Clang, and will be removed from
Android in 2020-01 as per the deprecation plan in:
https://android.googlesource.com/platform/prebuilts/clang/host/linux-x86/+/master/GCC_4_9_DEPRECATION.md


Android GCC has been deprecated in favor of Clang, and will be removed from
Android in 2020-01 as per the deprecation plan in:
https://android.googlesource.com/platform/prebuilts/clang/host/linux-x86/+/master/GCC_4_9_DEPRECATION.md


  CC      drivers/cpufreq/cpufreq_interactive.o
  CC      net/netfilter/nf_conntrack_l3proto_generic.o
Android GCC has been deprecated in favor of Clang, and will be removed from
Android in 2020-01 as per the deprecation plan in:
https://android.googlesource.com/platform/prebuilts/clang/host/linux-x86/+/master/GCC_4_9_DEPRECATION.md


Android GCC has been deprecated in favor of Clang, and will be removed from
Android in 2020-01 as per the deprecation plan in:
https://android.googlesource.com/platform/prebuilts/clang/host/linux-x86/+/master/GCC_4_9_DEPRECATION.md


In file included from include/trace/define_trace.h:86:0,
                 from include/trace/events/asoc.h:410,
                 from sound/soc/soc-core.c:46:
include/trace/events/asoc.h: In function 'perf_trace_snd_soc_reg':
include/trace/ftrace.h:653:6: warning: unused variable '__addr' [-Wunused-variable]
  u64 __addr = 0, __count = 1;     \
      ^
include/trace/events/asoc.h:21:1: note: in expansion of macro 'DECLARE_EVENT_CLASS'
 DECLARE_EVENT_CLASS(snd_soc_reg,
 ^
include/trace/events/asoc.h: In function 'perf_trace_snd_soc_preg':
include/trace/ftrace.h:653:6: warning: unused variable '__addr' [-Wunused-variable]
  u64 __addr = 0, __count = 1;     \
      ^
include/trace/events/asoc.h:65:1: note: in expansion of macro 'DECLARE_EVENT_CLASS'
 DECLARE_EVENT_CLASS(snd_soc_preg,
 ^
include/trace/events/asoc.h: In function 'perf_trace_snd_soc_card':
include/trace/ftrace.h:653:6: warning: unused variable '__addr' [-Wunused-variable]
  u64 __addr = 0, __count = 1;     \
      ^
include/trace/events/asoc.h:109:1: note: in expansion of macro 'DECLARE_EVENT_CLASS'
 DECLARE_EVENT_CLASS(snd_soc_card,
 ^
include/trace/events/asoc.h: In function 'perf_trace_snd_soc_dapm_basic':
include/trace/ftrace.h:653:6: warning: unused variable '__addr' [-Wunused-variable]
  u64 __addr = 0, __count = 1;     \
      ^
include/trace/events/asoc.h:144:1: note: in expansion of macro 'DECLARE_EVENT_CLASS'
 DECLARE_EVENT_CLASS(snd_soc_dapm_basic,
 ^
include/trace/events/asoc.h: In function 'perf_trace_snd_soc_dapm_widget':
include/trace/ftrace.h:653:6: warning: unused variable '__addr' [-Wunused-variable]
  u64 __addr = 0, __count = 1;     \
      ^
include/trace/events/asoc.h:177:1: note: in expansion of macro 'DECLARE_EVENT_CLASS'
 DECLARE_EVENT_CLASS(snd_soc_dapm_widget,
 ^
include/trace/events/asoc.h: In function 'perf_trace_snd_soc_dapm_walk_done':
include/trace/ftrace.h:653:6: warning: unused variable '__addr' [-Wunused-variable]
  u64 __addr = 0, __count = 1;     \
      ^
include/trace/ftrace.h:32:2: note: in expansion of macro 'DECLARE_EVENT_CLASS'
  DECLARE_EVENT_CLASS(name,          \
  ^
include/trace/events/asoc.h:221:1: note: in expansion of macro 'TRACE_EVENT'
 TRACE_EVENT(snd_soc_dapm_walk_done,
 ^
include/trace/events/asoc.h: In function 'perf_trace_snd_soc_dapm_output_path':
include/trace/ftrace.h:653:6: warning: unused variable '__addr' [-Wunused-variable]
  u64 __addr = 0, __count = 1;     \
      ^
include/trace/ftrace.h:32:2: note: in expansion of macro 'DECLARE_EVENT_CLASS'
  DECLARE_EVENT_CLASS(name,          \
  ^
include/trace/events/asoc.h:246:1: note: in expansion of macro 'TRACE_EVENT'
 TRACE_EVENT(snd_soc_dapm_output_path,
 ^
include/trace/events/asoc.h: In function 'perf_trace_snd_soc_dapm_input_path':
include/trace/ftrace.h:653:6: warning: unused variable '__addr' [-Wunused-variable]
  u64 __addr = 0, __count = 1;     \
      ^
include/trace/ftrace.h:32:2: note: in expansion of macro 'DECLARE_EVENT_CLASS'
  DECLARE_EVENT_CLASS(name,          \
  ^
include/trace/events/asoc.h:275:1: note: in expansion of macro 'TRACE_EVENT'
 TRACE_EVENT(snd_soc_dapm_input_path,
 ^
include/trace/events/asoc.h: In function 'perf_trace_snd_soc_dapm_connected':
include/trace/ftrace.h:653:6: warning: unused variable '__addr' [-Wunused-variable]
  u64 __addr = 0, __count = 1;     \
      ^
include/trace/ftrace.h:32:2: note: in expansion of macro 'DECLARE_EVENT_CLASS'
  DECLARE_EVENT_CLASS(name,          \
  ^
include/trace/events/asoc.h:304:1: note: in expansion of macro 'TRACE_EVENT'
 TRACE_EVENT(snd_soc_dapm_connected,
 ^
include/trace/events/asoc.h: In function 'perf_trace_snd_soc_jack_irq':
include/trace/ftrace.h:653:6: warning: unused variable '__addr' [-Wunused-variable]
  u64 __addr = 0, __count = 1;     \
      ^
include/trace/ftrace.h:32:2: note: in expansion of macro 'DECLARE_EVENT_CLASS'
  DECLARE_EVENT_CLASS(name,          \
  ^
include/trace/events/asoc.h:324:1: note: in expansion of macro 'TRACE_EVENT'
 TRACE_EVENT(snd_soc_jack_irq,
 ^
include/trace/events/asoc.h: In function 'perf_trace_snd_soc_jack_report':
include/trace/ftrace.h:653:6: warning: unused variable '__addr' [-Wunused-variable]
  u64 __addr = 0, __count = 1;     \
      ^
include/trace/ftrace.h:32:2: note: in expansion of macro 'DECLARE_EVENT_CLASS'
  DECLARE_EVENT_CLASS(name,          \
  ^
include/trace/events/asoc.h:341:1: note: in expansion of macro 'TRACE_EVENT'
 TRACE_EVENT(snd_soc_jack_report,
 ^
include/trace/events/asoc.h: In function 'perf_trace_snd_soc_jack_notify':
include/trace/ftrace.h:653:6: warning: unused variable '__addr' [-Wunused-variable]
  u64 __addr = 0, __count = 1;     \
      ^
include/trace/ftrace.h:32:2: note: in expansion of macro 'DECLARE_EVENT_CLASS'
  DECLARE_EVENT_CLASS(name,          \
  ^
include/trace/events/asoc.h:363:1: note: in expansion of macro 'TRACE_EVENT'
 TRACE_EVENT(snd_soc_jack_notify,
 ^
include/trace/events/asoc.h: In function 'perf_trace_snd_soc_cache_sync':
include/trace/ftrace.h:653:6: warning: unused variable '__addr' [-Wunused-variable]
  u64 __addr = 0, __count = 1;     \
      ^
include/trace/ftrace.h:32:2: note: in expansion of macro 'DECLARE_EVENT_CLASS'
  DECLARE_EVENT_CLASS(name,          \
  ^
include/trace/events/asoc.h:382:1: note: in expansion of macro 'TRACE_EVENT'
 TRACE_EVENT(snd_soc_cache_sync,
 ^
Android GCC has been deprecated in favor of Clang, and will be removed from
Android in 2020-01 as per the deprecation plan in:
https://android.googlesource.com/platform/prebuilts/clang/host/linux-x86/+/master/GCC_4_9_DEPRECATION.md


Android GCC has been deprecated in favor of Clang, and will be removed from
Android in 2020-01 as per the deprecation plan in:
https://android.googlesource.com/platform/prebuilts/clang/host/linux-x86/+/master/GCC_4_9_DEPRECATION.md


  CC      drivers/base/regmap/regmap-debugfs.o
  CC      drivers/base/power/domain.o
Android GCC has been deprecated in favor of Clang, and will be removed from
Android in 2020-01 as per the deprecation plan in:
https://android.googlesource.com/platform/prebuilts/clang/host/linux-x86/+/master/GCC_4_9_DEPRECATION.md


Android GCC has been deprecated in favor of Clang, and will be removed from
Android in 2020-01 as per the deprecation plan in:
https://android.googlesource.com/platform/prebuilts/clang/host/linux-x86/+/master/GCC_4_9_DEPRECATION.md


Android GCC has been deprecated in favor of Clang, and will be removed from
Android in 2020-01 as per the deprecation plan in:
https://android.googlesource.com/platform/prebuilts/clang/host/linux-x86/+/master/GCC_4_9_DEPRECATION.md


  CC      net/unix/sysctl_net_unix.o
Android GCC has been deprecated in favor of Clang, and will be removed from
Android in 2020-01 as per the deprecation plan in:
https://android.googlesource.com/platform/prebuilts/clang/host/linux-x86/+/master/GCC_4_9_DEPRECATION.md


Android GCC has been deprecated in favor of Clang, and will be removed from
Android in 2020-01 as per the deprecation plan in:
https://android.googlesource.com/platform/prebuilts/clang/host/linux-x86/+/master/GCC_4_9_DEPRECATION.md


  CC      net/sched/act_api.o
  CC      drivers/cpuidle/sysfs.o
Android GCC has been deprecated in favor of Clang, and will be removed from
Android in 2020-01 as per the deprecation plan in:
https://android.googlesource.com/platform/prebuilts/clang/host/linux-x86/+/master/GCC_4_9_DEPRECATION.md


  CC      net/phonet/pep.o
Android GCC has been deprecated in favor of Clang, and will be removed from
Android in 2020-01 as per the deprecation plan in:
https://android.googlesource.com/platform/prebuilts/clang/host/linux-x86/+/master/GCC_4_9_DEPRECATION.md


Android GCC has been deprecated in favor of Clang, and will be removed from
Android in 2020-01 as per the deprecation plan in:
https://android.googlesource.com/platform/prebuilts/clang/host/linux-x86/+/master/GCC_4_9_DEPRECATION.md


  CC      kernel/params.o
  CC      net/bluetooth/smp.o
Android GCC has been deprecated in favor of Clang, and will be removed from
Android in 2020-01 as per the deprecation plan in:
https://android.googlesource.com/platform/prebuilts/clang/host/linux-x86/+/master/GCC_4_9_DEPRECATION.md


Android GCC has been deprecated in favor of Clang, and will be removed from
Android in 2020-01 as per the deprecation plan in:
https://android.googlesource.com/platform/prebuilts/clang/host/linux-x86/+/master/GCC_4_9_DEPRECATION.md


  CC      net/netfilter/nf_conntrack_proto_generic.o
  CC      net/core/flow_dissector.o
Android GCC has been deprecated in favor of Clang, and will be removed from
Android in 2020-01 as per the deprecation plan in:
https://android.googlesource.com/platform/prebuilts/clang/host/linux-x86/+/master/GCC_4_9_DEPRECATION.md


Android GCC has been deprecated in favor of Clang, and will be removed from
Android in 2020-01 as per the deprecation plan in:
https://android.googlesource.com/platform/prebuilts/clang/host/linux-x86/+/master/GCC_4_9_DEPRECATION.md


  CC      net/wireless/radiotap.o
Android GCC has been deprecated in favor of Clang, and will be removed from
Android in 2020-01 as per the deprecation plan in:
https://android.googlesource.com/platform/prebuilts/clang/host/linux-x86/+/master/GCC_4_9_DEPRECATION.md


Android GCC has been deprecated in favor of Clang, and will be removed from
Android in 2020-01 as per the deprecation plan in:
https://android.googlesource.com/platform/prebuilts/clang/host/linux-x86/+/master/GCC_4_9_DEPRECATION.md


Android GCC has been deprecated in favor of Clang, and will be removed from
Android in 2020-01 as per the deprecation plan in:
https://android.googlesource.com/platform/prebuilts/clang/host/linux-x86/+/master/GCC_4_9_DEPRECATION.md


  LD      lib/lzo/lzo_compress.o
In file included from include/trace/define_trace.h:86:0,
                 from include/trace/events/cpufreq_interactive.h:176,
                 from drivers/cpufreq/cpufreq_interactive.c:44:
include/trace/events/cpufreq_interactive.h: In function 'perf_trace_set':
include/trace/ftrace.h:653:6: warning: unused variable '__addr' [-Wunused-variable]
  u64 __addr = 0, __count = 1;     \
      ^
include/trace/events/cpufreq_interactive.h:9:1: note: in expansion of macro 'DECLARE_EVENT_CLASS'
 DECLARE_EVENT_CLASS(set,
 ^
include/trace/events/cpufreq_interactive.h: In function 'perf_trace_loadeval':
include/trace/ftrace.h:653:6: warning: unused variable '__addr' [-Wunused-variable]
  u64 __addr = 0, __count = 1;     \
      ^
include/trace/events/cpufreq_interactive.h:64:1: note: in expansion of macro 'DECLARE_EVENT_CLASS'
 DECLARE_EVENT_CLASS(loadeval,
 ^
include/trace/events/cpufreq_interactive.h: In function 'perf_trace_modeeval':
include/trace/ftrace.h:653:6: warning: unused variable '__addr' [-Wunused-variable]
  u64 __addr = 0, __count = 1;     \
      ^
include/trace/events/cpufreq_interactive.h:112:1: note: in expansion of macro 'DECLARE_EVENT_CLASS'
 DECLARE_EVENT_CLASS(modeeval,
 ^
  CC      mm/mincore.o
include/trace/events/cpufreq_interactive.h: In function 'perf_trace_cpufreq_interactive_boost':
include/trace/ftrace.h:653:6: warning: unused variable '__addr' [-Wunused-variable]
  u64 __addr = 0, __count = 1;     \
      ^
include/trace/ftrace.h:32:2: note: in expansion of macro 'DECLARE_EVENT_CLASS'
  DECLARE_EVENT_CLASS(name,          \
  ^
include/trace/events/cpufreq_interactive.h:149:1: note: in expansion of macro 'TRACE_EVENT'
 TRACE_EVENT(cpufreq_interactive_boost,
 ^
include/trace/events/cpufreq_interactive.h: In function 'perf_trace_cpufreq_interactive_unboost':
include/trace/ftrace.h:653:6: warning: unused variable '__addr' [-Wunused-variable]
  u64 __addr = 0, __count = 1;     \
      ^
include/trace/ftrace.h:32:2: note: in expansion of macro 'DECLARE_EVENT_CLASS'
  DECLARE_EVENT_CLASS(name,          \
  ^
include/trace/events/cpufreq_interactive.h:161:1: note: in expansion of macro 'TRACE_EVENT'
 TRACE_EVENT(cpufreq_interactive_unboost,
 ^
  CC      drivers/cpufreq/freq_table.o
  LD      lib/lzo/lzo_decompress.o
  LD      lib/lzo/built-in.o
Android GCC has been deprecated in favor of Clang, and will be removed from
Android in 2020-01 as per the deprecation plan in:
https://android.googlesource.com/platform/prebuilts/clang/host/linux-x86/+/master/GCC_4_9_DEPRECATION.md


Android GCC has been deprecated in favor of Clang, and will be removed from
Android in 2020-01 as per the deprecation plan in:
https://android.googlesource.com/platform/prebuilts/clang/host/linux-x86/+/master/GCC_4_9_DEPRECATION.md


  CC      lib/reed_solomon/reed_solomon.o
Android GCC has been deprecated in favor of Clang, and will be removed from
Android in 2020-01 as per the deprecation plan in:
https://android.googlesource.com/platform/prebuilts/clang/host/linux-x86/+/master/GCC_4_9_DEPRECATION.md


  CC      crypto/gf128mul.o
Android GCC has been deprecated in favor of Clang, and will be removed from
Android in 2020-01 as per the deprecation plan in:
https://android.googlesource.com/platform/prebuilts/clang/host/linux-x86/+/master/GCC_4_9_DEPRECATION.md


  CC      net/ipv4/inet_hashtables.o
Android GCC has been deprecated in favor of Clang, and will be removed from
Android in 2020-01 as per the deprecation plan in:
https://android.googlesource.com/platform/prebuilts/clang/host/linux-x86/+/master/GCC_4_9_DEPRECATION.md


Android GCC has been deprecated in favor of Clang, and will be removed from
Android in 2020-01 as per the deprecation plan in:
https://android.googlesource.com/platform/prebuilts/clang/host/linux-x86/+/master/GCC_4_9_DEPRECATION.md


  CC      drivers/base/regmap/regmap-i2c.o
Android GCC has been deprecated in favor of Clang, and will be removed from
Android in 2020-01 as per the deprecation plan in:
https://android.googlesource.com/platform/prebuilts/clang/host/linux-x86/+/master/GCC_4_9_DEPRECATION.md


  CC      net/sysctl_net.o
Android GCC has been deprecated in favor of Clang, and will be removed from
Android in 2020-01 as per the deprecation plan in:
https://android.googlesource.com/platform/prebuilts/clang/host/linux-x86/+/master/GCC_4_9_DEPRECATION.md


Android GCC has been deprecated in favor of Clang, and will be removed from
Android in 2020-01 as per the deprecation plan in:
https://android.googlesource.com/platform/prebuilts/clang/host/linux-x86/+/master/GCC_4_9_DEPRECATION.md


  CC      drivers/cpuidle/governors/ladder.o
Android GCC has been deprecated in favor of Clang, and will be removed from
Android in 2020-01 as per the deprecation plan in:
https://android.googlesource.com/platform/prebuilts/clang/host/linux-x86/+/master/GCC_4_9_DEPRECATION.md


Android GCC has been deprecated in favor of Clang, and will be removed from
Android in 2020-01 as per the deprecation plan in:
https://android.googlesource.com/platform/prebuilts/clang/host/linux-x86/+/master/GCC_4_9_DEPRECATION.md


  LD      net/unix/unix.o
  LD      net/unix/built-in.o
  CC      mm/mlock.o
  CC      drivers/base/dma-coherent.o
Android GCC has been deprecated in favor of Clang, and will be removed from
Android in 2020-01 as per the deprecation plan in:
https://android.googlesource.com/platform/prebuilts/clang/host/linux-x86/+/master/GCC_4_9_DEPRECATION.md


  CC      lib/xz/xz_dec_syms.o
Android GCC has been deprecated in favor of Clang, and will be removed from
Android in 2020-01 as per the deprecation plan in:
https://android.googlesource.com/platform/prebuilts/clang/host/linux-x86/+/master/GCC_4_9_DEPRECATION.md


Android GCC has been deprecated in favor of Clang, and will be removed from
Android in 2020-01 as per the deprecation plan in:
https://android.googlesource.com/platform/prebuilts/clang/host/linux-x86/+/master/GCC_4_9_DEPRECATION.md


Android GCC has been deprecated in favor of Clang, and will be removed from
Android in 2020-01 as per the deprecation plan in:
https://android.googlesource.com/platform/prebuilts/clang/host/linux-x86/+/master/GCC_4_9_DEPRECATION.md


  CC      net/ipv4/inet_timewait_sock.o
Android GCC has been deprecated in favor of Clang, and will be removed from
Android in 2020-01 as per the deprecation plan in:
https://android.googlesource.com/platform/prebuilts/clang/host/linux-x86/+/master/GCC_4_9_DEPRECATION.md


Android GCC has been deprecated in favor of Clang, and will be removed from
Android in 2020-01 as per the deprecation plan in:
https://android.googlesource.com/platform/prebuilts/clang/host/linux-x86/+/master/GCC_4_9_DEPRECATION.md


  CC      net/netfilter/nf_conntrack_proto_tcp.o
Android GCC has been deprecated in favor of Clang, and will be removed from
Android in 2020-01 as per the deprecation plan in:
https://android.googlesource.com/platform/prebuilts/clang/host/linux-x86/+/master/GCC_4_9_DEPRECATION.md


Android GCC has been deprecated in favor of Clang, and will be removed from
Android in 2020-01 as per the deprecation plan in:
https://android.googlesource.com/platform/prebuilts/clang/host/linux-x86/+/master/GCC_4_9_DEPRECATION.md


Android GCC has been deprecated in favor of Clang, and will be removed from
Android in 2020-01 as per the deprecation plan in:
https://android.googlesource.com/platform/prebuilts/clang/host/linux-x86/+/master/GCC_4_9_DEPRECATION.md


  CC      drivers/cpuidle/governors/menu.o
Android GCC has been deprecated in favor of Clang, and will be removed from
Android in 2020-01 as per the deprecation plan in:
https://android.googlesource.com/platform/prebuilts/clang/host/linux-x86/+/master/GCC_4_9_DEPRECATION.md


Android GCC has been deprecated in favor of Clang, and will be removed from
Android in 2020-01 as per the deprecation plan in:
https://android.googlesource.com/platform/prebuilts/clang/host/linux-x86/+/master/GCC_4_9_DEPRECATION.md


Android GCC has been deprecated in favor of Clang, and will be removed from
Android in 2020-01 as per the deprecation plan in:
https://android.googlesource.com/platform/prebuilts/clang/host/linux-x86/+/master/GCC_4_9_DEPRECATION.md


Android GCC has been deprecated in favor of Clang, and will be removed from
Android in 2020-01 as per the deprecation plan in:
https://android.googlesource.com/platform/prebuilts/clang/host/linux-x86/+/master/GCC_4_9_DEPRECATION.md


Android GCC has been deprecated in favor of Clang, and will be removed from
Android in 2020-01 as per the deprecation plan in:
https://android.googlesource.com/platform/prebuilts/clang/host/linux-x86/+/master/GCC_4_9_DEPRECATION.md


  CC      kernel/posix-timers.o
Android GCC has been deprecated in favor of Clang, and will be removed from
Android in 2020-01 as per the deprecation plan in:
https://android.googlesource.com/platform/prebuilts/clang/host/linux-x86/+/master/GCC_4_9_DEPRECATION.md


  CC      net/wireless/util.o
  LD      lib/reed_solomon/built-in.o
  CC      lib/xz/xz_dec_stream.o
  CC      lib/xz/xz_dec_lzma2.o
Android GCC has been deprecated in favor of Clang, and will be removed from
Android in 2020-01 as per the deprecation plan in:
https://android.googlesource.com/platform/prebuilts/clang/host/linux-x86/+/master/GCC_4_9_DEPRECATION.md


Android GCC has been deprecated in favor of Clang, and will be removed from
Android in 2020-01 as per the deprecation plan in:
https://android.googlesource.com/platform/prebuilts/clang/host/linux-x86/+/master/GCC_4_9_DEPRECATION.md


Android GCC has been deprecated in favor of Clang, and will be removed from
Android in 2020-01 as per the deprecation plan in:
https://android.googlesource.com/platform/prebuilts/clang/host/linux-x86/+/master/GCC_4_9_DEPRECATION.md


Android GCC has been deprecated in favor of Clang, and will be removed from
Android in 2020-01 as per the deprecation plan in:
https://android.googlesource.com/platform/prebuilts/clang/host/linux-x86/+/master/GCC_4_9_DEPRECATION.md


  CC      crypto/ecb.o
  CC      drivers/base/regmap/regmap-spi.o
Android GCC has been deprecated in favor of Clang, and will be removed from
Android in 2020-01 as per the deprecation plan in:
https://android.googlesource.com/platform/prebuilts/clang/host/linux-x86/+/master/GCC_4_9_DEPRECATION.md


Android GCC has been deprecated in favor of Clang, and will be removed from
Android in 2020-01 as per the deprecation plan in:
https://android.googlesource.com/platform/prebuilts/clang/host/linux-x86/+/master/GCC_4_9_DEPRECATION.md


Android GCC has been deprecated in favor of Clang, and will be removed from
Android in 2020-01 as per the deprecation plan in:
https://android.googlesource.com/platform/prebuilts/clang/host/linux-x86/+/master/GCC_4_9_DEPRECATION.md


Android GCC has been deprecated in favor of Clang, and will be removed from
Android in 2020-01 as per the deprecation plan in:
https://android.googlesource.com/platform/prebuilts/clang/host/linux-x86/+/master/GCC_4_9_DEPRECATION.md


Android GCC has been deprecated in favor of Clang, and will be removed from
Android in 2020-01 as per the deprecation plan in:
https://android.googlesource.com/platform/prebuilts/clang/host/linux-x86/+/master/GCC_4_9_DEPRECATION.md


Android GCC has been deprecated in favor of Clang, and will be removed from
Android in 2020-01 as per the deprecation plan in:
https://android.googlesource.com/platform/prebuilts/clang/host/linux-x86/+/master/GCC_4_9_DEPRECATION.md


  CC      net/bluetooth/sco.o
Android GCC has been deprecated in favor of Clang, and will be removed from
Android in 2020-01 as per the deprecation plan in:
https://android.googlesource.com/platform/prebuilts/clang/host/linux-x86/+/master/GCC_4_9_DEPRECATION.md


  CC      net/phonet/pep-gprs.o
  CC      net/core/sysctl_net_core.o
Android GCC has been deprecated in favor of Clang, and will be removed from
Android in 2020-01 as per the deprecation plan in:
https://android.googlesource.com/platform/prebuilts/clang/host/linux-x86/+/master/GCC_4_9_DEPRECATION.md


  CC      lib/xz/xz_dec_bcj.o
Android GCC has been deprecated in favor of Clang, and will be removed from
Android in 2020-01 as per the deprecation plan in:
https://android.googlesource.com/platform/prebuilts/clang/host/linux-x86/+/master/GCC_4_9_DEPRECATION.md


Android GCC has been deprecated in favor of Clang, and will be removed from
Android in 2020-01 as per the deprecation plan in:
https://android.googlesource.com/platform/prebuilts/clang/host/linux-x86/+/master/GCC_4_9_DEPRECATION.md


Android GCC has been deprecated in favor of Clang, and will be removed from
Android in 2020-01 as per the deprecation plan in:
https://android.googlesource.com/platform/prebuilts/clang/host/linux-x86/+/master/GCC_4_9_DEPRECATION.md


Android GCC has been deprecated in favor of Clang, and will be removed from
Android in 2020-01 as per the deprecation plan in:
https://android.googlesource.com/platform/prebuilts/clang/host/linux-x86/+/master/GCC_4_9_DEPRECATION.md


  CC      net/xfrm/xfrm_state.o
Android GCC has been deprecated in favor of Clang, and will be removed from
Android in 2020-01 as per the deprecation plan in:
https://android.googlesource.com/platform/prebuilts/clang/host/linux-x86/+/master/GCC_4_9_DEPRECATION.md


  CC      drivers/base/power/domain_governor.o
  CC      fs/pnode.o
Android GCC has been deprecated in favor of Clang, and will be removed from
Android in 2020-01 as per the deprecation plan in:
https://android.googlesource.com/platform/prebuilts/clang/host/linux-x86/+/master/GCC_4_9_DEPRECATION.md


Android GCC has been deprecated in favor of Clang, and will be removed from
Android in 2020-01 as per the deprecation plan in:
https://android.googlesource.com/platform/prebuilts/clang/host/linux-x86/+/master/GCC_4_9_DEPRECATION.md


Android GCC has been deprecated in favor of Clang, and will be removed from
Android in 2020-01 as per the deprecation plan in:
https://android.googlesource.com/platform/prebuilts/clang/host/linux-x86/+/master/GCC_4_9_DEPRECATION.md


  LD      drivers/cpuidle/governors/built-in.o
  CC      net/activity_stats.o
  LD      drivers/cpuidle/built-in.o
Android GCC has been deprecated in favor of Clang, and will be removed from
Android in 2020-01 as per the deprecation plan in:
https://android.googlesource.com/platform/prebuilts/clang/host/linux-x86/+/master/GCC_4_9_DEPRECATION.md


  CC      net/sched/act_police.o
  CC      net/wireless/reg.o
  CC      net/wireless/scan.o
Android GCC has been deprecated in favor of Clang, and will be removed from
Android in 2020-01 as per the deprecation plan in:
https://android.googlesource.com/platform/prebuilts/clang/host/linux-x86/+/master/GCC_4_9_DEPRECATION.md


Android GCC has been deprecated in favor of Clang, and will be removed from
Android in 2020-01 as per the deprecation plan in:
https://android.googlesource.com/platform/prebuilts/clang/host/linux-x86/+/master/GCC_4_9_DEPRECATION.md


Android GCC has been deprecated in favor of Clang, and will be removed from
Android in 2020-01 as per the deprecation plan in:
https://android.googlesource.com/platform/prebuilts/clang/host/linux-x86/+/master/GCC_4_9_DEPRECATION.md


  CC      mm/mmap.o
  CC      drivers/base/regmap/regmap-irq.o
Android GCC has been deprecated in favor of Clang, and will be removed from
Android in 2020-01 as per the deprecation plan in:
https://android.googlesource.com/platform/prebuilts/clang/host/linux-x86/+/master/GCC_4_9_DEPRECATION.md


Android GCC has been deprecated in favor of Clang, and will be removed from
Android in 2020-01 as per the deprecation plan in:
https://android.googlesource.com/platform/prebuilts/clang/host/linux-x86/+/master/GCC_4_9_DEPRECATION.md


  CC      net/wireless/nl80211.o
  CC      crypto/cbc.o
Android GCC has been deprecated in favor of Clang, and will be removed from
Android in 2020-01 as per the deprecation plan in:
https://android.googlesource.com/platform/prebuilts/clang/host/linux-x86/+/master/GCC_4_9_DEPRECATION.md


  CC      net/wireless/mlme.o
Android GCC has been deprecated in favor of Clang, and will be removed from
Android in 2020-01 as per the deprecation plan in:
https://android.googlesource.com/platform/prebuilts/clang/host/linux-x86/+/master/GCC_4_9_DEPRECATION.md


Android GCC has been deprecated in favor of Clang, and will be removed from
Android in 2020-01 as per the deprecation plan in:
https://android.googlesource.com/platform/prebuilts/clang/host/linux-x86/+/master/GCC_4_9_DEPRECATION.md


  LD      lib/xz/xz_dec.o
Android GCC has been deprecated in favor of Clang, and will be removed from
Android in 2020-01 as per the deprecation plan in:
https://android.googlesource.com/platform/prebuilts/clang/host/linux-x86/+/master/GCC_4_9_DEPRECATION.md


  LD      lib/xz/built-in.o
  CC      lib/zlib_deflate/deflate.o
  CC      drivers/base/power/clock_ops.o
Android GCC has been deprecated in favor of Clang, and will be removed from
Android in 2020-01 as per the deprecation plan in:
https://android.googlesource.com/platform/prebuilts/clang/host/linux-x86/+/master/GCC_4_9_DEPRECATION.md


Android GCC has been deprecated in favor of Clang, and will be removed from
Android in 2020-01 as per the deprecation plan in:
https://android.googlesource.com/platform/prebuilts/clang/host/linux-x86/+/master/GCC_4_9_DEPRECATION.md


Android GCC has been deprecated in favor of Clang, and will be removed from
Android in 2020-01 as per the deprecation plan in:
https://android.googlesource.com/platform/prebuilts/clang/host/linux-x86/+/master/GCC_4_9_DEPRECATION.md


Android GCC has been deprecated in favor of Clang, and will be removed from
Android in 2020-01 as per the deprecation plan in:
https://android.googlesource.com/platform/prebuilts/clang/host/linux-x86/+/master/GCC_4_9_DEPRECATION.md


Android GCC has been deprecated in favor of Clang, and will be removed from
Android in 2020-01 as per the deprecation plan in:
https://android.googlesource.com/platform/prebuilts/clang/host/linux-x86/+/master/GCC_4_9_DEPRECATION.md


  CC      fs/splice.o
  CC      drivers/cpufreq/exynos-mp-cpufreq.o
Android GCC has been deprecated in favor of Clang, and will be removed from
Android in 2020-01 as per the deprecation plan in:
https://android.googlesource.com/platform/prebuilts/clang/host/linux-x86/+/master/GCC_4_9_DEPRECATION.md


  CC      net/bluetooth/lib.o
Android GCC has been deprecated in favor of Clang, and will be removed from
Android in 2020-01 as per the deprecation plan in:
https://android.googlesource.com/platform/prebuilts/clang/host/linux-x86/+/master/GCC_4_9_DEPRECATION.md


  CC      net/ipv4/inet_connection_sock.o
Android GCC has been deprecated in favor of Clang, and will be removed from
Android in 2020-01 as per the deprecation plan in:
https://android.googlesource.com/platform/prebuilts/clang/host/linux-x86/+/master/GCC_4_9_DEPRECATION.md


  LD      net/phonet/phonet.o
Android GCC has been deprecated in favor of Clang, and will be removed from
Android in 2020-01 as per the deprecation plan in:
https://android.googlesource.com/platform/prebuilts/clang/host/linux-x86/+/master/GCC_4_9_DEPRECATION.md


  CC      net/core/dev.o
Android GCC has been deprecated in favor of Clang, and will be removed from
Android in 2020-01 as per the deprecation plan in:
https://android.googlesource.com/platform/prebuilts/clang/host/linux-x86/+/master/GCC_4_9_DEPRECATION.md


  LD      net/phonet/pn_pep.o
  CC      kernel/kthread.o
Android GCC has been deprecated in favor of Clang, and will be removed from
Android in 2020-01 as per the deprecation plan in:
https://android.googlesource.com/platform/prebuilts/clang/host/linux-x86/+/master/GCC_4_9_DEPRECATION.md


  LD      net/phonet/built-in.o
Android GCC has been deprecated in favor of Clang, and will be removed from
Android in 2020-01 as per the deprecation plan in:
https://android.googlesource.com/platform/prebuilts/clang/host/linux-x86/+/master/GCC_4_9_DEPRECATION.md


  CC      fs/sync.o
Android GCC has been deprecated in favor of Clang, and will be removed from
Android in 2020-01 as per the deprecation plan in:
https://android.googlesource.com/platform/prebuilts/clang/host/linux-x86/+/master/GCC_4_9_DEPRECATION.md


  CC      kernel/wait.o
  CC      crypto/ctr.o
Android GCC has been deprecated in favor of Clang, and will be removed from
Android in 2020-01 as per the deprecation plan in:
https://android.googlesource.com/platform/prebuilts/clang/host/linux-x86/+/master/GCC_4_9_DEPRECATION.md


  LD      drivers/base/power/built-in.o
Android GCC has been deprecated in favor of Clang, and will be removed from
Android in 2020-01 as per the deprecation plan in:
https://android.googlesource.com/platform/prebuilts/clang/host/linux-x86/+/master/GCC_4_9_DEPRECATION.md


Android GCC has been deprecated in favor of Clang, and will be removed from
Android in 2020-01 as per the deprecation plan in:
https://android.googlesource.com/platform/prebuilts/clang/host/linux-x86/+/master/GCC_4_9_DEPRECATION.md


  CC      net/wireless/ibss.o
Android GCC has been deprecated in favor of Clang, and will be removed from
Android in 2020-01 as per the deprecation plan in:
https://android.googlesource.com/platform/prebuilts/clang/host/linux-x86/+/master/GCC_4_9_DEPRECATION.md


  CC      net/sched/act_gact.o
Android GCC has been deprecated in favor of Clang, and will be removed from
Android in 2020-01 as per the deprecation plan in:
https://android.googlesource.com/platform/prebuilts/clang/host/linux-x86/+/master/GCC_4_9_DEPRECATION.md


  CC      net/ipv6/ip6_fib.o
Android GCC has been deprecated in favor of Clang, and will be removed from
Android in 2020-01 as per the deprecation plan in:
https://android.googlesource.com/platform/prebuilts/clang/host/linux-x86/+/master/GCC_4_9_DEPRECATION.md


  CC      lib/zlib_deflate/deftree.o
  CC      net/netfilter/nf_conntrack_proto_udp.o
Android GCC has been deprecated in favor of Clang, and will be removed from
Android in 2020-01 as per the deprecation plan in:
https://android.googlesource.com/platform/prebuilts/clang/host/linux-x86/+/master/GCC_4_9_DEPRECATION.md


  LD      drivers/base/regmap/built-in.o
  CC      net/wireless/sme.o
Android GCC has been deprecated in favor of Clang, and will be removed from
Android in 2020-01 as per the deprecation plan in:
https://android.googlesource.com/platform/prebuilts/clang/host/linux-x86/+/master/GCC_4_9_DEPRECATION.md


  CC      drivers/base/dma-buf.o
Android GCC has been deprecated in favor of Clang, and will be removed from
Android in 2020-01 as per the deprecation plan in:
https://android.googlesource.com/platform/prebuilts/clang/host/linux-x86/+/master/GCC_4_9_DEPRECATION.md


Android GCC has been deprecated in favor of Clang, and will be removed from
Android in 2020-01 as per the deprecation plan in:
https://android.googlesource.com/platform/prebuilts/clang/host/linux-x86/+/master/GCC_4_9_DEPRECATION.md


Android GCC has been deprecated in favor of Clang, and will be removed from
Android in 2020-01 as per the deprecation plan in:
https://android.googlesource.com/platform/prebuilts/clang/host/linux-x86/+/master/GCC_4_9_DEPRECATION.md


Android GCC has been deprecated in favor of Clang, and will be removed from
Android in 2020-01 as per the deprecation plan in:
https://android.googlesource.com/platform/prebuilts/clang/host/linux-x86/+/master/GCC_4_9_DEPRECATION.md


Android GCC has been deprecated in favor of Clang, and will be removed from
Android in 2020-01 as per the deprecation plan in:
https://android.googlesource.com/platform/prebuilts/clang/host/linux-x86/+/master/GCC_4_9_DEPRECATION.md


Android GCC has been deprecated in favor of Clang, and will be removed from
Android in 2020-01 as per the deprecation plan in:
https://android.googlesource.com/platform/prebuilts/clang/host/linux-x86/+/master/GCC_4_9_DEPRECATION.md


Android GCC has been deprecated in favor of Clang, and will be removed from
Android in 2020-01 as per the deprecation plan in:
https://android.googlesource.com/platform/prebuilts/clang/host/linux-x86/+/master/GCC_4_9_DEPRECATION.md


Android GCC has been deprecated in favor of Clang, and will be removed from
Android in 2020-01 as per the deprecation plan in:
https://android.googlesource.com/platform/prebuilts/clang/host/linux-x86/+/master/GCC_4_9_DEPRECATION.md


  CC      crypto/gcm.o
Android GCC has been deprecated in favor of Clang, and will be removed from
Android in 2020-01 as per the deprecation plan in:
https://android.googlesource.com/platform/prebuilts/clang/host/linux-x86/+/master/GCC_4_9_DEPRECATION.md


  CC      net/sched/act_mirred.o
  CC      kernel/sys_ni.o
Android GCC has been deprecated in favor of Clang, and will be removed from
Android in 2020-01 as per the deprecation plan in:
https://android.googlesource.com/platform/prebuilts/clang/host/linux-x86/+/master/GCC_4_9_DEPRECATION.md


  CC      net/bluetooth/a2mp.o
Android GCC has been deprecated in favor of Clang, and will be removed from
Android in 2020-01 as per the deprecation plan in:
https://android.googlesource.com/platform/prebuilts/clang/host/linux-x86/+/master/GCC_4_9_DEPRECATION.md


Android GCC has been deprecated in favor of Clang, and will be removed from
Android in 2020-01 as per the deprecation plan in:
https://android.googlesource.com/platform/prebuilts/clang/host/linux-x86/+/master/GCC_4_9_DEPRECATION.md


  CC      net/sched/sch_fifo.o
Android GCC has been deprecated in favor of Clang, and will be removed from
Android in 2020-01 as per the deprecation plan in:
https://android.googlesource.com/platform/prebuilts/clang/host/linux-x86/+/master/GCC_4_9_DEPRECATION.md


Android GCC has been deprecated in favor of Clang, and will be removed from
Android in 2020-01 as per the deprecation plan in:
https://android.googlesource.com/platform/prebuilts/clang/host/linux-x86/+/master/GCC_4_9_DEPRECATION.md


  CC      kernel/posix-cpu-timers.o
  CC      sound/soc/soc-jack.o
Android GCC has been deprecated in favor of Clang, and will be removed from
Android in 2020-01 as per the deprecation plan in:
https://android.googlesource.com/platform/prebuilts/clang/host/linux-x86/+/master/GCC_4_9_DEPRECATION.md


Android GCC has been deprecated in favor of Clang, and will be removed from
Android in 2020-01 as per the deprecation plan in:
https://android.googlesource.com/platform/prebuilts/clang/host/linux-x86/+/master/GCC_4_9_DEPRECATION.md


  CC      kernel/mutex.o
  CC      mm/mprotect.o
Android GCC has been deprecated in favor of Clang, and will be removed from
Android in 2020-01 as per the deprecation plan in:
https://android.googlesource.com/platform/prebuilts/clang/host/linux-x86/+/master/GCC_4_9_DEPRECATION.md


Android GCC has been deprecated in favor of Clang, and will be removed from
Android in 2020-01 as per the deprecation plan in:
https://android.googlesource.com/platform/prebuilts/clang/host/linux-x86/+/master/GCC_4_9_DEPRECATION.md


Android GCC has been deprecated in favor of Clang, and will be removed from
Android in 2020-01 as per the deprecation plan in:
https://android.googlesource.com/platform/prebuilts/clang/host/linux-x86/+/master/GCC_4_9_DEPRECATION.md


  CC      lib/zlib_deflate/deflate_syms.o
Android GCC has been deprecated in favor of Clang, and will be removed from
Android in 2020-01 as per the deprecation plan in:
https://android.googlesource.com/platform/prebuilts/clang/host/linux-x86/+/master/GCC_4_9_DEPRECATION.md


Android GCC has been deprecated in favor of Clang, and will be removed from
Android in 2020-01 as per the deprecation plan in:
https://android.googlesource.com/platform/prebuilts/clang/host/linux-x86/+/master/GCC_4_9_DEPRECATION.md


Android GCC has been deprecated in favor of Clang, and will be removed from
Android in 2020-01 as per the deprecation plan in:
https://android.googlesource.com/platform/prebuilts/clang/host/linux-x86/+/master/GCC_4_9_DEPRECATION.md


Android GCC has been deprecated in favor of Clang, and will be removed from
Android in 2020-01 as per the deprecation plan in:
https://android.googlesource.com/platform/prebuilts/clang/host/linux-x86/+/master/GCC_4_9_DEPRECATION.md


Android GCC has been deprecated in favor of Clang, and will be removed from
Android in 2020-01 as per the deprecation plan in:
https://android.googlesource.com/platform/prebuilts/clang/host/linux-x86/+/master/GCC_4_9_DEPRECATION.md


Android GCC has been deprecated in favor of Clang, and will be removed from
Android in 2020-01 as per the deprecation plan in:
https://android.googlesource.com/platform/prebuilts/clang/host/linux-x86/+/master/GCC_4_9_DEPRECATION.md


  CC      drivers/base/firmware_class.o
Android GCC has been deprecated in favor of Clang, and will be removed from
Android in 2020-01 as per the deprecation plan in:
https://android.googlesource.com/platform/prebuilts/clang/host/linux-x86/+/master/GCC_4_9_DEPRECATION.md


Android GCC has been deprecated in favor of Clang, and will be removed from
Android in 2020-01 as per the deprecation plan in:
https://android.googlesource.com/platform/prebuilts/clang/host/linux-x86/+/master/GCC_4_9_DEPRECATION.md


  CC      net/ipv4/tcp.o
Android GCC has been deprecated in favor of Clang, and will be removed from
Android in 2020-01 as per the deprecation plan in:
https://android.googlesource.com/platform/prebuilts/clang/host/linux-x86/+/master/GCC_4_9_DEPRECATION.md


Android GCC has been deprecated in favor of Clang, and will be removed from
Android in 2020-01 as per the deprecation plan in:
https://android.googlesource.com/platform/prebuilts/clang/host/linux-x86/+/master/GCC_4_9_DEPRECATION.md


Android GCC has been deprecated in favor of Clang, and will be removed from
Android in 2020-01 as per the deprecation plan in:
https://android.googlesource.com/platform/prebuilts/clang/host/linux-x86/+/master/GCC_4_9_DEPRECATION.md


Android GCC has been deprecated in favor of Clang, and will be removed from
Android in 2020-01 as per the deprecation plan in:
https://android.googlesource.com/platform/prebuilts/clang/host/linux-x86/+/master/GCC_4_9_DEPRECATION.md


  CC      net/netfilter/nf_conntrack_extend.o
  CC      fs/utimes.o
Android GCC has been deprecated in favor of Clang, and will be removed from
Android in 2020-01 as per the deprecation plan in:
https://android.googlesource.com/platform/prebuilts/clang/host/linux-x86/+/master/GCC_4_9_DEPRECATION.md


  LD      lib/zlib_deflate/zlib_deflate.o
Android GCC has been deprecated in favor of Clang, and will be removed from
Android in 2020-01 as per the deprecation plan in:
https://android.googlesource.com/platform/prebuilts/clang/host/linux-x86/+/master/GCC_4_9_DEPRECATION.md


  CC      net/ipv4/tcp_input.o
  LD      lib/zlib_deflate/built-in.o
  CC      net/core/ethtool.o
Android GCC has been deprecated in favor of Clang, and will be removed from
Android in 2020-01 as per the deprecation plan in:
https://android.googlesource.com/platform/prebuilts/clang/host/linux-x86/+/master/GCC_4_9_DEPRECATION.md


Android GCC has been deprecated in favor of Clang, and will be removed from
Android in 2020-01 as per the deprecation plan in:
https://android.googlesource.com/platform/prebuilts/clang/host/linux-x86/+/master/GCC_4_9_DEPRECATION.md


Android GCC has been deprecated in favor of Clang, and will be removed from
Android in 2020-01 as per the deprecation plan in:
https://android.googlesource.com/platform/prebuilts/clang/host/linux-x86/+/master/GCC_4_9_DEPRECATION.md


  CC      lib/zlib_inflate/inffast.o
Android GCC has been deprecated in favor of Clang, and will be removed from
Android in 2020-01 as per the deprecation plan in:
https://android.googlesource.com/platform/prebuilts/clang/host/linux-x86/+/master/GCC_4_9_DEPRECATION.md


  CC      net/netfilter/nf_conntrack_acct.o
  CC      net/ipv6/ipv6_sockglue.o
Android GCC has been deprecated in favor of Clang, and will be removed from
Android in 2020-01 as per the deprecation plan in:
https://android.googlesource.com/platform/prebuilts/clang/host/linux-x86/+/master/GCC_4_9_DEPRECATION.md


Android GCC has been deprecated in favor of Clang, and will be removed from
Android in 2020-01 as per the deprecation plan in:
https://android.googlesource.com/platform/prebuilts/clang/host/linux-x86/+/master/GCC_4_9_DEPRECATION.md


Android GCC has been deprecated in favor of Clang, and will be removed from
Android in 2020-01 as per the deprecation plan in:
https://android.googlesource.com/platform/prebuilts/clang/host/linux-x86/+/master/GCC_4_9_DEPRECATION.md


Android GCC has been deprecated in favor of Clang, and will be removed from
Android in 2020-01 as per the deprecation plan in:
https://android.googlesource.com/platform/prebuilts/clang/host/linux-x86/+/master/GCC_4_9_DEPRECATION.md


Android GCC has been deprecated in favor of Clang, and will be removed from
Android in 2020-01 as per the deprecation plan in:
https://android.googlesource.com/platform/prebuilts/clang/host/linux-x86/+/master/GCC_4_9_DEPRECATION.md


  CC      net/ipv6/ndisc.o
  CC      drivers/cpufreq/exynos5433-eagle-cpufreq.o
  CC      mm/mremap.o
Android GCC has been deprecated in favor of Clang, and will be removed from
Android in 2020-01 as per the deprecation plan in:
https://android.googlesource.com/platform/prebuilts/clang/host/linux-x86/+/master/GCC_4_9_DEPRECATION.md


  CC      net/wireless/chan.o
Android GCC has been deprecated in favor of Clang, and will be removed from
Android in 2020-01 as per the deprecation plan in:
https://android.googlesource.com/platform/prebuilts/clang/host/linux-x86/+/master/GCC_4_9_DEPRECATION.md


Android GCC has been deprecated in favor of Clang, and will be removed from
Android in 2020-01 as per the deprecation plan in:
https://android.googlesource.com/platform/prebuilts/clang/host/linux-x86/+/master/GCC_4_9_DEPRECATION.md


  CC      kernel/hrtimer.o
Android GCC has been deprecated in favor of Clang, and will be removed from
Android in 2020-01 as per the deprecation plan in:
https://android.googlesource.com/platform/prebuilts/clang/host/linux-x86/+/master/GCC_4_9_DEPRECATION.md


Android GCC has been deprecated in favor of Clang, and will be removed from
Android in 2020-01 as per the deprecation plan in:
https://android.googlesource.com/platform/prebuilts/clang/host/linux-x86/+/master/GCC_4_9_DEPRECATION.md


Android GCC has been deprecated in favor of Clang, and will be removed from
Android in 2020-01 as per the deprecation plan in:
https://android.googlesource.com/platform/prebuilts/clang/host/linux-x86/+/master/GCC_4_9_DEPRECATION.md


  CC      net/ipv6/udp.o
  CC      lib/zlib_inflate/inflate.o
Android GCC has been deprecated in favor of Clang, and will be removed from
Android in 2020-01 as per the deprecation plan in:
https://android.googlesource.com/platform/prebuilts/clang/host/linux-x86/+/master/GCC_4_9_DEPRECATION.md


  CC      sound/soc/soc-cache.o
  CC      net/sched/sch_htb.o
Android GCC has been deprecated in favor of Clang, and will be removed from
Android in 2020-01 as per the deprecation plan in:
https://android.googlesource.com/platform/prebuilts/clang/host/linux-x86/+/master/GCC_4_9_DEPRECATION.md


Android GCC has been deprecated in favor of Clang, and will be removed from
Android in 2020-01 as per the deprecation plan in:
https://android.googlesource.com/platform/prebuilts/clang/host/linux-x86/+/master/GCC_4_9_DEPRECATION.md


Android GCC has been deprecated in favor of Clang, and will be removed from
Android in 2020-01 as per the deprecation plan in:
https://android.googlesource.com/platform/prebuilts/clang/host/linux-x86/+/master/GCC_4_9_DEPRECATION.md


  CC      fs/stack.o
  CC      net/bluetooth/amp.o
  CC      net/xfrm/xfrm_hash.o
  CC      crypto/des_generic.o
Android GCC has been deprecated in favor of Clang, and will be removed from
Android in 2020-01 as per the deprecation plan in:
https://android.googlesource.com/platform/prebuilts/clang/host/linux-x86/+/master/GCC_4_9_DEPRECATION.md


Android GCC has been deprecated in favor of Clang, and will be removed from
Android in 2020-01 as per the deprecation plan in:
https://android.googlesource.com/platform/prebuilts/clang/host/linux-x86/+/master/GCC_4_9_DEPRECATION.md


Android GCC has been deprecated in favor of Clang, and will be removed from
Android in 2020-01 as per the deprecation plan in:
https://android.googlesource.com/platform/prebuilts/clang/host/linux-x86/+/master/GCC_4_9_DEPRECATION.md


Android GCC has been deprecated in favor of Clang, and will be removed from
Android in 2020-01 as per the deprecation plan in:
https://android.googlesource.com/platform/prebuilts/clang/host/linux-x86/+/master/GCC_4_9_DEPRECATION.md


  CC      net/ipv6/udplite.o
Android GCC has been deprecated in favor of Clang, and will be removed from
Android in 2020-01 as per the deprecation plan in:
https://android.googlesource.com/platform/prebuilts/clang/host/linux-x86/+/master/GCC_4_9_DEPRECATION.md


Android GCC has been deprecated in favor of Clang, and will be removed from
Android in 2020-01 as per the deprecation plan in:
https://android.googlesource.com/platform/prebuilts/clang/host/linux-x86/+/master/GCC_4_9_DEPRECATION.md


  CC      net/core/dev_addr_lists.o
Android GCC has been deprecated in favor of Clang, and will be removed from
Android in 2020-01 as per the deprecation plan in:
https://android.googlesource.com/platform/prebuilts/clang/host/linux-x86/+/master/GCC_4_9_DEPRECATION.md


Android GCC has been deprecated in favor of Clang, and will be removed from
Android in 2020-01 as per the deprecation plan in:
https://android.googlesource.com/platform/prebuilts/clang/host/linux-x86/+/master/GCC_4_9_DEPRECATION.md


Android GCC has been deprecated in favor of Clang, and will be removed from
Android in 2020-01 as per the deprecation plan in:
https://android.googlesource.com/platform/prebuilts/clang/host/linux-x86/+/master/GCC_4_9_DEPRECATION.md


Android GCC has been deprecated in favor of Clang, and will be removed from
Android in 2020-01 as per the deprecation plan in:
https://android.googlesource.com/platform/prebuilts/clang/host/linux-x86/+/master/GCC_4_9_DEPRECATION.md


Android GCC has been deprecated in favor of Clang, and will be removed from
Android in 2020-01 as per the deprecation plan in:
https://android.googlesource.com/platform/prebuilts/clang/host/linux-x86/+/master/GCC_4_9_DEPRECATION.md


  CC      fs/fs_struct.o
Android GCC has been deprecated in favor of Clang, and will be removed from
Android in 2020-01 as per the deprecation plan in:
https://android.googlesource.com/platform/prebuilts/clang/host/linux-x86/+/master/GCC_4_9_DEPRECATION.md


  CC      net/xfrm/xfrm_input.o
  CC      drivers/cpufreq/exynos5433-kfc-cpufreq.o
Android GCC has been deprecated in favor of Clang, and will be removed from
Android in 2020-01 as per the deprecation plan in:
https://android.googlesource.com/platform/prebuilts/clang/host/linux-x86/+/master/GCC_4_9_DEPRECATION.md


Android GCC has been deprecated in favor of Clang, and will be removed from
Android in 2020-01 as per the deprecation plan in:
https://android.googlesource.com/platform/prebuilts/clang/host/linux-x86/+/master/GCC_4_9_DEPRECATION.md


  CC      net/netfilter/nf_conntrack_ecache.o
  CC      drivers/base/module.o
  CC      net/core/dst.o
Android GCC has been deprecated in favor of Clang, and will be removed from
Android in 2020-01 as per the deprecation plan in:
https://android.googlesource.com/platform/prebuilts/clang/host/linux-x86/+/master/GCC_4_9_DEPRECATION.md


  CC      mm/msync.o
Android GCC has been deprecated in favor of Clang, and will be removed from
Android in 2020-01 as per the deprecation plan in:
https://android.googlesource.com/platform/prebuilts/clang/host/linux-x86/+/master/GCC_4_9_DEPRECATION.md


Android GCC has been deprecated in favor of Clang, and will be removed from
Android in 2020-01 as per the deprecation plan in:
https://android.googlesource.com/platform/prebuilts/clang/host/linux-x86/+/master/GCC_4_9_DEPRECATION.md


Android GCC has been deprecated in favor of Clang, and will be removed from
Android in 2020-01 as per the deprecation plan in:
https://android.googlesource.com/platform/prebuilts/clang/host/linux-x86/+/master/GCC_4_9_DEPRECATION.md


Android GCC has been deprecated in favor of Clang, and will be removed from
Android in 2020-01 as per the deprecation plan in:
https://android.googlesource.com/platform/prebuilts/clang/host/linux-x86/+/master/GCC_4_9_DEPRECATION.md


Android GCC has been deprecated in favor of Clang, and will be removed from
Android in 2020-01 as per the deprecation plan in:
https://android.googlesource.com/platform/prebuilts/clang/host/linux-x86/+/master/GCC_4_9_DEPRECATION.md


  CC      drivers/devfreq/devfreq.o
Android GCC has been deprecated in favor of Clang, and will be removed from
Android in 2020-01 as per the deprecation plan in:
https://android.googlesource.com/platform/prebuilts/clang/host/linux-x86/+/master/GCC_4_9_DEPRECATION.md


Android GCC has been deprecated in favor of Clang, and will be removed from
Android in 2020-01 as per the deprecation plan in:
https://android.googlesource.com/platform/prebuilts/clang/host/linux-x86/+/master/GCC_4_9_DEPRECATION.md


  CC      drivers/base/pinctrl.o
  CC      lib/zlib_inflate/infutil.o
  CC      sound/soc/soc-utils.o
Android GCC has been deprecated in favor of Clang, and will be removed from
Android in 2020-01 as per the deprecation plan in:
https://android.googlesource.com/platform/prebuilts/clang/host/linux-x86/+/master/GCC_4_9_DEPRECATION.md


Android GCC has been deprecated in favor of Clang, and will be removed from
Android in 2020-01 as per the deprecation plan in:
https://android.googlesource.com/platform/prebuilts/clang/host/linux-x86/+/master/GCC_4_9_DEPRECATION.md


Android GCC has been deprecated in favor of Clang, and will be removed from
Android in 2020-01 as per the deprecation plan in:
https://android.googlesource.com/platform/prebuilts/clang/host/linux-x86/+/master/GCC_4_9_DEPRECATION.md


  CC      drivers/cpufreq/dm_cpu_hotplug.o
  LD      net/bluetooth/bluetooth.o
Android GCC has been deprecated in favor of Clang, and will be removed from
Android in 2020-01 as per the deprecation plan in:
https://android.googlesource.com/platform/prebuilts/clang/host/linux-x86/+/master/GCC_4_9_DEPRECATION.md


Android GCC has been deprecated in favor of Clang, and will be removed from
Android in 2020-01 as per the deprecation plan in:
https://android.googlesource.com/platform/prebuilts/clang/host/linux-x86/+/master/GCC_4_9_DEPRECATION.md


Android GCC has been deprecated in favor of Clang, and will be removed from
Android in 2020-01 as per the deprecation plan in:
https://android.googlesource.com/platform/prebuilts/clang/host/linux-x86/+/master/GCC_4_9_DEPRECATION.md


  LD      net/bluetooth/built-in.o
  CC      mm/rmap.o
Android GCC has been deprecated in favor of Clang, and will be removed from
Android in 2020-01 as per the deprecation plan in:
https://android.googlesource.com/platform/prebuilts/clang/host/linux-x86/+/master/GCC_4_9_DEPRECATION.md


  CC      fs/statfs.o
Android GCC has been deprecated in favor of Clang, and will be removed from
Android in 2020-01 as per the deprecation plan in:
https://android.googlesource.com/platform/prebuilts/clang/host/linux-x86/+/master/GCC_4_9_DEPRECATION.md


  CC      lib/zlib_inflate/inftrees.o
Android GCC has been deprecated in favor of Clang, and will be removed from
Android in 2020-01 as per the deprecation plan in:
https://android.googlesource.com/platform/prebuilts/clang/host/linux-x86/+/master/GCC_4_9_DEPRECATION.md


  CC      kernel/rwsem.o
  CC      crypto/twofish_generic.o
Android GCC has been deprecated in favor of Clang, and will be removed from
Android in 2020-01 as per the deprecation plan in:
https://android.googlesource.com/platform/prebuilts/clang/host/linux-x86/+/master/GCC_4_9_DEPRECATION.md


Android GCC has been deprecated in favor of Clang, and will be removed from
Android in 2020-01 as per the deprecation plan in:
https://android.googlesource.com/platform/prebuilts/clang/host/linux-x86/+/master/GCC_4_9_DEPRECATION.md


Android GCC has been deprecated in favor of Clang, and will be removed from
Android in 2020-01 as per the deprecation plan in:
https://android.googlesource.com/platform/prebuilts/clang/host/linux-x86/+/master/GCC_4_9_DEPRECATION.md


Android GCC has been deprecated in favor of Clang, and will be removed from
Android in 2020-01 as per the deprecation plan in:
https://android.googlesource.com/platform/prebuilts/clang/host/linux-x86/+/master/GCC_4_9_DEPRECATION.md


Android GCC has been deprecated in favor of Clang, and will be removed from
Android in 2020-01 as per the deprecation plan in:
https://android.googlesource.com/platform/prebuilts/clang/host/linux-x86/+/master/GCC_4_9_DEPRECATION.md


  CC      kernel/nsproxy.o
Android GCC has been deprecated in favor of Clang, and will be removed from
Android in 2020-01 as per the deprecation plan in:
https://android.googlesource.com/platform/prebuilts/clang/host/linux-x86/+/master/GCC_4_9_DEPRECATION.md


  LD      drivers/base/built-in.o
Android GCC has been deprecated in favor of Clang, and will be removed from
Android in 2020-01 as per the deprecation plan in:
https://android.googlesource.com/platform/prebuilts/clang/host/linux-x86/+/master/GCC_4_9_DEPRECATION.md


  CC      sound/soc/soc-pcm.o
Android GCC has been deprecated in favor of Clang, and will be removed from
Android in 2020-01 as per the deprecation plan in:
https://android.googlesource.com/platform/prebuilts/clang/host/linux-x86/+/master/GCC_4_9_DEPRECATION.md


  CC      net/ipv6/raw.o
Android GCC has been deprecated in favor of Clang, and will be removed from
Android in 2020-01 as per the deprecation plan in:
https://android.googlesource.com/platform/prebuilts/clang/host/linux-x86/+/master/GCC_4_9_DEPRECATION.md


Android GCC has been deprecated in favor of Clang, and will be removed from
Android in 2020-01 as per the deprecation plan in:
https://android.googlesource.com/platform/prebuilts/clang/host/linux-x86/+/master/GCC_4_9_DEPRECATION.md


Android GCC has been deprecated in favor of Clang, and will be removed from
Android in 2020-01 as per the deprecation plan in:
https://android.googlesource.com/platform/prebuilts/clang/host/linux-x86/+/master/GCC_4_9_DEPRECATION.md


Android GCC has been deprecated in favor of Clang, and will be removed from
Android in 2020-01 as per the deprecation plan in:
https://android.googlesource.com/platform/prebuilts/clang/host/linux-x86/+/master/GCC_4_9_DEPRECATION.md


Android GCC has been deprecated in favor of Clang, and will be removed from
Android in 2020-01 as per the deprecation plan in:
https://android.googlesource.com/platform/prebuilts/clang/host/linux-x86/+/master/GCC_4_9_DEPRECATION.md


  CC      lib/zlib_inflate/inflate_syms.o
  CC      net/xfrm/xfrm_output.o
Android GCC has been deprecated in favor of Clang, and will be removed from
Android in 2020-01 as per the deprecation plan in:
https://android.googlesource.com/platform/prebuilts/clang/host/linux-x86/+/master/GCC_4_9_DEPRECATION.md


  CC      fs/buffer.o
Android GCC has been deprecated in favor of Clang, and will be removed from
Android in 2020-01 as per the deprecation plan in:
https://android.googlesource.com/platform/prebuilts/clang/host/linux-x86/+/master/GCC_4_9_DEPRECATION.md


Android GCC has been deprecated in favor of Clang, and will be removed from
Android in 2020-01 as per the deprecation plan in:
https://android.googlesource.com/platform/prebuilts/clang/host/linux-x86/+/master/GCC_4_9_DEPRECATION.md


Android GCC has been deprecated in favor of Clang, and will be removed from
Android in 2020-01 as per the deprecation plan in:
https://android.googlesource.com/platform/prebuilts/clang/host/linux-x86/+/master/GCC_4_9_DEPRECATION.md


  CC      net/sched/sch_ingress.o
  CC      net/netfilter/nf_conntrack_labels.o
  CC      crypto/twofish_common.o
Android GCC has been deprecated in favor of Clang, and will be removed from
Android in 2020-01 as per the deprecation plan in:
https://android.googlesource.com/platform/prebuilts/clang/host/linux-x86/+/master/GCC_4_9_DEPRECATION.md


Android GCC has been deprecated in favor of Clang, and will be removed from
Android in 2020-01 as per the deprecation plan in:
https://android.googlesource.com/platform/prebuilts/clang/host/linux-x86/+/master/GCC_4_9_DEPRECATION.md


Android GCC has been deprecated in favor of Clang, and will be removed from
Android in 2020-01 as per the deprecation plan in:
https://android.googlesource.com/platform/prebuilts/clang/host/linux-x86/+/master/GCC_4_9_DEPRECATION.md


  CC      net/xfrm/xfrm_sysctl.o
  CC      drivers/dma/dmaengine.o
Android GCC has been deprecated in favor of Clang, and will be removed from
Android in 2020-01 as per the deprecation plan in:
https://android.googlesource.com/platform/prebuilts/clang/host/linux-x86/+/master/GCC_4_9_DEPRECATION.md


Android GCC has been deprecated in favor of Clang, and will be removed from
Android in 2020-01 as per the deprecation plan in:
https://android.googlesource.com/platform/prebuilts/clang/host/linux-x86/+/master/GCC_4_9_DEPRECATION.md


  CC      drivers/dma/of-dma.o
Android GCC has been deprecated in favor of Clang, and will be removed from
Android in 2020-01 as per the deprecation plan in:
https://android.googlesource.com/platform/prebuilts/clang/host/linux-x86/+/master/GCC_4_9_DEPRECATION.md


Android GCC has been deprecated in favor of Clang, and will be removed from
Android in 2020-01 as per the deprecation plan in:
https://android.googlesource.com/platform/prebuilts/clang/host/linux-x86/+/master/GCC_4_9_DEPRECATION.md


Android GCC has been deprecated in favor of Clang, and will be removed from
Android in 2020-01 as per the deprecation plan in:
https://android.googlesource.com/platform/prebuilts/clang/host/linux-x86/+/master/GCC_4_9_DEPRECATION.md


Android GCC has been deprecated in favor of Clang, and will be removed from
Android in 2020-01 as per the deprecation plan in:
https://android.googlesource.com/platform/prebuilts/clang/host/linux-x86/+/master/GCC_4_9_DEPRECATION.md


  CC      net/wireless/ethtool.o
Android GCC has been deprecated in favor of Clang, and will be removed from
Android in 2020-01 as per the deprecation plan in:
https://android.googlesource.com/platform/prebuilts/clang/host/linux-x86/+/master/GCC_4_9_DEPRECATION.md


  CC      drivers/fingerprint/fingerprint_sysfs.o
  CC      fs/bio.o
  CC      kernel/srcu.o
  LD      lib/zlib_inflate/zlib_inflate.o
Android GCC has been deprecated in favor of Clang, and will be removed from
Android in 2020-01 as per the deprecation plan in:
https://android.googlesource.com/platform/prebuilts/clang/host/linux-x86/+/master/GCC_4_9_DEPRECATION.md


Android GCC has been deprecated in favor of Clang, and will be removed from
Android in 2020-01 as per the deprecation plan in:
https://android.googlesource.com/platform/prebuilts/clang/host/linux-x86/+/master/GCC_4_9_DEPRECATION.md


  LD      lib/zlib_inflate/built-in.o
Android GCC has been deprecated in favor of Clang, and will be removed from
Android in 2020-01 as per the deprecation plan in:
https://android.googlesource.com/platform/prebuilts/clang/host/linux-x86/+/master/GCC_4_9_DEPRECATION.md


  CC      lib/textsearch.o
Android GCC has been deprecated in favor of Clang, and will be removed from
Android in 2020-01 as per the deprecation plan in:
https://android.googlesource.com/platform/prebuilts/clang/host/linux-x86/+/master/GCC_4_9_DEPRECATION.md


  CC      drivers/devfreq/governor_simpleondemand.o
Android GCC has been deprecated in favor of Clang, and will be removed from
Android in 2020-01 as per the deprecation plan in:
https://android.googlesource.com/platform/prebuilts/clang/host/linux-x86/+/master/GCC_4_9_DEPRECATION.md


Android GCC has been deprecated in favor of Clang, and will be removed from
Android in 2020-01 as per the deprecation plan in:
https://android.googlesource.com/platform/prebuilts/clang/host/linux-x86/+/master/GCC_4_9_DEPRECATION.md


Android GCC has been deprecated in favor of Clang, and will be removed from
Android in 2020-01 as per the deprecation plan in:
https://android.googlesource.com/platform/prebuilts/clang/host/linux-x86/+/master/GCC_4_9_DEPRECATION.md


  CC      net/core/netevent.o
Android GCC has been deprecated in favor of Clang, and will be removed from
Android in 2020-01 as per the deprecation plan in:
https://android.googlesource.com/platform/prebuilts/clang/host/linux-x86/+/master/GCC_4_9_DEPRECATION.md


  LD      drivers/cpufreq/built-in.o
Android GCC has been deprecated in favor of Clang, and will be removed from
Android in 2020-01 as per the deprecation plan in:
https://android.googlesource.com/platform/prebuilts/clang/host/linux-x86/+/master/GCC_4_9_DEPRECATION.md


  CC      net/core/neighbour.o
Android GCC has been deprecated in favor of Clang, and will be removed from
Android in 2020-01 as per the deprecation plan in:
https://android.googlesource.com/platform/prebuilts/clang/host/linux-x86/+/master/GCC_4_9_DEPRECATION.md


Android GCC has been deprecated in favor of Clang, and will be removed from
Android in 2020-01 as per the deprecation plan in:
https://android.googlesource.com/platform/prebuilts/clang/host/linux-x86/+/master/GCC_4_9_DEPRECATION.md


  CC      net/sched/sch_prio.o
Android GCC has been deprecated in favor of Clang, and will be removed from
Android in 2020-01 as per the deprecation plan in:
https://android.googlesource.com/platform/prebuilts/clang/host/linux-x86/+/master/GCC_4_9_DEPRECATION.md


Android GCC has been deprecated in favor of Clang, and will be removed from
Android in 2020-01 as per the deprecation plan in:
https://android.googlesource.com/platform/prebuilts/clang/host/linux-x86/+/master/GCC_4_9_DEPRECATION.md


Android GCC has been deprecated in favor of Clang, and will be removed from
Android in 2020-01 as per the deprecation plan in:
https://android.googlesource.com/platform/prebuilts/clang/host/linux-x86/+/master/GCC_4_9_DEPRECATION.md


Android GCC has been deprecated in favor of Clang, and will be removed from
Android in 2020-01 as per the deprecation plan in:
https://android.googlesource.com/platform/prebuilts/clang/host/linux-x86/+/master/GCC_4_9_DEPRECATION.md


Android GCC has been deprecated in favor of Clang, and will be removed from
Android in 2020-01 as per the deprecation plan in:
https://android.googlesource.com/platform/prebuilts/clang/host/linux-x86/+/master/GCC_4_9_DEPRECATION.md


  CC      drivers/devfreq/governor_simpleexynos.o
Android GCC has been deprecated in favor of Clang, and will be removed from
Android in 2020-01 as per the deprecation plan in:
https://android.googlesource.com/platform/prebuilts/clang/host/linux-x86/+/master/GCC_4_9_DEPRECATION.md


Android GCC has been deprecated in favor of Clang, and will be removed from
Android in 2020-01 as per the deprecation plan in:
https://android.googlesource.com/platform/prebuilts/clang/host/linux-x86/+/master/GCC_4_9_DEPRECATION.md


Android GCC has been deprecated in favor of Clang, and will be removed from
Android in 2020-01 as per the deprecation plan in:
https://android.googlesource.com/platform/prebuilts/clang/host/linux-x86/+/master/GCC_4_9_DEPRECATION.md


Android GCC has been deprecated in favor of Clang, and will be removed from
Android in 2020-01 as per the deprecation plan in:
https://android.googlesource.com/platform/prebuilts/clang/host/linux-x86/+/master/GCC_4_9_DEPRECATION.md


  CC      drivers/fingerprint/vfs61xx.o
  CC      net/core/rtnetlink.o
  CC      net/xfrm/xfrm_replay.o
  CC      lib/ts_kmp.o
Android GCC has been deprecated in favor of Clang, and will be removed from
Android in 2020-01 as per the deprecation plan in:
https://android.googlesource.com/platform/prebuilts/clang/host/linux-x86/+/master/GCC_4_9_DEPRECATION.md


Android GCC has been deprecated in favor of Clang, and will be removed from
Android in 2020-01 as per the deprecation plan in:
https://android.googlesource.com/platform/prebuilts/clang/host/linux-x86/+/master/GCC_4_9_DEPRECATION.md


  CC      mm/vmalloc.o
Android GCC has been deprecated in favor of Clang, and will be removed from
Android in 2020-01 as per the deprecation plan in:
https://android.googlesource.com/platform/prebuilts/clang/host/linux-x86/+/master/GCC_4_9_DEPRECATION.md


Android GCC has been deprecated in favor of Clang, and will be removed from
Android in 2020-01 as per the deprecation plan in:
https://android.googlesource.com/platform/prebuilts/clang/host/linux-x86/+/master/GCC_4_9_DEPRECATION.md


  CC      net/netfilter/nf_conntrack_h323_main.o
Android GCC has been deprecated in favor of Clang, and will be removed from
Android in 2020-01 as per the deprecation plan in:
https://android.googlesource.com/platform/prebuilts/clang/host/linux-x86/+/master/GCC_4_9_DEPRECATION.md


Android GCC has been deprecated in favor of Clang, and will be removed from
Android in 2020-01 as per the deprecation plan in:
https://android.googlesource.com/platform/prebuilts/clang/host/linux-x86/+/master/GCC_4_9_DEPRECATION.md


  CC      crypto/aes_generic.o
  CC      kernel/semaphore.o
  CC      drivers/devfreq/exynos5433_bus.o
  CC      net/sched/cls_u32.o
Android GCC has been deprecated in favor of Clang, and will be removed from
Android in 2020-01 as per the deprecation plan in:
https://android.googlesource.com/platform/prebuilts/clang/host/linux-x86/+/master/GCC_4_9_DEPRECATION.md


  CC      kernel/notifier.o
Android GCC has been deprecated in favor of Clang, and will be removed from
Android in 2020-01 as per the deprecation plan in:
https://android.googlesource.com/platform/prebuilts/clang/host/linux-x86/+/master/GCC_4_9_DEPRECATION.md


Android GCC has been deprecated in favor of Clang, and will be removed from
Android in 2020-01 as per the deprecation plan in:
https://android.googlesource.com/platform/prebuilts/clang/host/linux-x86/+/master/GCC_4_9_DEPRECATION.md


Android GCC has been deprecated in favor of Clang, and will be removed from
Android in 2020-01 as per the deprecation plan in:
https://android.googlesource.com/platform/prebuilts/clang/host/linux-x86/+/master/GCC_4_9_DEPRECATION.md


Android GCC has been deprecated in favor of Clang, and will be removed from
Android in 2020-01 as per the deprecation plan in:
https://android.googlesource.com/platform/prebuilts/clang/host/linux-x86/+/master/GCC_4_9_DEPRECATION.md


Android GCC has been deprecated in favor of Clang, and will be removed from
Android in 2020-01 as per the deprecation plan in:
https://android.googlesource.com/platform/prebuilts/clang/host/linux-x86/+/master/GCC_4_9_DEPRECATION.md


  CC      net/xfrm/xfrm_algo.o
  CC      drivers/devfreq/exynos5_bus_mif.o
Android GCC has been deprecated in favor of Clang, and will be removed from
Android in 2020-01 as per the deprecation plan in:
https://android.googlesource.com/platform/prebuilts/clang/host/linux-x86/+/master/GCC_4_9_DEPRECATION.md


Android GCC has been deprecated in favor of Clang, and will be removed from
Android in 2020-01 as per the deprecation plan in:
https://android.googlesource.com/platform/prebuilts/clang/host/linux-x86/+/master/GCC_4_9_DEPRECATION.md


Android GCC has been deprecated in favor of Clang, and will be removed from
Android in 2020-01 as per the deprecation plan in:
https://android.googlesource.com/platform/prebuilts/clang/host/linux-x86/+/master/GCC_4_9_DEPRECATION.md


  CC      lib/ts_bm.o
  CC      net/ipv6/icmp.o
Android GCC has been deprecated in favor of Clang, and will be removed from
Android in 2020-01 as per the deprecation plan in:
https://android.googlesource.com/platform/prebuilts/clang/host/linux-x86/+/master/GCC_4_9_DEPRECATION.md


Android GCC has been deprecated in favor of Clang, and will be removed from
Android in 2020-01 as per the deprecation plan in:
https://android.googlesource.com/platform/prebuilts/clang/host/linux-x86/+/master/GCC_4_9_DEPRECATION.md


Android GCC has been deprecated in favor of Clang, and will be removed from
Android in 2020-01 as per the deprecation plan in:
https://android.googlesource.com/platform/prebuilts/clang/host/linux-x86/+/master/GCC_4_9_DEPRECATION.md


  CC      net/wireless/mesh.o
Android GCC has been deprecated in favor of Clang, and will be removed from
Android in 2020-01 as per the deprecation plan in:
https://android.googlesource.com/platform/prebuilts/clang/host/linux-x86/+/master/GCC_4_9_DEPRECATION.md


Android GCC has been deprecated in favor of Clang, and will be removed from
Android in 2020-01 as per the deprecation plan in:
https://android.googlesource.com/platform/prebuilts/clang/host/linux-x86/+/master/GCC_4_9_DEPRECATION.md


  CC      sound/soc/soc-compress.o
  CC      drivers/dma/pl330.o
Android GCC has been deprecated in favor of Clang, and will be removed from
Android in 2020-01 as per the deprecation plan in:
https://android.googlesource.com/platform/prebuilts/clang/host/linux-x86/+/master/GCC_4_9_DEPRECATION.md


Android GCC has been deprecated in favor of Clang, and will be removed from
Android in 2020-01 as per the deprecation plan in:
https://android.googlesource.com/platform/prebuilts/clang/host/linux-x86/+/master/GCC_4_9_DEPRECATION.md


Android GCC has been deprecated in favor of Clang, and will be removed from
Android in 2020-01 as per the deprecation plan in:
https://android.googlesource.com/platform/prebuilts/clang/host/linux-x86/+/master/GCC_4_9_DEPRECATION.md


Android GCC has been deprecated in favor of Clang, and will be removed from
Android in 2020-01 as per the deprecation plan in:
https://android.googlesource.com/platform/prebuilts/clang/host/linux-x86/+/master/GCC_4_9_DEPRECATION.md


  CC      lib/ts_fsm.o
  CC      net/core/utils.o
Android GCC has been deprecated in favor of Clang, and will be removed from
Android in 2020-01 as per the deprecation plan in:
https://android.googlesource.com/platform/prebuilts/clang/host/linux-x86/+/master/GCC_4_9_DEPRECATION.md


Android GCC has been deprecated in favor of Clang, and will be removed from
Android in 2020-01 as per the deprecation plan in:
https://android.googlesource.com/platform/prebuilts/clang/host/linux-x86/+/master/GCC_4_9_DEPRECATION.md


Android GCC has been deprecated in favor of Clang, and will be removed from
Android in 2020-01 as per the deprecation plan in:
https://android.googlesource.com/platform/prebuilts/clang/host/linux-x86/+/master/GCC_4_9_DEPRECATION.md


  CC      net/wireless/ap.o
Android GCC has been deprecated in favor of Clang, and will be removed from
Android in 2020-01 as per the deprecation plan in:
https://android.googlesource.com/platform/prebuilts/clang/host/linux-x86/+/master/GCC_4_9_DEPRECATION.md


  CC      drivers/gpio/devres.o
Android GCC has been deprecated in favor of Clang, and will be removed from
Android in 2020-01 as per the deprecation plan in:
https://android.googlesource.com/platform/prebuilts/clang/host/linux-x86/+/master/GCC_4_9_DEPRECATION.md


Android GCC has been deprecated in favor of Clang, and will be removed from
Android in 2020-01 as per the deprecation plan in:
https://android.googlesource.com/platform/prebuilts/clang/host/linux-x86/+/master/GCC_4_9_DEPRECATION.md


  CC      net/ipv4/tcp_output.o
  CC      kernel/ksysfs.o
Android GCC has been deprecated in favor of Clang, and will be removed from
Android in 2020-01 as per the deprecation plan in:
https://android.googlesource.com/platform/prebuilts/clang/host/linux-x86/+/master/GCC_4_9_DEPRECATION.md


Android GCC has been deprecated in favor of Clang, and will be removed from
Android in 2020-01 as per the deprecation plan in:
https://android.googlesource.com/platform/prebuilts/clang/host/linux-x86/+/master/GCC_4_9_DEPRECATION.md


Android GCC has been deprecated in favor of Clang, and will be removed from
Android in 2020-01 as per the deprecation plan in:
https://android.googlesource.com/platform/prebuilts/clang/host/linux-x86/+/master/GCC_4_9_DEPRECATION.md


Android GCC has been deprecated in favor of Clang, and will be removed from
Android in 2020-01 as per the deprecation plan in:
https://android.googlesource.com/platform/prebuilts/clang/host/linux-x86/+/master/GCC_4_9_DEPRECATION.md


  CC      drivers/devfreq/exynos5_bus_int.o
  CC      net/sched/cls_basic.o
Android GCC has been deprecated in favor of Clang, and will be removed from
Android in 2020-01 as per the deprecation plan in:
https://android.googlesource.com/platform/prebuilts/clang/host/linux-x86/+/master/GCC_4_9_DEPRECATION.md


Android GCC has been deprecated in favor of Clang, and will be removed from
Android in 2020-01 as per the deprecation plan in:
https://android.googlesource.com/platform/prebuilts/clang/host/linux-x86/+/master/GCC_4_9_DEPRECATION.md


  LD      drivers/fingerprint/built-in.o
  CC      lib/percpu_counter.o
  CC      lib/audit.o
Android GCC has been deprecated in favor of Clang, and will be removed from
Android in 2020-01 as per the deprecation plan in:
https://android.googlesource.com/platform/prebuilts/clang/host/linux-x86/+/master/GCC_4_9_DEPRECATION.md


  CC      sound/soc/soc-io.o
Android GCC has been deprecated in favor of Clang, and will be removed from
Android in 2020-01 as per the deprecation plan in:
https://android.googlesource.com/platform/prebuilts/clang/host/linux-x86/+/master/GCC_4_9_DEPRECATION.md


Android GCC has been deprecated in favor of Clang, and will be removed from
Android in 2020-01 as per the deprecation plan in:
https://android.googlesource.com/platform/prebuilts/clang/host/linux-x86/+/master/GCC_4_9_DEPRECATION.md


Android GCC has been deprecated in favor of Clang, and will be removed from
Android in 2020-01 as per the deprecation plan in:
https://android.googlesource.com/platform/prebuilts/clang/host/linux-x86/+/master/GCC_4_9_DEPRECATION.md


  CC      crypto/arc4.o
Android GCC has been deprecated in favor of Clang, and will be removed from
Android in 2020-01 as per the deprecation plan in:
https://android.googlesource.com/platform/prebuilts/clang/host/linux-x86/+/master/GCC_4_9_DEPRECATION.md


Android GCC has been deprecated in favor of Clang, and will be removed from
Android in 2020-01 as per the deprecation plan in:
https://android.googlesource.com/platform/prebuilts/clang/host/linux-x86/+/master/GCC_4_9_DEPRECATION.md


Android GCC has been deprecated in favor of Clang, and will be removed from
Android in 2020-01 as per the deprecation plan in:
https://android.googlesource.com/platform/prebuilts/clang/host/linux-x86/+/master/GCC_4_9_DEPRECATION.md


  CC      net/netfilter/nf_conntrack_h323_asn1.o
  CC      drivers/gpio/gpiolib.o
  CC      net/xfrm/xfrm_user.o
Android GCC has been deprecated in favor of Clang, and will be removed from
Android in 2020-01 as per the deprecation plan in:
https://android.googlesource.com/platform/prebuilts/clang/host/linux-x86/+/master/GCC_4_9_DEPRECATION.md


  CC      mm/pagewalk.o
Android GCC has been deprecated in favor of Clang, and will be removed from
Android in 2020-01 as per the deprecation plan in:
https://android.googlesource.com/platform/prebuilts/clang/host/linux-x86/+/master/GCC_4_9_DEPRECATION.md


Android GCC has been deprecated in favor of Clang, and will be removed from
Android in 2020-01 as per the deprecation plan in:
https://android.googlesource.com/platform/prebuilts/clang/host/linux-x86/+/master/GCC_4_9_DEPRECATION.md


Android GCC has been deprecated in favor of Clang, and will be removed from
Android in 2020-01 as per the deprecation plan in:
https://android.googlesource.com/platform/prebuilts/clang/host/linux-x86/+/master/GCC_4_9_DEPRECATION.md


  CC      kernel/cred.o
  CC      net/core/link_watch.o
Android GCC has been deprecated in favor of Clang, and will be removed from
Android in 2020-01 as per the deprecation plan in:
https://android.googlesource.com/platform/prebuilts/clang/host/linux-x86/+/master/GCC_4_9_DEPRECATION.md


Android GCC has been deprecated in favor of Clang, and will be removed from
Android in 2020-01 as per the deprecation plan in:
https://android.googlesource.com/platform/prebuilts/clang/host/linux-x86/+/master/GCC_4_9_DEPRECATION.md


  CC      drivers/gpio/gpiolib-of.o
Android GCC has been deprecated in favor of Clang, and will be removed from
Android in 2020-01 as per the deprecation plan in:
https://android.googlesource.com/platform/prebuilts/clang/host/linux-x86/+/master/GCC_4_9_DEPRECATION.md


Android GCC has been deprecated in favor of Clang, and will be removed from
Android in 2020-01 as per the deprecation plan in:
https://android.googlesource.com/platform/prebuilts/clang/host/linux-x86/+/master/GCC_4_9_DEPRECATION.md


  CC      net/ipv4/tcp_timer.o
  CC      net/wireless/trace.o
Android GCC has been deprecated in favor of Clang, and will be removed from
Android in 2020-01 as per the deprecation plan in:
https://android.googlesource.com/platform/prebuilts/clang/host/linux-x86/+/master/GCC_4_9_DEPRECATION.md


Android GCC has been deprecated in favor of Clang, and will be removed from
Android in 2020-01 as per the deprecation plan in:
https://android.googlesource.com/platform/prebuilts/clang/host/linux-x86/+/master/GCC_4_9_DEPRECATION.md


Android GCC has been deprecated in favor of Clang, and will be removed from
Android in 2020-01 as per the deprecation plan in:
https://android.googlesource.com/platform/prebuilts/clang/host/linux-x86/+/master/GCC_4_9_DEPRECATION.md


Android GCC has been deprecated in favor of Clang, and will be removed from
Android in 2020-01 as per the deprecation plan in:
https://android.googlesource.com/platform/prebuilts/clang/host/linux-x86/+/master/GCC_4_9_DEPRECATION.md


Android GCC has been deprecated in favor of Clang, and will be removed from
Android in 2020-01 as per the deprecation plan in:
https://android.googlesource.com/platform/prebuilts/clang/host/linux-x86/+/master/GCC_4_9_DEPRECATION.md


Android GCC has been deprecated in favor of Clang, and will be removed from
Android in 2020-01 as per the deprecation plan in:
https://android.googlesource.com/platform/prebuilts/clang/host/linux-x86/+/master/GCC_4_9_DEPRECATION.md


  CC      drivers/devfreq/exynos5_bus_disp.o
In file included from include/trace/define_trace.h:86:0,
                 from include/trace/events/gpio.h:56,
                 from drivers/gpio/gpiolib.c:17:
include/trace/events/gpio.h: In function 'perf_trace_gpio_direction':
include/trace/ftrace.h:653:6: warning: unused variable '__addr' [-Wunused-variable]
  u64 __addr = 0, __count = 1;     \
      ^
include/trace/ftrace.h:32:2: note: in expansion of macro 'DECLARE_EVENT_CLASS'
  DECLARE_EVENT_CLASS(name,          \
  ^
include/trace/events/gpio.h:9:1: note: in expansion of macro 'TRACE_EVENT'
 TRACE_EVENT(gpio_direction,
 ^
include/trace/events/gpio.h: In function 'perf_trace_gpio_value':
include/trace/ftrace.h:653:6: warning: unused variable '__addr' [-Wunused-variable]
  u64 __addr = 0, __count = 1;     \
      ^
include/trace/ftrace.h:32:2: note: in expansion of macro 'DECLARE_EVENT_CLASS'
  DECLARE_EVENT_CLASS(name,          \
  ^
include/trace/events/gpio.h:31:1: note: in expansion of macro 'TRACE_EVENT'
 TRACE_EVENT(gpio_value,
 ^
Android GCC has been deprecated in favor of Clang, and will be removed from
Android in 2020-01 as per the deprecation plan in:
https://android.googlesource.com/platform/prebuilts/clang/host/linux-x86/+/master/GCC_4_9_DEPRECATION.md


Android GCC has been deprecated in favor of Clang, and will be removed from
Android in 2020-01 as per the deprecation plan in:
https://android.googlesource.com/platform/prebuilts/clang/host/linux-x86/+/master/GCC_4_9_DEPRECATION.md


Android GCC has been deprecated in favor of Clang, and will be removed from
Android in 2020-01 as per the deprecation plan in:
https://android.googlesource.com/platform/prebuilts/clang/host/linux-x86/+/master/GCC_4_9_DEPRECATION.md


  CC      crypto/deflate.o
  CC      lib/syscall.o
Android GCC has been deprecated in favor of Clang, and will be removed from
Android in 2020-01 as per the deprecation plan in:
https://android.googlesource.com/platform/prebuilts/clang/host/linux-x86/+/master/GCC_4_9_DEPRECATION.md


Android GCC has been deprecated in favor of Clang, and will be removed from
Android in 2020-01 as per the deprecation plan in:
https://android.googlesource.com/platform/prebuilts/clang/host/linux-x86/+/master/GCC_4_9_DEPRECATION.md


  CC      net/sched/ematch.o
Android GCC has been deprecated in favor of Clang, and will be removed from
Android in 2020-01 as per the deprecation plan in:
https://android.googlesource.com/platform/prebuilts/clang/host/linux-x86/+/master/GCC_4_9_DEPRECATION.md


  CC      drivers/gps/sec_gps_bcm47531.o
  CC      fs/block_dev.o
Android GCC has been deprecated in favor of Clang, and will be removed from
Android in 2020-01 as per the deprecation plan in:
https://android.googlesource.com/platform/prebuilts/clang/host/linux-x86/+/master/GCC_4_9_DEPRECATION.md


  CC      net/xfrm/xfrm_ipcomp.o
  CC      net/netfilter/nf_nat_core.o
Android GCC has been deprecated in favor of Clang, and will be removed from
Android in 2020-01 as per the deprecation plan in:
https://android.googlesource.com/platform/prebuilts/clang/host/linux-x86/+/master/GCC_4_9_DEPRECATION.md


  CC      kernel/async.o
Android GCC has been deprecated in favor of Clang, and will be removed from
Android in 2020-01 as per the deprecation plan in:
https://android.googlesource.com/platform/prebuilts/clang/host/linux-x86/+/master/GCC_4_9_DEPRECATION.md


Android GCC has been deprecated in favor of Clang, and will be removed from
Android in 2020-01 as per the deprecation plan in:
https://android.googlesource.com/platform/prebuilts/clang/host/linux-x86/+/master/GCC_4_9_DEPRECATION.md


Android GCC has been deprecated in favor of Clang, and will be removed from
Android in 2020-01 as per the deprecation plan in:
https://android.googlesource.com/platform/prebuilts/clang/host/linux-x86/+/master/GCC_4_9_DEPRECATION.md


Android GCC has been deprecated in favor of Clang, and will be removed from
Android in 2020-01 as per the deprecation plan in:
https://android.googlesource.com/platform/prebuilts/clang/host/linux-x86/+/master/GCC_4_9_DEPRECATION.md


Android GCC has been deprecated in favor of Clang, and will be removed from
Android in 2020-01 as per the deprecation plan in:
https://android.googlesource.com/platform/prebuilts/clang/host/linux-x86/+/master/GCC_4_9_DEPRECATION.md


Android GCC has been deprecated in favor of Clang, and will be removed from
Android in 2020-01 as per the deprecation plan in:
https://android.googlesource.com/platform/prebuilts/clang/host/linux-x86/+/master/GCC_4_9_DEPRECATION.md


  CC      net/ipv6/mcast.o
Android GCC has been deprecated in favor of Clang, and will be removed from
Android in 2020-01 as per the deprecation plan in:
https://android.googlesource.com/platform/prebuilts/clang/host/linux-x86/+/master/GCC_4_9_DEPRECATION.md


  CC      mm/pgtable-generic.o
Android GCC has been deprecated in favor of Clang, and will be removed from
Android in 2020-01 as per the deprecation plan in:
https://android.googlesource.com/platform/prebuilts/clang/host/linux-x86/+/master/GCC_4_9_DEPRECATION.md


  CC      sound/soc/codecs/arizona.o
  CC      net/core/filter.o
Android GCC has been deprecated in favor of Clang, and will be removed from
Android in 2020-01 as per the deprecation plan in:
https://android.googlesource.com/platform/prebuilts/clang/host/linux-x86/+/master/GCC_4_9_DEPRECATION.md


Android GCC has been deprecated in favor of Clang, and will be removed from
Android in 2020-01 as per the deprecation plan in:
https://android.googlesource.com/platform/prebuilts/clang/host/linux-x86/+/master/GCC_4_9_DEPRECATION.md


  CC      crypto/crc32c.o
Android GCC has been deprecated in favor of Clang, and will be removed from
Android in 2020-01 as per the deprecation plan in:
https://android.googlesource.com/platform/prebuilts/clang/host/linux-x86/+/master/GCC_4_9_DEPRECATION.md


Android GCC has been deprecated in favor of Clang, and will be removed from
Android in 2020-01 as per the deprecation plan in:
https://android.googlesource.com/platform/prebuilts/clang/host/linux-x86/+/master/GCC_4_9_DEPRECATION.md


Android GCC has been deprecated in favor of Clang, and will be removed from
Android in 2020-01 as per the deprecation plan in:
https://android.googlesource.com/platform/prebuilts/clang/host/linux-x86/+/master/GCC_4_9_DEPRECATION.md


  CC      drivers/devfreq/exynos5_bus_isp.o
Android GCC has been deprecated in favor of Clang, and will be removed from
Android in 2020-01 as per the deprecation plan in:
https://android.googlesource.com/platform/prebuilts/clang/host/linux-x86/+/master/GCC_4_9_DEPRECATION.md


Android GCC has been deprecated in favor of Clang, and will be removed from
Android in 2020-01 as per the deprecation plan in:
https://android.googlesource.com/platform/prebuilts/clang/host/linux-x86/+/master/GCC_4_9_DEPRECATION.md


Android GCC has been deprecated in favor of Clang, and will be removed from
Android in 2020-01 as per the deprecation plan in:
https://android.googlesource.com/platform/prebuilts/clang/host/linux-x86/+/master/GCC_4_9_DEPRECATION.md


  CC      lib/nlattr.o
Android GCC has been deprecated in favor of Clang, and will be removed from
Android in 2020-01 as per the deprecation plan in:
https://android.googlesource.com/platform/prebuilts/clang/host/linux-x86/+/master/GCC_4_9_DEPRECATION.md


Android GCC has been deprecated in favor of Clang, and will be removed from
Android in 2020-01 as per the deprecation plan in:
https://android.googlesource.com/platform/prebuilts/clang/host/linux-x86/+/master/GCC_4_9_DEPRECATION.md


In file included from include/trace/define_trace.h:86:0,
                 from net/wireless/trace.h:2508,
                 from net/wireless/trace.c:5:
net/wireless/./trace.h: In function 'perf_trace_rdev_suspend':
include/trace/ftrace.h:653:6: warning: unused variable '__addr' [-Wunused-variable]
  u64 __addr = 0, __count = 1;     \
      ^
include/trace/ftrace.h:32:2: note: in expansion of macro 'DECLARE_EVENT_CLASS'
  DECLARE_EVENT_CLASS(name,          \
  ^
net/wireless/./trace.h:193:1: note: in expansion of macro 'TRACE_EVENT'
 TRACE_EVENT(rdev_suspend,
 ^
net/wireless/./trace.h: In function 'perf_trace_rdev_return_int':
include/trace/ftrace.h:653:6: warning: unused variable '__addr' [-Wunused-variable]
  u64 __addr = 0, __count = 1;     \
      ^
include/trace/ftrace.h:32:2: note: in expansion of macro 'DECLARE_EVENT_CLASS'
  DECLARE_EVENT_CLASS(name,          \
  ^
net/wireless/./trace.h:231:1: note: in expansion of macro 'TRACE_EVENT'
 TRACE_EVENT(rdev_return_int,
 ^
net/wireless/./trace.h: In function 'perf_trace_rdev_scan':
include/trace/ftrace.h:653:6: warning: unused variable '__addr' [-Wunused-variable]
  u64 __addr = 0, __count = 1;     \
      ^
include/trace/ftrace.h:32:2: note: in expansion of macro 'DECLARE_EVENT_CLASS'
  DECLARE_EVENT_CLASS(name,          \
  ^
net/wireless/./trace.h:245:1: note: in expansion of macro 'TRACE_EVENT'
 TRACE_EVENT(rdev_scan,
 ^
net/wireless/./trace.h: In function 'perf_trace_wiphy_only_evt':
include/trace/ftrace.h:653:6: warning: unused variable '__addr' [-Wunused-variable]
  u64 __addr = 0, __count = 1;     \
      ^
net/wireless/./trace.h:257:1: note: in expansion of macro 'DECLARE_EVENT_CLASS'
 DECLARE_EVENT_CLASS(wiphy_only_evt,
 ^
net/wireless/./trace.h: In function 'perf_trace_wiphy_enabled_evt':
include/trace/ftrace.h:653:6: warning: unused variable '__addr' [-Wunused-variable]
  u64 __addr = 0, __count = 1;     \
      ^
net/wireless/./trace.h:294:1: note: in expansion of macro 'DECLARE_EVENT_CLASS'
 DECLARE_EVENT_CLASS(wiphy_enabled_evt,
 ^
net/wireless/./trace.h: In function 'perf_trace_rdev_add_virtual_intf':
include/trace/ftrace.h:653:6: warning: unused variable '__addr' [-Wunused-variable]
  u64 __addr = 0, __count = 1;     \
      ^
include/trace/ftrace.h:32:2: note: in expansion of macro 'DECLARE_EVENT_CLASS'
  DECLARE_EVENT_CLASS(name,          \
  ^
net/wireless/./trace.h:314:1: note: in expansion of macro 'TRACE_EVENT'
 TRACE_EVENT(rdev_add_virtual_intf,
 ^
net/wireless/./trace.h: In function 'perf_trace_wiphy_wdev_evt':
include/trace/ftrace.h:653:6: warning: unused variable '__addr' [-Wunused-variable]
  u64 __addr = 0, __count = 1;     \
      ^
net/wireless/./trace.h:331:1: note: in expansion of macro 'DECLARE_EVENT_CLASS'
 DECLARE_EVENT_CLASS(wiphy_wdev_evt,
 ^
net/wireless/./trace.h: In function 'perf_trace_rdev_change_virtual_intf':
include/trace/ftrace.h:653:6: warning: unused variable '__addr' [-Wunused-variable]
  u64 __addr = 0, __count = 1;     \
      ^
include/trace/ftrace.h:32:2: note: in expansion of macro 'DECLARE_EVENT_CLASS'
  DECLARE_EVENT_CLASS(name,          \
  ^
net/wireless/./trace.h:355:1: note: in expansion of macro 'TRACE_EVENT'
 TRACE_EVENT(rdev_change_virtual_intf,
 ^
net/wireless/./trace.h: In function 'perf_trace_key_handle':
include/trace/ftrace.h:653:6: warning: unused variable '__addr' [-Wunused-variable]
  u64 __addr = 0, __count = 1;     \
      ^
net/wireless/./trace.h:373:1: note: in expansion of macro 'DECLARE_EVENT_CLASS'
 DECLARE_EVENT_CLASS(key_handle,
 ^
net/wireless/./trace.h: In function 'perf_trace_rdev_set_default_key':
include/trace/ftrace.h:653:6: warning: unused variable '__addr' [-Wunused-variable]
  u64 __addr = 0, __count = 1;     \
      ^
include/trace/ftrace.h:32:2: note: in expansion of macro 'DECLARE_EVENT_CLASS'
  DECLARE_EVENT_CLASS(name,          \
  ^
net/wireless/./trace.h:414:1: note: in expansion of macro 'TRACE_EVENT'
 TRACE_EVENT(rdev_set_default_key,
 ^
net/wireless/./trace.h: In function 'perf_trace_rdev_set_default_mgmt_key':
include/trace/ftrace.h:653:6: warning: unused variable '__addr' [-Wunused-variable]
  u64 __addr = 0, __count = 1;     \
      ^
include/trace/ftrace.h:32:2: note: in expansion of macro 'DECLARE_EVENT_CLASS'
  DECLARE_EVENT_CLASS(name,          \
  ^
net/wireless/./trace.h:438:1: note: in expansion of macro 'TRACE_EVENT'
 TRACE_EVENT(rdev_set_default_mgmt_key,
 ^
net/wireless/./trace.h: In function 'perf_trace_rdev_start_ap':
include/trace/ftrace.h:653:6: warning: unused variable '__addr' [-Wunused-variable]
  u64 __addr = 0, __count = 1;     \
      ^
include/trace/ftrace.h:32:2: note: in expansion of macro 'DECLARE_EVENT_CLASS'
  DECLARE_EVENT_CLASS(name,          \
  ^
net/wireless/./trace.h:455:1: note: in expansion of macro 'TRACE_EVENT'
 TRACE_EVENT(rdev_start_ap,
 ^
net/wireless/./trace.h: In function 'perf_trace_rdev_change_beacon':
include/trace/ftrace.h:653:6: warning: unused variable '__addr' [-Wunused-variable]
  u64 __addr = 0, __count = 1;     \
      ^
include/trace/ftrace.h:32:2: note: in expansion of macro 'DECLARE_EVENT_CLASS'
  DECLARE_EVENT_CLASS(name,          \
  ^
net/wireless/./trace.h:497:1: note: in expansion of macro 'TRACE_EVENT'
 TRACE_EVENT(rdev_change_beacon,
 ^
net/wireless/./trace.h: In function 'perf_trace_wiphy_netdev_evt':
include/trace/ftrace.h:653:6: warning: unused variable '__addr' [-Wunused-variable]
  u64 __addr = 0, __count = 1;     \
      ^
net/wireless/./trace.h:542:1: note: in expansion of macro 'DECLARE_EVENT_CLASS'
 DECLARE_EVENT_CLASS(wiphy_netdev_evt,
 ^
net/wireless/./trace.h: In function 'perf_trace_station_add_change':
include/trace/ftrace.h:653:6: warning: unused variable '__addr' [-Wunused-variable]
  u64 __addr = 0, __count = 1;     \
      ^
net/wireless/./trace.h:596:1: note: in expansion of macro 'DECLARE_EVENT_CLASS'
 DECLARE_EVENT_CLASS(station_add_change,
 ^
net/wireless/./trace.h: In function 'perf_trace_wiphy_netdev_mac_evt':
include/trace/ftrace.h:653:6: warning: unused variable '__addr' [-Wunused-variable]
  u64 __addr = 0, __count = 1;     \
      ^
net/wireless/./trace.h:654:1: note: in expansion of macro 'DECLARE_EVENT_CLASS'
 DECLARE_EVENT_CLASS(wiphy_netdev_mac_evt,
 ^
net/wireless/./trace.h: In function 'perf_trace_rdev_dump_station':
include/trace/ftrace.h:653:6: warning: unused variable '__addr' [-Wunused-variable]
  u64 __addr = 0, __count = 1;     \
      ^
include/trace/ftrace.h:32:2: note: in expansion of macro 'DECLARE_EVENT_CLASS'
  DECLARE_EVENT_CLASS(name,          \
  ^
net/wireless/./trace.h:691:1: note: in expansion of macro 'TRACE_EVENT'
 TRACE_EVENT(rdev_dump_station,
 ^
net/wireless/./trace.h: In function 'perf_trace_rdev_return_int_station_info':
include/trace/ftrace.h:653:6: warning: unused variable '__addr' [-Wunused-variable]
  u64 __addr = 0, __count = 1;     \
      ^
include/trace/ftrace.h:32:2: note: in expansion of macro 'DECLARE_EVENT_CLASS'
  DECLARE_EVENT_CLASS(name,          \
  ^
net/wireless/./trace.h:712:1: note: in expansion of macro 'TRACE_EVENT'
 TRACE_EVENT(rdev_return_int_station_info,
 ^
net/wireless/./trace.h: In function 'perf_trace_mpath_evt':
include/trace/ftrace.h:653:6: warning: unused variable '__addr' [-Wunused-variable]
  u64 __addr = 0, __count = 1;     \
      ^
net/wireless/./trace.h:729:1: note: in expansion of macro 'DECLARE_EVENT_CLASS'
 DECLARE_EVENT_CLASS(mpath_evt,
 ^
net/wireless/./trace.h: In function 'perf_trace_rdev_dump_mpath':
include/trace/ftrace.h:653:6: warning: unused variable '__addr' [-Wunused-variable]
  u64 __addr = 0, __count = 1;     \
      ^
include/trace/ftrace.h:32:2: note: in expansion of macro 'DECLARE_EVENT_CLASS'
  DECLARE_EVENT_CLASS(name,          \
  ^
net/wireless/./trace.h:768:1: note: in expansion of macro 'TRACE_EVENT'
 TRACE_EVENT(rdev_dump_mpath,
 ^
net/wireless/./trace.h: In function 'perf_trace_rdev_return_int_mpath_info':
include/trace/ftrace.h:653:6: warning: unused variable '__addr' [-Wunused-variable]
  u64 __addr = 0, __count = 1;     \
      ^
include/trace/ftrace.h:32:2: note: in expansion of macro 'DECLARE_EVENT_CLASS'
  DECLARE_EVENT_CLASS(name,          \
  ^
net/wireless/./trace.h:792:1: note: in expansion of macro 'TRACE_EVENT'
 TRACE_EVENT(rdev_return_int_mpath_info,
 ^
net/wireless/./trace.h: In function 'perf_trace_rdev_return_int_mesh_config':
include/trace/ftrace.h:653:6: warning: unused variable '__addr' [-Wunused-variable]
  u64 __addr = 0, __count = 1;     \
      ^
include/trace/ftrace.h:32:2: note: in expansion of macro 'DECLARE_EVENT_CLASS'
  DECLARE_EVENT_CLASS(name,          \
  ^
net/wireless/./trace.h:830:1: note: in expansion of macro 'TRACE_EVENT'
 TRACE_EVENT(rdev_return_int_mesh_config,
 ^
net/wireless/./trace.h: In function 'perf_trace_rdev_update_mesh_config':
include/trace/ftrace.h:653:6: warning: unused variable '__addr' [-Wunused-variable]
  u64 __addr = 0, __count = 1;     \
      ^
include/trace/ftrace.h:32:2: note: in expansion of macro 'DECLARE_EVENT_CLASS'
  DECLARE_EVENT_CLASS(name,          \
  ^
net/wireless/./trace.h:847:1: note: in expansion of macro 'TRACE_EVENT'
 TRACE_EVENT(rdev_update_mesh_config,
 ^
net/wireless/./trace.h: In function 'perf_trace_rdev_join_mesh':
include/trace/ftrace.h:653:6: warning: unused variable '__addr' [-Wunused-variable]
  u64 __addr = 0, __count = 1;     \
      ^
include/trace/ftrace.h:32:2: note: in expansion of macro 'DECLARE_EVENT_CLASS'
  DECLARE_EVENT_CLASS(name,          \
  ^
net/wireless/./trace.h:867:1: note: in expansion of macro 'TRACE_EVENT'
 TRACE_EVENT(rdev_join_mesh,
 ^
net/wireless/./trace.h: In function 'perf_trace_rdev_change_bss':
include/trace/ftrace.h:653:6: warning: unused variable '__addr' [-Wunused-variable]
  u64 __addr = 0, __count = 1;     \
      ^
include/trace/ftrace.h:32:2: note: in expansion of macro 'DECLARE_EVENT_CLASS'
  DECLARE_EVENT_CLASS(name,          \
  ^
net/wireless/./trace.h:886:1: note: in expansion of macro 'TRACE_EVENT'
 TRACE_EVENT(rdev_change_bss,
 ^
net/wireless/./trace.h: In function 'perf_trace_rdev_set_txq_params':
include/trace/ftrace.h:653:6: warning: unused variable '__addr' [-Wunused-variable]
  u64 __addr = 0, __count = 1;     \
      ^
include/trace/ftrace.h:32:2: note: in expansion of macro 'DECLARE_EVENT_CLASS'
  DECLARE_EVENT_CLASS(name,          \
  ^
net/wireless/./trace.h:916:1: note: in expansion of macro 'TRACE_EVENT'
 TRACE_EVENT(rdev_set_txq_params,
 ^
net/wireless/./trace.h: In function 'perf_trace_rdev_libertas_set_mesh_channel':
include/trace/ftrace.h:653:6: warning: unused variable '__addr' [-Wunused-variable]
  u64 __addr = 0, __count = 1;     \
      ^
include/trace/ftrace.h:32:2: note: in expansion of macro 'DECLARE_EVENT_CLASS'
  DECLARE_EVENT_CLASS(name,          \
  ^
net/wireless/./trace.h:943:1: note: in expansion of macro 'TRACE_EVENT'
 TRACE_EVENT(rdev_libertas_set_mesh_channel,
 ^
net/wireless/./trace.h: In function 'perf_trace_rdev_set_monitor_channel':
include/trace/ftrace.h:653:6: warning: unused variable '__addr' [-Wunused-variable]
  u64 __addr = 0, __count = 1;     \
      ^
include/trace/ftrace.h:32:2: note: in expansion of macro 'DECLARE_EVENT_CLASS'
  DECLARE_EVENT_CLASS(name,          \
  ^
net/wireless/./trace.h:961:1: note: in expansion of macro 'TRACE_EVENT'
 TRACE_EVENT(rdev_set_monitor_channel,
 ^
net/wireless/./trace.h: In function 'perf_trace_rdev_auth':
include/trace/ftrace.h:653:6: warning: unused variable '__addr' [-Wunused-variable]
  u64 __addr = 0, __count = 1;     \
      ^
include/trace/ftrace.h:32:2: note: in expansion of macro 'DECLARE_EVENT_CLASS'
  DECLARE_EVENT_CLASS(name,          \
  ^
net/wireless/./trace.h:977:1: note: in expansion of macro 'TRACE_EVENT'
 TRACE_EVENT(rdev_auth,
 ^
net/wireless/./trace.h: In function 'perf_trace_rdev_assoc':
include/trace/ftrace.h:653:6: warning: unused variable '__addr' [-Wunused-variable]
  u64 __addr = 0, __count = 1;     \
      ^
include/trace/ftrace.h:32:2: note: in expansion of macro 'DECLARE_EVENT_CLASS'
  DECLARE_EVENT_CLASS(name,          \
  ^
net/wireless/./trace.h:1001:1: note: in expansion of macro 'TRACE_EVENT'
 TRACE_EVENT(rdev_assoc,
 ^
  CC      lib/average.o
net/wireless/./trace.h: In function 'perf_trace_rdev_deauth':
include/trace/ftrace.h:653:6: warning: unused variable '__addr' [-Wunused-variable]
  u64 __addr = 0, __count = 1;     \
      ^
include/trace/ftrace.h:32:2: note: in expansion of macro 'DECLARE_EVENT_CLASS'
  DECLARE_EVENT_CLASS(name,          \
  ^
net/wireless/./trace.h:1031:1: note: in expansion of macro 'TRACE_EVENT'
 TRACE_EVENT(rdev_deauth,
 ^
net/wireless/./trace.h: In function 'perf_trace_rdev_disassoc':
include/trace/ftrace.h:653:6: warning: unused variable '__addr' [-Wunused-variable]
  u64 __addr = 0, __count = 1;     \
      ^
include/trace/ftrace.h:32:2: note: in expansion of macro 'DECLARE_EVENT_CLASS'
  DECLARE_EVENT_CLASS(name,          \
  ^
net/wireless/./trace.h:1052:1: note: in expansion of macro 'TRACE_EVENT'
 TRACE_EVENT(rdev_disassoc,
 ^
net/wireless/./trace.h: In function 'perf_trace_rdev_mgmt_tx_cancel_wait':
include/trace/ftrace.h:653:6: warning: unused variable '__addr' [-Wunused-variable]
  u64 __addr = 0, __count = 1;     \
      ^
include/trace/ftrace.h:32:2: note: in expansion of macro 'DECLARE_EVENT_CLASS'
  DECLARE_EVENT_CLASS(name,          \
  ^
net/wireless/./trace.h:1080:1: note: in expansion of macro 'TRACE_EVENT'
 TRACE_EVENT(rdev_mgmt_tx_cancel_wait,
 ^
net/wireless/./trace.h: In function 'perf_trace_rdev_set_power_mgmt':
include/trace/ftrace.h:653:6: warning: unused variable '__addr' [-Wunused-variable]
  u64 __addr = 0, __count = 1;     \
      ^
include/trace/ftrace.h:32:2: note: in expansion of macro 'DECLARE_EVENT_CLASS'
  DECLARE_EVENT_CLASS(name,          \
  ^
net/wireless/./trace.h:1098:1: note: in expansion of macro 'TRACE_EVENT'
 TRACE_EVENT(rdev_set_power_mgmt,
 ^
net/wireless/./trace.h: In function 'perf_trace_rdev_connect':
include/trace/ftrace.h:653:6: warning: unused variable '__addr' [-Wunused-variable]
  u64 __addr = 0, __count = 1;     \
      ^
include/trace/ftrace.h:32:2: note: in expansion of macro 'DECLARE_EVENT_CLASS'
  DECLARE_EVENT_CLASS(name,          \
  ^
net/wireless/./trace.h:1119:1: note: in expansion of macro 'TRACE_EVENT'
 TRACE_EVENT(rdev_connect,
 ^
net/wireless/./trace.h: In function 'perf_trace_rdev_set_cqm_rssi_config':
include/trace/ftrace.h:653:6: warning: unused variable '__addr' [-Wunused-variable]
  u64 __addr = 0, __count = 1;     \
      ^
include/trace/ftrace.h:32:2: note: in expansion of macro 'DECLARE_EVENT_CLASS'
  DECLARE_EVENT_CLASS(name,          \
  ^
net/wireless/./trace.h:1152:1: note: in expansion of macro 'TRACE_EVENT'
 TRACE_EVENT(rdev_set_cqm_rssi_config,
 ^
net/wireless/./trace.h: In function 'perf_trace_rdev_set_cqm_txe_config':
include/trace/ftrace.h:653:6: warning: unused variable '__addr' [-Wunused-variable]
  u64 __addr = 0, __count = 1;     \
      ^
include/trace/ftrace.h:32:2: note: in expansion of macro 'DECLARE_EVENT_CLASS'
  DECLARE_EVENT_CLASS(name,          \
  ^
net/wireless/./trace.h:1175:1: note: in expansion of macro 'TRACE_EVENT'
 TRACE_EVENT(rdev_set_cqm_txe_config,
 ^
net/wireless/./trace.h: In function 'perf_trace_rdev_disconnect':
include/trace/ftrace.h:653:6: warning: unused variable '__addr' [-Wunused-variable]
  u64 __addr = 0, __count = 1;     \
      ^
include/trace/ftrace.h:32:2: note: in expansion of macro 'DECLARE_EVENT_CLASS'
  DECLARE_EVENT_CLASS(name,          \
  ^
net/wireless/./trace.h:1198:1: note: in expansion of macro 'TRACE_EVENT'
 TRACE_EVENT(rdev_disconnect,
 ^
net/wireless/./trace.h: In function 'perf_trace_rdev_join_ibss':
include/trace/ftrace.h:653:6: warning: unused variable '__addr' [-Wunused-variable]
  u64 __addr = 0, __count = 1;     \
      ^
include/trace/ftrace.h:32:2: note: in expansion of macro 'DECLARE_EVENT_CLASS'
  DECLARE_EVENT_CLASS(name,          \
  ^
net/wireless/./trace.h:1216:1: note: in expansion of macro 'TRACE_EVENT'
 TRACE_EVENT(rdev_join_ibss,
 ^
net/wireless/./trace.h: In function 'perf_trace_rdev_set_wiphy_params':
include/trace/ftrace.h:653:6: warning: unused variable '__addr' [-Wunused-variable]
  u64 __addr = 0, __count = 1;     \
      ^
include/trace/ftrace.h:32:2: note: in expansion of macro 'DECLARE_EVENT_CLASS'
  DECLARE_EVENT_CLASS(name,          \
  ^
net/wireless/./trace.h:1237:1: note: in expansion of macro 'TRACE_EVENT'
 TRACE_EVENT(rdev_set_wiphy_params,
 ^
net/wireless/./trace.h: In function 'perf_trace_rdev_set_tx_power':
include/trace/ftrace.h:653:6: warning: unused variable '__addr' [-Wunused-variable]
  u64 __addr = 0, __count = 1;     \
      ^
include/trace/ftrace.h:32:2: note: in expansion of macro 'DECLARE_EVENT_CLASS'
  DECLARE_EVENT_CLASS(name,          \
  ^
net/wireless/./trace.h:1257:1: note: in expansion of macro 'TRACE_EVENT'
 TRACE_EVENT(rdev_set_tx_power,
 ^
net/wireless/./trace.h: In function 'perf_trace_rdev_return_int_int':
include/trace/ftrace.h:653:6: warning: unused variable '__addr' [-Wunused-variable]
  u64 __addr = 0, __count = 1;     \
      ^
include/trace/ftrace.h:32:2: note: in expansion of macro 'DECLARE_EVENT_CLASS'
  DECLARE_EVENT_CLASS(name,          \
  ^
net/wireless/./trace.h:1277:1: note: in expansion of macro 'TRACE_EVENT'
 TRACE_EVENT(rdev_return_int_int,
 ^
net/wireless/./trace.h: In function 'perf_trace_rdev_testmode_cmd':
include/trace/ftrace.h:653:6: warning: unused variable '__addr' [-Wunused-variable]
  u64 __addr = 0, __count = 1;     \
      ^
include/trace/ftrace.h:32:2: note: in expansion of macro 'DECLARE_EVENT_CLASS'
  DECLARE_EVENT_CLASS(name,          \
  ^
net/wireless/./trace.h:1295:1: note: in expansion of macro 'TRACE_EVENT'
 TRACE_EVENT(rdev_testmode_cmd,
 ^
net/wireless/./trace.h: In function 'perf_trace_rdev_testmode_dump':
include/trace/ftrace.h:653:6: warning: unused variable '__addr' [-Wunused-variable]
  u64 __addr = 0, __count = 1;     \
      ^
include/trace/ftrace.h:32:2: note: in expansion of macro 'DECLARE_EVENT_CLASS'
  DECLARE_EVENT_CLASS(name,          \
  ^
net/wireless/./trace.h:1307:1: note: in expansion of macro 'TRACE_EVENT'
 TRACE_EVENT(rdev_testmode_dump,
 ^
net/wireless/./trace.h: In function 'perf_trace_rdev_set_bitrate_mask':
include/trace/ftrace.h:653:6: warning: unused variable '__addr' [-Wunused-variable]
  u64 __addr = 0, __count = 1;     \
      ^
include/trace/ftrace.h:32:2: note: in expansion of macro 'DECLARE_EVENT_CLASS'
  DECLARE_EVENT_CLASS(name,          \
  ^
net/wireless/./trace.h:1320:1: note: in expansion of macro 'TRACE_EVENT'
 TRACE_EVENT(rdev_set_bitrate_mask,
 ^
net/wireless/./trace.h: In function 'perf_trace_rdev_mgmt_frame_register':
include/trace/ftrace.h:653:6: warning: unused variable '__addr' [-Wunused-variable]
  u64 __addr = 0, __count = 1;     \
      ^
include/trace/ftrace.h:32:2: note: in expansion of macro 'DECLARE_EVENT_CLASS'
  DECLARE_EVENT_CLASS(name,          \
  ^
net/wireless/./trace.h:1338:1: note: in expansion of macro 'TRACE_EVENT'
 TRACE_EVENT(rdev_mgmt_frame_register,
 ^
net/wireless/./trace.h: In function 'perf_trace_rdev_return_int_tx_rx':
include/trace/ftrace.h:653:6: warning: unused variable '__addr' [-Wunused-variable]
  u64 __addr = 0, __count = 1;     \
      ^
include/trace/ftrace.h:32:2: note: in expansion of macro 'DECLARE_EVENT_CLASS'
  DECLARE_EVENT_CLASS(name,          \
  ^
net/wireless/./trace.h:1359:1: note: in expansion of macro 'TRACE_EVENT'
 TRACE_EVENT(rdev_return_int_tx_rx,
 ^
net/wireless/./trace.h: In function 'perf_trace_rdev_return_void_tx_rx':
include/trace/ftrace.h:653:6: warning: unused variable '__addr' [-Wunused-variable]
  u64 __addr = 0, __count = 1;     \
      ^
include/trace/ftrace.h:32:2: note: in expansion of macro 'DECLARE_EVENT_CLASS'
  DECLARE_EVENT_CLASS(name,          \
  ^
net/wireless/./trace.h:1378:1: note: in expansion of macro 'TRACE_EVENT'
 TRACE_EVENT(rdev_return_void_tx_rx,
 ^
net/wireless/./trace.h: In function 'perf_trace_tx_rx_evt':
include/trace/ftrace.h:653:6: warning: unused variable '__addr' [-Wunused-variable]
  u64 __addr = 0, __count = 1;     \
      ^
net/wireless/./trace.h:1401:1: note: in expansion of macro 'DECLARE_EVENT_CLASS'
 DECLARE_EVENT_CLASS(tx_rx_evt,
 ^
net/wireless/./trace.h: In function 'perf_trace_rdev_sched_scan_start':
include/trace/ftrace.h:653:6: warning: unused variable '__addr' [-Wunused-variable]
  u64 __addr = 0, __count = 1;     \
      ^
include/trace/ftrace.h:32:2: note: in expansion of macro 'DECLARE_EVENT_CLASS'
  DECLARE_EVENT_CLASS(name,          \
  ^
net/wireless/./trace.h:1428:1: note: in expansion of macro 'TRACE_EVENT'
 TRACE_EVENT(rdev_sched_scan_start,
 ^
net/wireless/./trace.h: In function 'perf_trace_rdev_tdls_mgmt':
include/trace/ftrace.h:653:6: warning: unused variable '__addr' [-Wunused-variable]
  u64 __addr = 0, __count = 1;     \
      ^
include/trace/ftrace.h:32:2: note: in expansion of macro 'DECLARE_EVENT_CLASS'
  DECLARE_EVENT_CLASS(name,          \
  ^
net/wireless/./trace.h:1444:1: note: in expansion of macro 'TRACE_EVENT'
 TRACE_EVENT(rdev_tdls_mgmt,
 ^
net/wireless/./trace.h: In function 'perf_trace_rdev_dump_survey':
include/trace/ftrace.h:653:6: warning: unused variable '__addr' [-Wunused-variable]
  u64 __addr = 0, __count = 1;     \
      ^
include/trace/ftrace.h:32:2: note: in expansion of macro 'DECLARE_EVENT_CLASS'
  DECLARE_EVENT_CLASS(name,          \
  ^
net/wireless/./trace.h:1475:1: note: in expansion of macro 'TRACE_EVENT'
 TRACE_EVENT(rdev_dump_survey,
 ^
net/wireless/./trace.h: In function 'perf_trace_rdev_return_int_survey_info':
include/trace/ftrace.h:653:6: warning: unused variable '__addr' [-Wunused-variable]
  u64 __addr = 0, __count = 1;     \
      ^
include/trace/ftrace.h:32:2: note: in expansion of macro 'DECLARE_EVENT_CLASS'
  DECLARE_EVENT_CLASS(name,          \
  ^
net/wireless/./trace.h:1492:1: note: in expansion of macro 'TRACE_EVENT'
 TRACE_EVENT(rdev_return_int_survey_info,
 ^
net/wireless/./trace.h: In function 'perf_trace_rdev_tdls_oper':
include/trace/ftrace.h:653:6: warning: unused variable '__addr' [-Wunused-variable]
  u64 __addr = 0, __count = 1;     \
      ^
include/trace/ftrace.h:32:2: note: in expansion of macro 'DECLARE_EVENT_CLASS'
  DECLARE_EVENT_CLASS(name,          \
  ^
net/wireless/./trace.h:1529:1: note: in expansion of macro 'TRACE_EVENT'
 TRACE_EVENT(rdev_tdls_oper,
 ^
  CC      sound/soc/codecs/dummy_codec.o
net/wireless/./trace.h: In function 'perf_trace_rdev_pmksa':
include/trace/ftrace.h:653:6: warning: unused variable '__addr' [-Wunused-variable]
  u64 __addr = 0, __count = 1;     \
      ^
net/wireless/./trace.h:1549:1: note: in expansion of macro 'DECLARE_EVENT_CLASS'
 DECLARE_EVENT_CLASS(rdev_pmksa,
 ^
net/wireless/./trace.h: In function 'perf_trace_rdev_probe_client':
include/trace/ftrace.h:653:6: warning: unused variable '__addr' [-Wunused-variable]
  u64 __addr = 0, __count = 1;     \
      ^
include/trace/ftrace.h:32:2: note: in expansion of macro 'DECLARE_EVENT_CLASS'
  DECLARE_EVENT_CLASS(name,          \
  ^
net/wireless/./trace.h:1567:1: note: in expansion of macro 'TRACE_EVENT'
 TRACE_EVENT(rdev_probe_client,
 ^
net/wireless/./trace.h: In function 'perf_trace_rdev_remain_on_channel':
include/trace/ftrace.h:653:6: warning: unused variable '__addr' [-Wunused-variable]
  u64 __addr = 0, __count = 1;     \
      ^
include/trace/ftrace.h:32:2: note: in expansion of macro 'DECLARE_EVENT_CLASS'
  DECLARE_EVENT_CLASS(name,          \
  ^
net/wireless/./trace.h:1597:1: note: in expansion of macro 'TRACE_EVENT'
 TRACE_EVENT(rdev_remain_on_channel,
 ^
net/wireless/./trace.h: In function 'perf_trace_rdev_return_int_cookie':
include/trace/ftrace.h:653:6: warning: unused variable '__addr' [-Wunused-variable]
  u64 __addr = 0, __count = 1;     \
      ^
include/trace/ftrace.h:32:2: note: in expansion of macro 'DECLARE_EVENT_CLASS'
  DECLARE_EVENT_CLASS(name,          \
  ^
net/wireless/./trace.h:1618:1: note: in expansion of macro 'TRACE_EVENT'
 TRACE_EVENT(rdev_return_int_cookie,
 ^
  LD      drivers/dma/built-in.o
net/wireless/./trace.h: In function 'perf_trace_rdev_cancel_remain_on_channel':
Android GCC has been deprecated in favor of Clang, and will be removed from
Android in 2020-01 as per the deprecation plan in:
https://android.googlesource.com/platform/prebuilts/clang/host/linux-x86/+/master/GCC_4_9_DEPRECATION.md


include/trace/ftrace.h:653:6: warning: unused variable '__addr' [-Wunused-variable]
  u64 __addr = 0, __count = 1;     \
      ^
include/trace/ftrace.h:32:2: note: in expansion of macro 'DECLARE_EVENT_CLASS'
  DECLARE_EVENT_CLASS(name,          \
  ^
net/wireless/./trace.h:1635:1: note: in expansion of macro 'TRACE_EVENT'
 TRACE_EVENT(rdev_cancel_remain_on_channel,
 ^
Android GCC has been deprecated in favor of Clang, and will be removed from
Android in 2020-01 as per the deprecation plan in:
https://android.googlesource.com/platform/prebuilts/clang/host/linux-x86/+/master/GCC_4_9_DEPRECATION.md

  CC      crypto/authenc.o
Android GCC has been deprecated in favor of Clang, and will be removed from
Android in 2020-01 as per the deprecation plan in:
https://android.googlesource.com/platform/prebuilts/clang/host/linux-x86/+/master/GCC_4_9_DEPRECATION.md

  CC      crypto/authencesn.o


  CC      mm/process_vm_access.o
  LD      drivers/gps/built-in.o
  CC      mm/init-mm.o
Android GCC has been deprecated in favor of Clang, and will be removed from
Android in 2020-01 as per the deprecation plan in:
https://android.googlesource.com/platform/prebuilts/clang/host/linux-x86/+/master/GCC_4_9_DEPRECATION.md

  CC      mm/bootmem.o

net/wireless/./trace.h: In function 'perf_trace_rdev_mgmt_tx':
Android GCC has been deprecated in favor of Clang, and will be removed from
Android in 2020-01 as per the deprecation plan in:
https://android.googlesource.com/platform/prebuilts/clang/host/linux-x86/+/master/GCC_4_9_DEPRECATION.md


include/trace/ftrace.h:653:6: warning: unused variable '__addr' [-Wunused-variable]
  u64 __addr = 0, __count = 1;     \
      ^
include/trace/ftrace.h:32:2: note: in expansion of macro 'DECLARE_EVENT_CLASS'
  DECLARE_EVENT_CLASS(name,          \
  ^
net/wireless/./trace.h:1652:1: note: in expansion of macro 'TRACE_EVENT'
 TRACE_EVENT(rdev_mgmt_tx,
 ^
  CC      drivers/devfreq/exynos5433_ppmu.o
net/core/filter.c: In function '____bpf_sk_fullsock':
Android GCC has been deprecated in favor of Clang, and will be removed from
Android in 2020-01 as per the deprecation plan in:
https://android.googlesource.com/platform/prebuilts/clang/host/linux-x86/+/master/GCC_4_9_DEPRECATION.md

Android GCC has been deprecated in favor of Clang, and will be removed from
Android in 2020-01 as per the deprecation plan in:
https://android.googlesource.com/platform/prebuilts/clang/host/linux-x86/+/master/GCC_4_9_DEPRECATION.md


net/core/filter.c:1410:2: warning: return makes integer from pointer without a cast
  return NULL; //sk_fullsock(sk) ? (unsigned long)sk : (unsigned long)NULL;
  ^

Android GCC has been deprecated in favor of Clang, and will be removed from
Android in 2020-01 as per the deprecation plan in:
https://android.googlesource.com/platform/prebuilts/clang/host/linux-x86/+/master/GCC_4_9_DEPRECATION.md


net/wireless/./trace.h: In function 'perf_trace_rdev_set_noack_map':
include/trace/ftrace.h:653:6: warning: unused variable '__addr' [-Wunused-variable]
  u64 __addr = 0, __count = 1;     \
      ^
include/trace/ftrace.h:32:2: note: in expansion of macro 'DECLARE_EVENT_CLASS'
  DECLARE_EVENT_CLASS(name,          \
  ^
net/wireless/./trace.h:1683:1: note: in expansion of macro 'TRACE_EVENT'
 TRACE_EVENT(rdev_set_noack_map,
 ^
net/wireless/./trace.h: In function 'perf_trace_rdev_get_et_sset_count':
include/trace/ftrace.h:653:6: warning: unused variable '__addr' [-Wunused-variable]
  u64 __addr = 0, __count = 1;     \
      ^
include/trace/ftrace.h:32:2: note: in expansion of macro 'DECLARE_EVENT_CLASS'
  DECLARE_EVENT_CLASS(name,          \
  ^
net/wireless/./trace.h:1701:1: note: in expansion of macro 'TRACE_EVENT'
 TRACE_EVENT(rdev_get_et_sset_count,
 ^
Android GCC has been deprecated in favor of Clang, and will be removed from
Android in 2020-01 as per the deprecation plan in:
https://android.googlesource.com/platform/prebuilts/clang/host/linux-x86/+/master/GCC_4_9_DEPRECATION.md

Android GCC has been deprecated in favor of Clang, and will be removed from
Android in 2020-01 as per the deprecation plan in:
https://android.googlesource.com/platform/prebuilts/clang/host/linux-x86/+/master/GCC_4_9_DEPRECATION.md


Android GCC has been deprecated in favor of Clang, and will be removed from
Android in 2020-01 as per the deprecation plan in:
https://android.googlesource.com/platform/prebuilts/clang/host/linux-x86/+/master/GCC_4_9_DEPRECATION.md



  CC      drivers/devfreq/exynos_ppmu_fw.o
Android GCC has been deprecated in favor of Clang, and will be removed from
Android in 2020-01 as per the deprecation plan in:
https://android.googlesource.com/platform/prebuilts/clang/host/linux-x86/+/master/GCC_4_9_DEPRECATION.md

Android GCC has been deprecated in favor of Clang, and will be removed from
Android in 2020-01 as per the deprecation plan in:
https://android.googlesource.com/platform/prebuilts/clang/host/linux-x86/+/master/GCC_4_9_DEPRECATION.md



net/wireless/./trace.h: In function 'perf_trace_rdev_get_et_strings':
include/trace/ftrace.h:653:6: warning: unused variable '__addr' [-Wunused-variable]
  u64 __addr = 0, __count = 1;     \
      ^
include/trace/ftrace.h:32:2: note: in expansion of macro 'DECLARE_EVENT_CLASS'
  DECLARE_EVENT_CLASS(name,          \
  ^
net/wireless/./trace.h:1718:1: note: in expansion of macro 'TRACE_EVENT'
 TRACE_EVENT(rdev_get_et_strings,
 ^
  CC      net/ipv6/reassembly.o
net/wireless/./trace.h: In function 'perf_trace_rdev_return_chandef':
include/trace/ftrace.h:653:6: warning: unused variable '__addr' [-Wunused-variable]
  u64 __addr = 0, __count = 1;     \
      ^
include/trace/ftrace.h:32:2: note: in expansion of macro 'DECLARE_EVENT_CLASS'
  DECLARE_EVENT_CLASS(name,          \
  ^
net/wireless/./trace.h:1740:1: note: in expansion of macro 'TRACE_EVENT'
 TRACE_EVENT(rdev_return_chandef,
 ^
net/wireless/./trace.h: In function 'perf_trace_rdev_set_mac_acl':
include/trace/ftrace.h:653:6: warning: unused variable '__addr' [-Wunused-variable]
  u64 __addr = 0, __count = 1;     \
      ^
include/trace/ftrace.h:32:2: note: in expansion of macro 'DECLARE_EVENT_CLASS'
  DECLARE_EVENT_CLASS(name,          \
  ^
net/wireless/./trace.h:1771:1: note: in expansion of macro 'TRACE_EVENT'
 TRACE_EVENT(rdev_set_mac_acl,
 ^
net/wireless/./trace.h: In function 'perf_trace_rdev_update_ft_ies':
include/trace/ftrace.h:653:6: warning: unused variable '__addr' [-Wunused-variable]
  u64 __addr = 0, __count = 1;     \
      ^
include/trace/ftrace.h:32:2: note: in expansion of macro 'DECLARE_EVENT_CLASS'
  DECLARE_EVENT_CLASS(name,          \
  ^
net/wireless/./trace.h:1789:1: note: in expansion of macro 'TRACE_EVENT'
 TRACE_EVENT(rdev_update_ft_ies,
 ^
net/wireless/./trace.h: In function 'perf_trace_rdev_crit_proto_start':
include/trace/ftrace.h:653:6: warning: unused variable '__addr' [-Wunused-variable]
  u64 __addr = 0, __count = 1;     \
      ^
include/trace/ftrace.h:32:2: note: in expansion of macro 'DECLARE_EVENT_CLASS'
  DECLARE_EVENT_CLASS(name,          \
  ^
net/wireless/./trace.h:1809:1: note: in expansion of macro 'TRACE_EVENT'
 TRACE_EVENT(rdev_crit_proto_start,
 ^
net/wireless/./trace.h: In function 'perf_trace_rdev_crit_proto_stop':
include/trace/ftrace.h:653:6: warning: unused variable '__addr' [-Wunused-variable]
  u64 __addr = 0, __count = 1;     \
      ^
include/trace/ftrace.h:32:2: note: in expansion of macro 'DECLARE_EVENT_CLASS'
  DECLARE_EVENT_CLASS(name,          \
  ^
net/wireless/./trace.h:1829:1: note: in expansion of macro 'TRACE_EVENT'
 TRACE_EVENT(rdev_crit_proto_stop,
 ^
net/wireless/./trace.h: In function 'perf_trace_cfg80211_return_bool':
include/trace/ftrace.h:653:6: warning: unused variable '__addr' [-Wunused-variable]
  u64 __addr = 0, __count = 1;     \
      ^
include/trace/ftrace.h:32:2: note: in expansion of macro 'DECLARE_EVENT_CLASS'
  DECLARE_EVENT_CLASS(name,          \
  ^
net/wireless/./trace.h:1848:1: note: in expansion of macro 'TRACE_EVENT'
 TRACE_EVENT(cfg80211_return_bool,
 ^
net/wireless/./trace.h: In function 'perf_trace_cfg80211_netdev_mac_evt':
include/trace/ftrace.h:653:6: warning: unused variable '__addr' [-Wunused-variable]
  u64 __addr = 0, __count = 1;     \
      ^
net/wireless/./trace.h:1860:1: note: in expansion of macro 'DECLARE_EVENT_CLASS'
 DECLARE_EVENT_CLASS(cfg80211_netdev_mac_evt,
 ^
net/wireless/./trace.h: In function 'perf_trace_netdev_evt_only':
include/trace/ftrace.h:653:6: warning: unused variable '__addr' [-Wunused-variable]
  u64 __addr = 0, __count = 1;     \
      ^
net/wireless/./trace.h:1880:1: note: in expansion of macro 'DECLARE_EVENT_CLASS'
 DECLARE_EVENT_CLASS(netdev_evt_only,
 ^
net/wireless/./trace.h: In function 'perf_trace_cfg80211_send_rx_assoc':
include/trace/ftrace.h:653:6: warning: unused variable '__addr' [-Wunused-variable]
  u64 __addr = 0, __count = 1;     \
      ^
include/trace/ftrace.h:32:2: note: in expansion of macro 'DECLARE_EVENT_CLASS'
  DECLARE_EVENT_CLASS(name,          \
  ^
net/wireless/./trace.h:1897:1: note: in expansion of macro 'TRACE_EVENT'
 TRACE_EVENT(cfg80211_send_rx_assoc,
 ^
net/wireless/./trace.h: In function 'perf_trace_netdev_mac_evt':
include/trace/ftrace.h:653:6: warning: unused variable '__addr' [-Wunused-variable]
  u64 __addr = 0, __count = 1;     \
      ^
net/wireless/./trace.h:1934:1: note: in expansion of macro 'DECLARE_EVENT_CLASS'
 DECLARE_EVENT_CLASS(netdev_mac_evt,
 ^
net/wireless/./trace.h: In function 'perf_trace_cfg80211_michael_mic_failure':
include/trace/ftrace.h:653:6: warning: unused variable '__addr' [-Wunused-variable]
  u64 __addr = 0, __count = 1;     \
      ^
include/trace/ftrace.h:32:2: note: in expansion of macro 'DECLARE_EVENT_CLASS'
  DECLARE_EVENT_CLASS(name,          \
  ^
net/wireless/./trace.h:1959:1: note: in expansion of macro 'TRACE_EVENT'
 TRACE_EVENT(cfg80211_michael_mic_failure,
 ^
net/wireless/./trace.h: In function 'perf_trace_cfg80211_ready_on_channel':
include/trace/ftrace.h:653:6: warning: unused variable '__addr' [-Wunused-variable]
  u64 __addr = 0, __count = 1;     \
      ^
include/trace/ftrace.h:32:2: note: in expansion of macro 'DECLARE_EVENT_CLASS'
  DECLARE_EVENT_CLASS(name,          \
  ^
net/wireless/./trace.h:1983:1: note: in expansion of macro 'TRACE_EVENT'
 TRACE_EVENT(cfg80211_ready_on_channel,
 ^
net/wireless/./trace.h: In function 'perf_trace_cfg80211_ready_on_channel_expired':
include/trace/ftrace.h:653:6: warning: unused variable '__addr' [-Wunused-variable]
  u64 __addr = 0, __count = 1;     \
      ^
include/trace/ftrace.h:32:2: note: in expansion of macro 'DECLARE_EVENT_CLASS'
  DECLARE_EVENT_CLASS(name,          \
  ^
net/wireless/./trace.h:2005:1: note: in expansion of macro 'TRACE_EVENT'
 TRACE_EVENT(cfg80211_ready_on_channel_expired,
 ^
net/wireless/./trace.h: In function 'perf_trace_cfg80211_new_sta':
include/trace/ftrace.h:653:6: warning: unused variable '__addr' [-Wunused-variable]
  u64 __addr = 0, __count = 1;     \
      ^
include/trace/ftrace.h:32:2: note: in expansion of macro 'DECLARE_EVENT_CLASS'
  DECLARE_EVENT_CLASS(name,          \
  ^
net/wireless/./trace.h:2023:1: note: in expansion of macro 'TRACE_EVENT'
 TRACE_EVENT(cfg80211_new_sta,
 ^
net/wireless/./trace.h: In function 'perf_trace_cfg80211_rx_mgmt':
include/trace/ftrace.h:653:6: warning: unused variable '__addr' [-Wunused-variable]
  u64 __addr = 0, __count = 1;     \
      ^
include/trace/ftrace.h:32:2: note: in expansion of macro 'DECLARE_EVENT_CLASS'
  DECLARE_EVENT_CLASS(name,          \
  ^
net/wireless/./trace.h:2046:1: note: in expansion of macro 'TRACE_EVENT'
 TRACE_EVENT(cfg80211_rx_mgmt,
 ^
net/wireless/./trace.h: In function 'perf_trace_cfg80211_mgmt_tx_status':
include/trace/ftrace.h:653:6: warning: unused variable '__addr' [-Wunused-variable]
  u64 __addr = 0, __count = 1;     \
      ^
include/trace/ftrace.h:32:2: note: in expansion of macro 'DECLARE_EVENT_CLASS'
  DECLARE_EVENT_CLASS(name,          \
  ^
net/wireless/./trace.h:2063:1: note: in expansion of macro 'TRACE_EVENT'
 TRACE_EVENT(cfg80211_mgmt_tx_status,
 ^
net/wireless/./trace.h: In function 'perf_trace_cfg80211_cqm_rssi_notify':
include/trace/ftrace.h:653:6: warning: unused variable '__addr' [-Wunused-variable]
  u64 __addr = 0, __count = 1;     \
      ^
include/trace/ftrace.h:32:2: note: in expansion of macro 'DECLARE_EVENT_CLASS'
  DECLARE_EVENT_CLASS(name,          \
  ^
net/wireless/./trace.h:2080:1: note: in expansion of macro 'TRACE_EVENT'
 TRACE_EVENT(cfg80211_cqm_rssi_notify,
 ^
net/wireless/./trace.h: In function 'perf_trace_cfg80211_reg_can_beacon':
include/trace/ftrace.h:653:6: warning: unused variable '__addr' [-Wunused-variable]
  u64 __addr = 0, __count = 1;     \
      ^
include/trace/ftrace.h:32:2: note: in expansion of macro 'DECLARE_EVENT_CLASS'
  DECLARE_EVENT_CLASS(name,          \
  ^
net/wireless/./trace.h:2096:1: note: in expansion of macro 'TRACE_EVENT'
 TRACE_EVENT(cfg80211_reg_can_beacon,
 ^
net/wireless/./trace.h: In function 'perf_trace_cfg80211_chandef_dfs_required':
include/trace/ftrace.h:653:6: warning: unused variable '__addr' [-Wunused-variable]
  u64 __addr = 0, __count = 1;     \
      ^
include/trace/ftrace.h:32:2: note: in expansion of macro 'DECLARE_EVENT_CLASS'
  DECLARE_EVENT_CLASS(name,          \
  ^
net/wireless/./trace.h:2111:1: note: in expansion of macro 'TRACE_EVENT'
 TRACE_EVENT(cfg80211_chandef_dfs_required,
 ^
net/wireless/./trace.h: In function 'perf_trace_cfg80211_ch_switch_notify':
include/trace/ftrace.h:653:6: warning: unused variable '__addr' [-Wunused-variable]
  u64 __addr = 0, __count = 1;     \
      ^
include/trace/ftrace.h:32:2: note: in expansion of macro 'DECLARE_EVENT_CLASS'
  DECLARE_EVENT_CLASS(name,          \
  ^
net/wireless/./trace.h:2126:1: note: in expansion of macro 'TRACE_EVENT'
 TRACE_EVENT(cfg80211_ch_switch_notify,
 ^
net/wireless/./trace.h: In function 'perf_trace_cfg80211_radar_event':
include/trace/ftrace.h:653:6: warning: unused variable '__addr' [-Wunused-variable]
  u64 __addr = 0, __count = 1;     \
      ^
include/trace/ftrace.h:32:2: note: in expansion of macro 'DECLARE_EVENT_CLASS'
  DECLARE_EVENT_CLASS(name,          \
  ^
net/wireless/./trace.h:2142:1: note: in expansion of macro 'TRACE_EVENT'
 TRACE_EVENT(cfg80211_radar_event,
 ^
net/wireless/./trace.h: In function 'perf_trace_cfg80211_cac_event':
include/trace/ftrace.h:653:6: warning: unused variable '__addr' [-Wunused-variable]
  u64 __addr = 0, __count = 1;     \
      ^
include/trace/ftrace.h:32:2: note: in expansion of macro 'DECLARE_EVENT_CLASS'
  DECLARE_EVENT_CLASS(name,          \
  ^
net/wireless/./trace.h:2157:1: note: in expansion of macro 'TRACE_EVENT'
 TRACE_EVENT(cfg80211_cac_event,
 ^
Android GCC has been deprecated in favor of Clang, and will be removed from
Android in 2020-01 as per the deprecation plan in:
https://android.googlesource.com/platform/prebuilts/clang/host/linux-x86/+/master/GCC_4_9_DEPRECATION.md


net/wireless/./trace.h: In function 'perf_trace_cfg80211_rx_evt':
include/trace/ftrace.h:653:6: warning: unused variable '__addr' [-Wunused-variable]
  u64 __addr = 0, __count = 1;     \
      ^
net/wireless/./trace.h:2172:1: note: in expansion of macro 'DECLARE_EVENT_CLASS'
 DECLARE_EVENT_CLASS(cfg80211_rx_evt,
 ^
Android GCC has been deprecated in favor of Clang, and will be removed from
Android in 2020-01 as per the deprecation plan in:
https://android.googlesource.com/platform/prebuilts/clang/host/linux-x86/+/master/GCC_4_9_DEPRECATION.md


net/wireless/./trace.h: In function 'perf_trace_cfg80211_probe_status':
include/trace/ftrace.h:653:6: warning: unused variable '__addr' [-Wunused-variable]
  u64 __addr = 0, __count = 1;     \
      ^
include/trace/ftrace.h:32:2: note: in expansion of macro 'DECLARE_EVENT_CLASS'
  DECLARE_EVENT_CLASS(name,          \
  ^
net/wireless/./trace.h:2201:1: note: in expansion of macro 'TRACE_EVENT'
 TRACE_EVENT(cfg80211_probe_status,
 ^
Android GCC has been deprecated in favor of Clang, and will be removed from
Android in 2020-01 as per the deprecation plan in:
https://android.googlesource.com/platform/prebuilts/clang/host/linux-x86/+/master/GCC_4_9_DEPRECATION.md


Android GCC has been deprecated in favor of Clang, and will be removed from
Android in 2020-01 as per the deprecation plan in:
https://android.googlesource.com/platform/prebuilts/clang/host/linux-x86/+/master/GCC_4_9_DEPRECATION.md


Android GCC has been deprecated in favor of Clang, and will be removed from
Android in 2020-01 as per the deprecation plan in:
https://android.googlesource.com/platform/prebuilts/clang/host/linux-x86/+/master/GCC_4_9_DEPRECATION.md


net/wireless/./trace.h: In function 'perf_trace_cfg80211_cqm_pktloss_notify':
include/trace/ftrace.h:653:6: warning: unused variable '__addr' [-Wunused-variable]
  u64 __addr = 0, __count = 1;     \
      ^
include/trace/ftrace.h:32:2: note: in expansion of macro 'DECLARE_EVENT_CLASS'
  DECLARE_EVENT_CLASS(name,          \
  ^
net/wireless/./trace.h:2222:1: note: in expansion of macro 'TRACE_EVENT'
 TRACE_EVENT(cfg80211_cqm_pktloss_notify,
 ^
net/wireless/./trace.h: In function 'perf_trace_cfg80211_pmksa_candidate_notify':
include/trace/ftrace.h:653:6: warning: unused variable '__addr' [-Wunused-variable]
  u64 __addr = 0, __count = 1;     \
      ^
include/trace/ftrace.h:32:2: note: in expansion of macro 'DECLARE_EVENT_CLASS'
  DECLARE_EVENT_CLASS(name,          \
  ^
net/wireless/./trace.h:2244:1: note: in expansion of macro 'TRACE_EVENT'
 TRACE_EVENT(cfg80211_pmksa_candidate_notify,
 ^
net/wireless/./trace.h: In function 'perf_trace_cfg80211_report_obss_beacon':
include/trace/ftrace.h:653:6: warning: unused variable '__addr' [-Wunused-variable]
  u64 __addr = 0, __count = 1;     \
      ^
include/trace/ftrace.h:32:2: note: in expansion of macro 'DECLARE_EVENT_CLASS'
  DECLARE_EVENT_CLASS(name,          \
  ^
net/wireless/./trace.h:2265:1: note: in expansion of macro 'TRACE_EVENT'
 TRACE_EVENT(cfg80211_report_obss_beacon,
 ^
Android GCC has been deprecated in favor of Clang, and will be removed from
Android in 2020-01 as per the deprecation plan in:
https://android.googlesource.com/platform/prebuilts/clang/host/linux-x86/+/master/GCC_4_9_DEPRECATION.md


net/wireless/./trace.h: In function 'perf_trace_cfg80211_tdls_oper_request':
include/trace/ftrace.h:653:6: warning: unused variable '__addr' [-Wunused-variable]
  u64 __addr = 0, __count = 1;     \
      ^
include/trace/ftrace.h:32:2: note: in expansion of macro 'DECLARE_EVENT_CLASS'
  DECLARE_EVENT_CLASS(name,          \
  ^
net/wireless/./trace.h:2283:1: note: in expansion of macro 'TRACE_EVENT'
 TRACE_EVENT(cfg80211_tdls_oper_request,
 ^
net/wireless/./trace.h: In function 'perf_trace_cfg80211_scan_done':
Android GCC has been deprecated in favor of Clang, and will be removed from
Android in 2020-01 as per the deprecation plan in:
https://android.googlesource.com/platform/prebuilts/clang/host/linux-x86/+/master/GCC_4_9_DEPRECATION.md


Android GCC has been deprecated in favor of Clang, and will be removed from
Android in 2020-01 as per the deprecation plan in:
https://android.googlesource.com/platform/prebuilts/clang/host/linux-x86/+/master/GCC_4_9_DEPRECATION.md


include/trace/ftrace.h:653:6: warning: unused variable '__addr' [-Wunused-variable]
  u64 __addr = 0, __count = 1;     \
      ^
include/trace/ftrace.h:32:2: note: in expansion of macro 'DECLARE_EVENT_CLASS'
  DECLARE_EVENT_CLASS(name,          \
  ^
net/wireless/./trace.h:2306:1: note: in expansion of macro 'TRACE_EVENT'
 TRACE_EVENT(cfg80211_scan_done,
 ^
net/wireless/./trace.h: In function 'perf_trace_cfg80211_get_bss':
include/trace/ftrace.h:653:6: warning: unused variable '__addr' [-Wunused-variable]
  u64 __addr = 0, __count = 1;     \
      ^
include/trace/ftrace.h:32:2: note: in expansion of macro 'DECLARE_EVENT_CLASS'
  DECLARE_EVENT_CLASS(name,          \
  ^
net/wireless/./trace.h:2346:1: note: in expansion of macro 'TRACE_EVENT'
 TRACE_EVENT(cfg80211_get_bss,
 ^
net/wireless/./trace.h: In function 'perf_trace_cfg80211_inform_bss_frame':
include/trace/ftrace.h:653:6: warning: unused variable '__addr' [-Wunused-variable]
  u64 __addr = 0, __count = 1;     \
      ^
include/trace/ftrace.h:32:2: note: in expansion of macro 'DECLARE_EVENT_CLASS'
  DECLARE_EVENT_CLASS(name,          \
  ^
net/wireless/./trace.h:2373:1: note: in expansion of macro 'TRACE_EVENT'
 TRACE_EVENT(cfg80211_inform_bss_frame,
 ^
net/wireless/./trace.h: In function 'perf_trace_cfg80211_bss_evt':
include/trace/ftrace.h:653:6: warning: unused variable '__addr' [-Wunused-variable]
  u64 __addr = 0, __count = 1;     \
      ^
net/wireless/./trace.h:2395:1: note: in expansion of macro 'DECLARE_EVENT_CLASS'
 DECLARE_EVENT_CLASS(cfg80211_bss_evt,
 ^
net/wireless/./trace.h: In function 'perf_trace_cfg80211_return_uint':
include/trace/ftrace.h:653:6: warning: unused variable '__addr' [-Wunused-variable]
  u64 __addr = 0, __count = 1;     \
      ^
include/trace/ftrace.h:32:2: note: in expansion of macro 'DECLARE_EVENT_CLASS'
  DECLARE_EVENT_CLASS(name,          \
  ^
net/wireless/./trace.h:2414:1: note: in expansion of macro 'TRACE_EVENT'
 TRACE_EVENT(cfg80211_return_uint,
 ^
net/wireless/./trace.h: In function 'perf_trace_cfg80211_return_u32':
include/trace/ftrace.h:653:6: warning: unused variable '__addr' [-Wunused-variable]
  u64 __addr = 0, __count = 1;     \
      ^
include/trace/ftrace.h:32:2: note: in expansion of macro 'DECLARE_EVENT_CLASS'
  DECLARE_EVENT_CLASS(name,          \
  ^
net/wireless/./trace.h:2426:1: note: in expansion of macro 'TRACE_EVENT'
 TRACE_EVENT(cfg80211_return_u32,
 ^
net/wireless/./trace.h: In function 'perf_trace_cfg80211_report_wowlan_wakeup':
include/trace/ftrace.h:653:6: warning: unused variable '__addr' [-Wunused-variable]
  u64 __addr = 0, __count = 1;     \
      ^
include/trace/ftrace.h:32:2: note: in expansion of macro 'DECLARE_EVENT_CLASS'
  DECLARE_EVENT_CLASS(name,          \
  ^
net/wireless/./trace.h:2438:1: note: in expansion of macro 'TRACE_EVENT'
 TRACE_EVENT(cfg80211_report_wowlan_wakeup,
 ^
net/wireless/./trace.h: In function 'perf_trace_cfg80211_ft_event':
include/trace/ftrace.h:653:6: warning: unused variable '__addr' [-Wunused-variable]
  u64 __addr = 0, __count = 1;     \
      ^
include/trace/ftrace.h:32:2: note: in expansion of macro 'DECLARE_EVENT_CLASS'
  DECLARE_EVENT_CLASS(name,          \
  ^
net/wireless/./trace.h:2476:1: note: in expansion of macro 'TRACE_EVENT'
 TRACE_EVENT(cfg80211_ft_event,
 ^
  CC      kernel/range.o
Android GCC has been deprecated in favor of Clang, and will be removed from
Android in 2020-01 as per the deprecation plan in:
https://android.googlesource.com/platform/prebuilts/clang/host/linux-x86/+/master/GCC_4_9_DEPRECATION.md


Android GCC has been deprecated in favor of Clang, and will be removed from
Android in 2020-01 as per the deprecation plan in:
https://android.googlesource.com/platform/prebuilts/clang/host/linux-x86/+/master/GCC_4_9_DEPRECATION.md


  CC      drivers/gpu/arm/t7xx/r22p0/mali_kbase_device.o
  CC      crypto/lzo.o
  CC      kernel/groups.o
Android GCC has been deprecated in favor of Clang, and will be removed from
Android in 2020-01 as per the deprecation plan in:
https://android.googlesource.com/platform/prebuilts/clang/host/linux-x86/+/master/GCC_4_9_DEPRECATION.md


  CC      drivers/gpio/gpio-arizona.o
  CC      fs/direct-io.o
Android GCC has been deprecated in favor of Clang, and will be removed from
Android in 2020-01 as per the deprecation plan in:
https://android.googlesource.com/platform/prebuilts/clang/host/linux-x86/+/master/GCC_4_9_DEPRECATION.md


  CC      net/sched/em_u32.o
Android GCC has been deprecated in favor of Clang, and will be removed from
Android in 2020-01 as per the deprecation plan in:
https://android.googlesource.com/platform/prebuilts/clang/host/linux-x86/+/master/GCC_4_9_DEPRECATION.md


  CC      net/ipv4/tcp_ipv4.o
  CC      lib/cpu_rmap.o
Android GCC has been deprecated in favor of Clang, and will be removed from
Android in 2020-01 as per the deprecation plan in:
https://android.googlesource.com/platform/prebuilts/clang/host/linux-x86/+/master/GCC_4_9_DEPRECATION.md


Android GCC has been deprecated in favor of Clang, and will be removed from
Android in 2020-01 as per the deprecation plan in:
https://android.googlesource.com/platform/prebuilts/clang/host/linux-x86/+/master/GCC_4_9_DEPRECATION.md


Android GCC has been deprecated in favor of Clang, and will be removed from
Android in 2020-01 as per the deprecation plan in:
https://android.googlesource.com/platform/prebuilts/clang/host/linux-x86/+/master/GCC_4_9_DEPRECATION.md


  CC      drivers/gpio/gpio-samsung.o
Android GCC has been deprecated in favor of Clang, and will be removed from
Android in 2020-01 as per the deprecation plan in:
https://android.googlesource.com/platform/prebuilts/clang/host/linux-x86/+/master/GCC_4_9_DEPRECATION.md


Android GCC has been deprecated in favor of Clang, and will be removed from
Android in 2020-01 as per the deprecation plan in:
https://android.googlesource.com/platform/prebuilts/clang/host/linux-x86/+/master/GCC_4_9_DEPRECATION.md


Android GCC has been deprecated in favor of Clang, and will be removed from
Android in 2020-01 as per the deprecation plan in:
https://android.googlesource.com/platform/prebuilts/clang/host/linux-x86/+/master/GCC_4_9_DEPRECATION.md


  CC      net/wireless/wext-compat.o
  CC      net/netfilter/nf_nat_proto_unknown.o
  LD      net/xfrm/built-in.o
  CC      sound/soc/codecs/florida.o
Android GCC has been deprecated in favor of Clang, and will be removed from
Android in 2020-01 as per the deprecation plan in:
https://android.googlesource.com/platform/prebuilts/clang/host/linux-x86/+/master/GCC_4_9_DEPRECATION.md


  CC      sound/soc/codecs/max98504a.o
Android GCC has been deprecated in favor of Clang, and will be removed from
Android in 2020-01 as per the deprecation plan in:
https://android.googlesource.com/platform/prebuilts/clang/host/linux-x86/+/master/GCC_4_9_DEPRECATION.md


  CC      drivers/devfreq/FW_exynos_ppmu.o
  CC      net/netfilter/nf_nat_proto_common.o
Android GCC has been deprecated in favor of Clang, and will be removed from
Android in 2020-01 as per the deprecation plan in:
https://android.googlesource.com/platform/prebuilts/clang/host/linux-x86/+/master/GCC_4_9_DEPRECATION.md


Android GCC has been deprecated in favor of Clang, and will be removed from
Android in 2020-01 as per the deprecation plan in:
https://android.googlesource.com/platform/prebuilts/clang/host/linux-x86/+/master/GCC_4_9_DEPRECATION.md


  CC      sound/usb/card.o
Android GCC has been deprecated in favor of Clang, and will be removed from
Android in 2020-01 as per the deprecation plan in:
https://android.googlesource.com/platform/prebuilts/clang/host/linux-x86/+/master/GCC_4_9_DEPRECATION.md


Android GCC has been deprecated in favor of Clang, and will be removed from
Android in 2020-01 as per the deprecation plan in:
https://android.googlesource.com/platform/prebuilts/clang/host/linux-x86/+/master/GCC_4_9_DEPRECATION.md


Android GCC has been deprecated in favor of Clang, and will be removed from
Android in 2020-01 as per the deprecation plan in:
https://android.googlesource.com/platform/prebuilts/clang/host/linux-x86/+/master/GCC_4_9_DEPRECATION.md


  CC      lib/dynamic_queue_limits.o
  CC      drivers/gud/TlcTui/main.o
Android GCC has been deprecated in favor of Clang, and will be removed from
Android in 2020-01 as per the deprecation plan in:
https://android.googlesource.com/platform/prebuilts/clang/host/linux-x86/+/master/GCC_4_9_DEPRECATION.md


Android GCC has been deprecated in favor of Clang, and will be removed from
Android in 2020-01 as per the deprecation plan in:
https://android.googlesource.com/platform/prebuilts/clang/host/linux-x86/+/master/GCC_4_9_DEPRECATION.md


Android GCC has been deprecated in favor of Clang, and will be removed from
Android in 2020-01 as per the deprecation plan in:
https://android.googlesource.com/platform/prebuilts/clang/host/linux-x86/+/master/GCC_4_9_DEPRECATION.md


  CC      drivers/hid/hid-lg.o
  CC      lib/strncpy_from_user.o
Android GCC has been deprecated in favor of Clang, and will be removed from
Android in 2020-01 as per the deprecation plan in:
https://android.googlesource.com/platform/prebuilts/clang/host/linux-x86/+/master/GCC_4_9_DEPRECATION.md


Android GCC has been deprecated in favor of Clang, and will be removed from
Android in 2020-01 as per the deprecation plan in:
https://android.googlesource.com/platform/prebuilts/clang/host/linux-x86/+/master/GCC_4_9_DEPRECATION.md


Android GCC has been deprecated in favor of Clang, and will be removed from
Android in 2020-01 as per the deprecation plan in:
https://android.googlesource.com/platform/prebuilts/clang/host/linux-x86/+/master/GCC_4_9_DEPRECATION.md


  CC      drivers/gpu/arm/t7xx/r22p0/mali_kbase_cache_policy.o
Android GCC has been deprecated in favor of Clang, and will be removed from
Android in 2020-01 as per the deprecation plan in:
https://android.googlesource.com/platform/prebuilts/clang/host/linux-x86/+/master/GCC_4_9_DEPRECATION.md


Android GCC has been deprecated in favor of Clang, and will be removed from
Android in 2020-01 as per the deprecation plan in:
https://android.googlesource.com/platform/prebuilts/clang/host/linux-x86/+/master/GCC_4_9_DEPRECATION.md


  LD      drivers/devfreq/built-in.o
  LD      net/sched/built-in.o
  CC      mm/memblock.o
Android GCC has been deprecated in favor of Clang, and will be removed from
Android in 2020-01 as per the deprecation plan in:
https://android.googlesource.com/platform/prebuilts/clang/host/linux-x86/+/master/GCC_4_9_DEPRECATION.md


  CC      drivers/gud/gud-exynos5433/MobiCoreDriver/logging.o
Android GCC has been deprecated in favor of Clang, and will be removed from
Android in 2020-01 as per the deprecation plan in:
https://android.googlesource.com/platform/prebuilts/clang/host/linux-x86/+/master/GCC_4_9_DEPRECATION.md


Android GCC has been deprecated in favor of Clang, and will be removed from
Android in 2020-01 as per the deprecation plan in:
https://android.googlesource.com/platform/prebuilts/clang/host/linux-x86/+/master/GCC_4_9_DEPRECATION.md


  CC      drivers/gpu/arm/t7xx/r22p0/mali_kbase_mem.o
  CC      crypto/lz4.o
  CC      kernel/lglock.o
Android GCC has been deprecated in favor of Clang, and will be removed from
Android in 2020-01 as per the deprecation plan in:
https://android.googlesource.com/platform/prebuilts/clang/host/linux-x86/+/master/GCC_4_9_DEPRECATION.md


Android GCC has been deprecated in favor of Clang, and will be removed from
Android in 2020-01 as per the deprecation plan in:
https://android.googlesource.com/platform/prebuilts/clang/host/linux-x86/+/master/GCC_4_9_DEPRECATION.md


  CC      kernel/smpboot.o
  CC      drivers/gud/TlcTui/tlcTui.o
Android GCC has been deprecated in favor of Clang, and will be removed from
Android in 2020-01 as per the deprecation plan in:
https://android.googlesource.com/platform/prebuilts/clang/host/linux-x86/+/master/GCC_4_9_DEPRECATION.md


Android GCC has been deprecated in favor of Clang, and will be removed from
Android in 2020-01 as per the deprecation plan in:
https://android.googlesource.com/platform/prebuilts/clang/host/linux-x86/+/master/GCC_4_9_DEPRECATION.md


Android GCC has been deprecated in favor of Clang, and will be removed from
Android in 2020-01 as per the deprecation plan in:
https://android.googlesource.com/platform/prebuilts/clang/host/linux-x86/+/master/GCC_4_9_DEPRECATION.md


Android GCC has been deprecated in favor of Clang, and will be removed from
Android in 2020-01 as per the deprecation plan in:
https://android.googlesource.com/platform/prebuilts/clang/host/linux-x86/+/master/GCC_4_9_DEPRECATION.md


Android GCC has been deprecated in favor of Clang, and will be removed from
Android in 2020-01 as per the deprecation plan in:
https://android.googlesource.com/platform/prebuilts/clang/host/linux-x86/+/master/GCC_4_9_DEPRECATION.md


Android GCC has been deprecated in favor of Clang, and will be removed from
Android in 2020-01 as per the deprecation plan in:
https://android.googlesource.com/platform/prebuilts/clang/host/linux-x86/+/master/GCC_4_9_DEPRECATION.md


Android GCC has been deprecated in favor of Clang, and will be removed from
Android in 2020-01 as per the deprecation plan in:
https://android.googlesource.com/platform/prebuilts/clang/host/linux-x86/+/master/GCC_4_9_DEPRECATION.md


Android GCC has been deprecated in favor of Clang, and will be removed from
Android in 2020-01 as per the deprecation plan in:
https://android.googlesource.com/platform/prebuilts/clang/host/linux-x86/+/master/GCC_4_9_DEPRECATION.md


Android GCC has been deprecated in favor of Clang, and will be removed from
Android in 2020-01 as per the deprecation plan in:
https://android.googlesource.com/platform/prebuilts/clang/host/linux-x86/+/master/GCC_4_9_DEPRECATION.md


  LD      drivers/gpio/built-in.o
  CC      sound/last.o
  CC      lib/strnlen_user.o
  CC      net/wireless/wext-sme.o
Android GCC has been deprecated in favor of Clang, and will be removed from
Android in 2020-01 as per the deprecation plan in:
https://android.googlesource.com/platform/prebuilts/clang/host/linux-x86/+/master/GCC_4_9_DEPRECATION.md


Android GCC has been deprecated in favor of Clang, and will be removed from
Android in 2020-01 as per the deprecation plan in:
https://android.googlesource.com/platform/prebuilts/clang/host/linux-x86/+/master/GCC_4_9_DEPRECATION.md


  CC      crypto/lz4hc.o
Android GCC has been deprecated in favor of Clang, and will be removed from
Android in 2020-01 as per the deprecation plan in:
https://android.googlesource.com/platform/prebuilts/clang/host/linux-x86/+/master/GCC_4_9_DEPRECATION.md


  CC      net/wireless/wext-core.o
Android GCC has been deprecated in favor of Clang, and will be removed from
Android in 2020-01 as per the deprecation plan in:
https://android.googlesource.com/platform/prebuilts/clang/host/linux-x86/+/master/GCC_4_9_DEPRECATION.md


Android GCC has been deprecated in favor of Clang, and will be removed from
Android in 2020-01 as per the deprecation plan in:
https://android.googlesource.com/platform/prebuilts/clang/host/linux-x86/+/master/GCC_4_9_DEPRECATION.md


  CC      drivers/hid/hid-picolcd_core.o
  CC      drivers/gpu/arm/t7xx/r22p0/mali_kbase_mmu.o
  CC      sound/usb/clock.o
Android GCC has been deprecated in favor of Clang, and will be removed from
Android in 2020-01 as per the deprecation plan in:
https://android.googlesource.com/platform/prebuilts/clang/host/linux-x86/+/master/GCC_4_9_DEPRECATION.md


Android GCC has been deprecated in favor of Clang, and will be removed from
Android in 2020-01 as per the deprecation plan in:
https://android.googlesource.com/platform/prebuilts/clang/host/linux-x86/+/master/GCC_4_9_DEPRECATION.md


Android GCC has been deprecated in favor of Clang, and will be removed from
Android in 2020-01 as per the deprecation plan in:
https://android.googlesource.com/platform/prebuilts/clang/host/linux-x86/+/master/GCC_4_9_DEPRECATION.md


  CC      net/netfilter/nf_nat_proto_udp.o
Android GCC has been deprecated in favor of Clang, and will be removed from
Android in 2020-01 as per the deprecation plan in:
https://android.googlesource.com/platform/prebuilts/clang/host/linux-x86/+/master/GCC_4_9_DEPRECATION.md


Android GCC has been deprecated in favor of Clang, and will be removed from
Android in 2020-01 as per the deprecation plan in:
https://android.googlesource.com/platform/prebuilts/clang/host/linux-x86/+/master/GCC_4_9_DEPRECATION.md


Android GCC has been deprecated in favor of Clang, and will be removed from
Android in 2020-01 as per the deprecation plan in:
https://android.googlesource.com/platform/prebuilts/clang/host/linux-x86/+/master/GCC_4_9_DEPRECATION.md


  CC      drivers/gud/gud-exynos5433/MobiCoreDriver/ops.o
  CC      net/ipv6/tcp_ipv6.o
  CC      net/core/sock_diag.o
  CC      drivers/gud/TlcTui/trustedui.o
Android GCC has been deprecated in favor of Clang, and will be removed from
Android in 2020-01 as per the deprecation plan in:
https://android.googlesource.com/platform/prebuilts/clang/host/linux-x86/+/master/GCC_4_9_DEPRECATION.md


Android GCC has been deprecated in favor of Clang, and will be removed from
Android in 2020-01 as per the deprecation plan in:
https://android.googlesource.com/platform/prebuilts/clang/host/linux-x86/+/master/GCC_4_9_DEPRECATION.md


Android GCC has been deprecated in favor of Clang, and will be removed from
Android in 2020-01 as per the deprecation plan in:
https://android.googlesource.com/platform/prebuilts/clang/host/linux-x86/+/master/GCC_4_9_DEPRECATION.md


  CC      lib/argv_split.o
  CC      drivers/gud/gud-exynos5433/MobiCoreDriver/mem.o
Android GCC has been deprecated in favor of Clang, and will be removed from
Android in 2020-01 as per the deprecation plan in:
https://android.googlesource.com/platform/prebuilts/clang/host/linux-x86/+/master/GCC_4_9_DEPRECATION.md


  CC      crypto/rng.o
Android GCC has been deprecated in favor of Clang, and will be removed from
Android in 2020-01 as per the deprecation plan in:
https://android.googlesource.com/platform/prebuilts/clang/host/linux-x86/+/master/GCC_4_9_DEPRECATION.md


Android GCC has been deprecated in favor of Clang, and will be removed from
Android in 2020-01 as per the deprecation plan in:
https://android.googlesource.com/platform/prebuilts/clang/host/linux-x86/+/master/GCC_4_9_DEPRECATION.md


  CC      crypto/krng.o
Android GCC has been deprecated in favor of Clang, and will be removed from
Android in 2020-01 as per the deprecation plan in:
https://android.googlesource.com/platform/prebuilts/clang/host/linux-x86/+/master/GCC_4_9_DEPRECATION.md


Android GCC has been deprecated in favor of Clang, and will be removed from
Android in 2020-01 as per the deprecation plan in:
https://android.googlesource.com/platform/prebuilts/clang/host/linux-x86/+/master/GCC_4_9_DEPRECATION.md


Android GCC has been deprecated in favor of Clang, and will be removed from
Android in 2020-01 as per the deprecation plan in:
https://android.googlesource.com/platform/prebuilts/clang/host/linux-x86/+/master/GCC_4_9_DEPRECATION.md


  CC      kernel/bpf/core.o
Android GCC has been deprecated in favor of Clang, and will be removed from
Android in 2020-01 as per the deprecation plan in:
https://android.googlesource.com/platform/prebuilts/clang/host/linux-x86/+/master/GCC_4_9_DEPRECATION.md


  CC      fs/mpage.o
  CC      mm/bounce.o
Android GCC has been deprecated in favor of Clang, and will be removed from
Android in 2020-01 as per the deprecation plan in:
https://android.googlesource.com/platform/prebuilts/clang/host/linux-x86/+/master/GCC_4_9_DEPRECATION.md


Android GCC has been deprecated in favor of Clang, and will be removed from
Android in 2020-01 as per the deprecation plan in:
https://android.googlesource.com/platform/prebuilts/clang/host/linux-x86/+/master/GCC_4_9_DEPRECATION.md


Android GCC has been deprecated in favor of Clang, and will be removed from
Android in 2020-01 as per the deprecation plan in:
https://android.googlesource.com/platform/prebuilts/clang/host/linux-x86/+/master/GCC_4_9_DEPRECATION.md


Android GCC has been deprecated in favor of Clang, and will be removed from
Android in 2020-01 as per the deprecation plan in:
https://android.googlesource.com/platform/prebuilts/clang/host/linux-x86/+/master/GCC_4_9_DEPRECATION.md


Android GCC has been deprecated in favor of Clang, and will be removed from
Android in 2020-01 as per the deprecation plan in:
https://android.googlesource.com/platform/prebuilts/clang/host/linux-x86/+/master/GCC_4_9_DEPRECATION.md


  CC      drivers/gud/TlcTui/platforms/exynos5433/tui-hal.o
Android GCC has been deprecated in favor of Clang, and will be removed from
Android in 2020-01 as per the deprecation plan in:
https://android.googlesource.com/platform/prebuilts/clang/host/linux-x86/+/master/GCC_4_9_DEPRECATION.md


  CC      lib/bug.o
net/core/sock_diag.c: In function 'sock_diag_put_filterinfo':
net/core/sock_diag.c:98:4: error: implicit declaration of function 'sk_decode_filter' [-Werror=implicit-function-declaration]
    sk_decode_filter(&filter->prog->insnsi[i], fb);
    ^
Android GCC has been deprecated in favor of Clang, and will be removed from
Android in 2020-01 as per the deprecation plan in:
https://android.googlesource.com/platform/prebuilts/clang/host/linux-x86/+/master/GCC_4_9_DEPRECATION.md


  CC      sound/usb/endpoint.o
  CC      kernel/bpf/syscall.o
Android GCC has been deprecated in favor of Clang, and will be removed from
Android in 2020-01 as per the deprecation plan in:
https://android.googlesource.com/platform/prebuilts/clang/host/linux-x86/+/master/GCC_4_9_DEPRECATION.md


Android GCC has been deprecated in favor of Clang, and will be removed from
Android in 2020-01 as per the deprecation plan in:
https://android.googlesource.com/platform/prebuilts/clang/host/linux-x86/+/master/GCC_4_9_DEPRECATION.md


Android GCC has been deprecated in favor of Clang, and will be removed from
Android in 2020-01 as per the deprecation plan in:
https://android.googlesource.com/platform/prebuilts/clang/host/linux-x86/+/master/GCC_4_9_DEPRECATION.md


  CC      net/wireless/wext-proc.o
  CC      fs/ioprio.o
kernel/bpf/core.c: In function 'bpf_prog_array_is_empty':
kernel/bpf/core.c:1337:12: warning: comparison of distinct pointer types lacks a cast
   if (prog != &dummy_bpf_prog.prog)
            ^
Android GCC has been deprecated in favor of Clang, and will be removed from
Android in 2020-01 as per the deprecation plan in:
https://android.googlesource.com/platform/prebuilts/clang/host/linux-x86/+/master/GCC_4_9_DEPRECATION.md


cc1: some warnings being treated as errors
  CC      net/netfilter/nf_nat_proto_tcp.o
make[2]: *** [scripts/Makefile.build:308: net/core/sock_diag.o] Error 1
Android GCC has been deprecated in favor of Clang, and will be removed from
Android in 2020-01 as per the deprecation plan in:
https://android.googlesource.com/platform/prebuilts/clang/host/linux-x86/+/master/GCC_4_9_DEPRECATION.md


make[2]: *** Waiting for unfinished jobs....
  CC      net/netfilter/nf_nat_helper.o
Android GCC has been deprecated in favor of Clang, and will be removed from
Android in 2020-01 as per the deprecation plan in:
https://android.googlesource.com/platform/prebuilts/clang/host/linux-x86/+/master/GCC_4_9_DEPRECATION.md


Android GCC has been deprecated in favor of Clang, and will be removed from
Android in 2020-01 as per the deprecation plan in:
https://android.googlesource.com/platform/prebuilts/clang/host/linux-x86/+/master/GCC_4_9_DEPRECATION.md


Android GCC has been deprecated in favor of Clang, and will be removed from
Android in 2020-01 as per the deprecation plan in:
https://android.googlesource.com/platform/prebuilts/clang/host/linux-x86/+/master/GCC_4_9_DEPRECATION.md


  CC      drivers/hid/hid-picolcd_debugfs.o
Android GCC has been deprecated in favor of Clang, and will be removed from
Android in 2020-01 as per the deprecation plan in:
https://android.googlesource.com/platform/prebuilts/clang/host/linux-x86/+/master/GCC_4_9_DEPRECATION.md


make[1]: *** [scripts/Makefile.build:455: net/core] Error 2
make[1]: *** Waiting for unfinished jobs....
  CC      drivers/gud/gud-exynos5433/MobiCoreDriver/api.o
  CC      lib/cmdline.o
Android GCC has been deprecated in favor of Clang, and will be removed from
Android in 2020-01 as per the deprecation plan in:
https://android.googlesource.com/platform/prebuilts/clang/host/linux-x86/+/master/GCC_4_9_DEPRECATION.md


  CC      crypto/drbg.o
  CC      drivers/gpu/ion/ion.o
Android GCC has been deprecated in favor of Clang, and will be removed from
Android in 2020-01 as per the deprecation plan in:
https://android.googlesource.com/platform/prebuilts/clang/host/linux-x86/+/master/GCC_4_9_DEPRECATION.md


Android GCC has been deprecated in favor of Clang, and will be removed from
Android in 2020-01 as per the deprecation plan in:
https://android.googlesource.com/platform/prebuilts/clang/host/linux-x86/+/master/GCC_4_9_DEPRECATION.md


Android GCC has been deprecated in favor of Clang, and will be removed from
Android in 2020-01 as per the deprecation plan in:
https://android.googlesource.com/platform/prebuilts/clang/host/linux-x86/+/master/GCC_4_9_DEPRECATION.md


Android GCC has been deprecated in favor of Clang, and will be removed from
Android in 2020-01 as per the deprecation plan in:
https://android.googlesource.com/platform/prebuilts/clang/host/linux-x86/+/master/GCC_4_9_DEPRECATION.md


Android GCC has been deprecated in favor of Clang, and will be removed from
Android in 2020-01 as per the deprecation plan in:
https://android.googlesource.com/platform/prebuilts/clang/host/linux-x86/+/master/GCC_4_9_DEPRECATION.md


  CC      net/ipv6/ping.o
Android GCC has been deprecated in favor of Clang, and will be removed from
Android in 2020-01 as per the deprecation plan in:
https://android.googlesource.com/platform/prebuilts/clang/host/linux-x86/+/master/GCC_4_9_DEPRECATION.md


kernel/bpf/syscall.c: In function 'find_and_alloc_map':
kernel/bpf/syscall.c:52:28: warning: unused variable 'ops' [-Wunused-variable]
  const struct bpf_map_ops *ops;
                            ^
kernel/bpf/syscall.c: In function 'bpf_map_alloc_id':
kernel/bpf/syscall.c:193:2: warning: 'idr_pre_get' is deprecated (declared at include/linux/idr.h:151) [-Wdeprecated-declarations]
  idr_pre_get(&map_idr, GFP_KERNEL);
  ^
kernel/bpf/syscall.c:196:2: warning: 'idr_get_new_above' is deprecated (declared at include/linux/idr.h:166) [-Wdeprecated-declarations]
  idr_get_new_above(&map_idr, map, 1, &id);
  ^
kernel/bpf/syscall.c: In function 'bpf_prog_alloc_id':
kernel/bpf/syscall.c:963:2: warning: 'idr_pre_get' is deprecated (declared at include/linux/idr.h:151) [-Wdeprecated-declarations]
  idr_pre_get(&prog_idr, GFP_KERNEL);
  ^
kernel/bpf/syscall.c:966:2: warning: 'idr_get_new_above' is deprecated (declared at include/linux/idr.h:166) [-Wdeprecated-declarations]
  idr_get_new_above(&prog_idr, prog, 1, &id);
  ^
Android GCC has been deprecated in favor of Clang, and will be removed from
Android in 2020-01 as per the deprecation plan in:
https://android.googlesource.com/platform/prebuilts/clang/host/linux-x86/+/master/GCC_4_9_DEPRECATION.md


Android GCC has been deprecated in favor of Clang, and will be removed from
Android in 2020-01 as per the deprecation plan in:
https://android.googlesource.com/platform/prebuilts/clang/host/linux-x86/+/master/GCC_4_9_DEPRECATION.md


  CC      lib/cpumask.o
  LD      drivers/gud/TlcTui/TlcTui.o
Android GCC has been deprecated in favor of Clang, and will be removed from
Android in 2020-01 as per the deprecation plan in:
https://android.googlesource.com/platform/prebuilts/clang/host/linux-x86/+/master/GCC_4_9_DEPRECATION.md


  LD      drivers/gud/TlcTui/built-in.o
Android GCC has been deprecated in favor of Clang, and will be removed from
Android in 2020-01 as per the deprecation plan in:
https://android.googlesource.com/platform/prebuilts/clang/host/linux-x86/+/master/GCC_4_9_DEPRECATION.md


Android GCC has been deprecated in favor of Clang, and will be removed from
Android in 2020-01 as per the deprecation plan in:
https://android.googlesource.com/platform/prebuilts/clang/host/linux-x86/+/master/GCC_4_9_DEPRECATION.md


  CC      sound/soc/codecs/maxim_dsm_a.o
Android GCC has been deprecated in favor of Clang, and will be removed from
Android in 2020-01 as per the deprecation plan in:
https://android.googlesource.com/platform/prebuilts/clang/host/linux-x86/+/master/GCC_4_9_DEPRECATION.md


  CC      mm/page_io.o
  CC      lib/ctype.o
  CC      sound/soc/codecs/wm_adsp.o
  CC      lib/dec_and_lock.o
Android GCC has been deprecated in favor of Clang, and will be removed from
Android in 2020-01 as per the deprecation plan in:
https://android.googlesource.com/platform/prebuilts/clang/host/linux-x86/+/master/GCC_4_9_DEPRECATION.md


Android GCC has been deprecated in favor of Clang, and will be removed from
Android in 2020-01 as per the deprecation plan in:
https://android.googlesource.com/platform/prebuilts/clang/host/linux-x86/+/master/GCC_4_9_DEPRECATION.md


Android GCC has been deprecated in favor of Clang, and will be removed from
Android in 2020-01 as per the deprecation plan in:
https://android.googlesource.com/platform/prebuilts/clang/host/linux-x86/+/master/GCC_4_9_DEPRECATION.md


Android GCC has been deprecated in favor of Clang, and will be removed from
Android in 2020-01 as per the deprecation plan in:
https://android.googlesource.com/platform/prebuilts/clang/host/linux-x86/+/master/GCC_4_9_DEPRECATION.md


Android GCC has been deprecated in favor of Clang, and will be removed from
Android in 2020-01 as per the deprecation plan in:
https://android.googlesource.com/platform/prebuilts/clang/host/linux-x86/+/master/GCC_4_9_DEPRECATION.md


  CC      drivers/gpu/arm/t7xx/r22p0/mali_kbase_ctx_sched.o
  CC      drivers/gud/gud-exynos5433/MobiCoreDriver/pm.o
  CC      mm/swap_state.o
Android GCC has been deprecated in favor of Clang, and will be removed from
Android in 2020-01 as per the deprecation plan in:
https://android.googlesource.com/platform/prebuilts/clang/host/linux-x86/+/master/GCC_4_9_DEPRECATION.md


Android GCC has been deprecated in favor of Clang, and will be removed from
Android in 2020-01 as per the deprecation plan in:
https://android.googlesource.com/platform/prebuilts/clang/host/linux-x86/+/master/GCC_4_9_DEPRECATION.md


Android GCC has been deprecated in favor of Clang, and will be removed from
Android in 2020-01 as per the deprecation plan in:
https://android.googlesource.com/platform/prebuilts/clang/host/linux-x86/+/master/GCC_4_9_DEPRECATION.md


Android GCC has been deprecated in favor of Clang, and will be removed from
Android in 2020-01 as per the deprecation plan in:
https://android.googlesource.com/platform/prebuilts/clang/host/linux-x86/+/master/GCC_4_9_DEPRECATION.md


Android GCC has been deprecated in favor of Clang, and will be removed from
Android in 2020-01 as per the deprecation plan in:
https://android.googlesource.com/platform/prebuilts/clang/host/linux-x86/+/master/GCC_4_9_DEPRECATION.md


Android GCC has been deprecated in favor of Clang, and will be removed from
Android in 2020-01 as per the deprecation plan in:
https://android.googlesource.com/platform/prebuilts/clang/host/linux-x86/+/master/GCC_4_9_DEPRECATION.md


Android GCC has been deprecated in favor of Clang, and will be removed from
Android in 2020-01 as per the deprecation plan in:
https://android.googlesource.com/platform/prebuilts/clang/host/linux-x86/+/master/GCC_4_9_DEPRECATION.md


  CC      crypto/tcrypt.o
  CC      drivers/hwmon/hwmon.o
  CC      mm/swapfile.o
  CC      fs/proc_namespace.o
Android GCC has been deprecated in favor of Clang, and will be removed from
Android in 2020-01 as per the deprecation plan in:
https://android.googlesource.com/platform/prebuilts/clang/host/linux-x86/+/master/GCC_4_9_DEPRECATION.md


Android GCC has been deprecated in favor of Clang, and will be removed from
Android in 2020-01 as per the deprecation plan in:
https://android.googlesource.com/platform/prebuilts/clang/host/linux-x86/+/master/GCC_4_9_DEPRECATION.md


Android GCC has been deprecated in favor of Clang, and will be removed from
Android in 2020-01 as per the deprecation plan in:
https://android.googlesource.com/platform/prebuilts/clang/host/linux-x86/+/master/GCC_4_9_DEPRECATION.md


  CC      sound/usb/format.o
Android GCC has been deprecated in favor of Clang, and will be removed from
Android in 2020-01 as per the deprecation plan in:
https://android.googlesource.com/platform/prebuilts/clang/host/linux-x86/+/master/GCC_4_9_DEPRECATION.md


Android GCC has been deprecated in favor of Clang, and will be removed from
Android in 2020-01 as per the deprecation plan in:
https://android.googlesource.com/platform/prebuilts/clang/host/linux-x86/+/master/GCC_4_9_DEPRECATION.md


Android GCC has been deprecated in favor of Clang, and will be removed from
Android in 2020-01 as per the deprecation plan in:
https://android.googlesource.com/platform/prebuilts/clang/host/linux-x86/+/master/GCC_4_9_DEPRECATION.md


  CC      drivers/gud/gud-exynos5433/MobiCoreDriver/main.o
Android GCC has been deprecated in favor of Clang, and will be removed from
Android in 2020-01 as per the deprecation plan in:
https://android.googlesource.com/platform/prebuilts/clang/host/linux-x86/+/master/GCC_4_9_DEPRECATION.md


net/ipv6/ping.c: In function 'pingv6_exit':
net/ipv6/ping.c:97:29: warning: assignment from incompatible pointer type
  pingv6_ops.ipv6_recv_error = dummy_ipv6_recv_error;
                             ^
  CC      lib/decompress.o
  CC      net/ipv6/exthdrs.o
Android GCC has been deprecated in favor of Clang, and will be removed from
Android in 2020-01 as per the deprecation plan in:
https://android.googlesource.com/platform/prebuilts/clang/host/linux-x86/+/master/GCC_4_9_DEPRECATION.md


Android GCC has been deprecated in favor of Clang, and will be removed from
Android in 2020-01 as per the deprecation plan in:
https://android.googlesource.com/platform/prebuilts/clang/host/linux-x86/+/master/GCC_4_9_DEPRECATION.md


  CC      drivers/gpu/ion/ion_heap.o
  CC      drivers/hid/hid-debug.o
Android GCC has been deprecated in favor of Clang, and will be removed from
Android in 2020-01 as per the deprecation plan in:
https://android.googlesource.com/platform/prebuilts/clang/host/linux-x86/+/master/GCC_4_9_DEPRECATION.md


  CC      lib/decompress_bunzip2.o
Android GCC has been deprecated in favor of Clang, and will be removed from
Android in 2020-01 as per the deprecation plan in:
https://android.googlesource.com/platform/prebuilts/clang/host/linux-x86/+/master/GCC_4_9_DEPRECATION.md


Android GCC has been deprecated in favor of Clang, and will be removed from
Android in 2020-01 as per the deprecation plan in:
https://android.googlesource.com/platform/prebuilts/clang/host/linux-x86/+/master/GCC_4_9_DEPRECATION.md


Android GCC has been deprecated in favor of Clang, and will be removed from
Android in 2020-01 as per the deprecation plan in:
https://android.googlesource.com/platform/prebuilts/clang/host/linux-x86/+/master/GCC_4_9_DEPRECATION.md


  CC      net/netfilter/nfnetlink_queue_core.o
Android GCC has been deprecated in favor of Clang, and will be removed from
Android in 2020-01 as per the deprecation plan in:
https://android.googlesource.com/platform/prebuilts/clang/host/linux-x86/+/master/GCC_4_9_DEPRECATION.md


Android GCC has been deprecated in favor of Clang, and will be removed from
Android in 2020-01 as per the deprecation plan in:
https://android.googlesource.com/platform/prebuilts/clang/host/linux-x86/+/master/GCC_4_9_DEPRECATION.md


  CC      net/ipv4/tcp_minisocks.o
  CC      net/ipv6/datagram.o
  CC      fs/cifs/cifsfs.o
Android GCC has been deprecated in favor of Clang, and will be removed from
Android in 2020-01 as per the deprecation plan in:
https://android.googlesource.com/platform/prebuilts/clang/host/linux-x86/+/master/GCC_4_9_DEPRECATION.md


Android GCC has been deprecated in favor of Clang, and will be removed from
Android in 2020-01 as per the deprecation plan in:
https://android.googlesource.com/platform/prebuilts/clang/host/linux-x86/+/master/GCC_4_9_DEPRECATION.md


Android GCC has been deprecated in favor of Clang, and will be removed from
Android in 2020-01 as per the deprecation plan in:
https://android.googlesource.com/platform/prebuilts/clang/host/linux-x86/+/master/GCC_4_9_DEPRECATION.md


Android GCC has been deprecated in favor of Clang, and will be removed from
Android in 2020-01 as per the deprecation plan in:
https://android.googlesource.com/platform/prebuilts/clang/host/linux-x86/+/master/GCC_4_9_DEPRECATION.md


  CC      sound/usb/helper.o
Android GCC has been deprecated in favor of Clang, and will be removed from
Android in 2020-01 as per the deprecation plan in:
https://android.googlesource.com/platform/prebuilts/clang/host/linux-x86/+/master/GCC_4_9_DEPRECATION.md


  CC      drivers/gpu/arm/t7xx/r22p0/mali_kbase_jd.o
  LD      sound/soundcore.o
Android GCC has been deprecated in favor of Clang, and will be removed from
Android in 2020-01 as per the deprecation plan in:
https://android.googlesource.com/platform/prebuilts/clang/host/linux-x86/+/master/GCC_4_9_DEPRECATION.md


  CC      drivers/i2c/i2c-boardinfo.o
Android GCC has been deprecated in favor of Clang, and will be removed from
Android in 2020-01 as per the deprecation plan in:
https://android.googlesource.com/platform/prebuilts/clang/host/linux-x86/+/master/GCC_4_9_DEPRECATION.md


  CC      net/ipv6/ip6_flowlabel.o
Android GCC has been deprecated in favor of Clang, and will be removed from
Android in 2020-01 as per the deprecation plan in:
https://android.googlesource.com/platform/prebuilts/clang/host/linux-x86/+/master/GCC_4_9_DEPRECATION.md


  CC      drivers/i2c/i2c-core.o
  CC      drivers/hwmon/sec_thermistor.o
  CC      drivers/gud/gud-exynos5433/MobiCoreKernelApi/main.o
  CC      drivers/i2c/i2c-dev.o
Android GCC has been deprecated in favor of Clang, and will be removed from
Android in 2020-01 as per the deprecation plan in:
https://android.googlesource.com/platform/prebuilts/clang/host/linux-x86/+/master/GCC_4_9_DEPRECATION.md


Android GCC has been deprecated in favor of Clang, and will be removed from
Android in 2020-01 as per the deprecation plan in:
https://android.googlesource.com/platform/prebuilts/clang/host/linux-x86/+/master/GCC_4_9_DEPRECATION.md


Android GCC has been deprecated in favor of Clang, and will be removed from
Android in 2020-01 as per the deprecation plan in:
https://android.googlesource.com/platform/prebuilts/clang/host/linux-x86/+/master/GCC_4_9_DEPRECATION.md


Android GCC has been deprecated in favor of Clang, and will be removed from
Android in 2020-01 as per the deprecation plan in:
https://android.googlesource.com/platform/prebuilts/clang/host/linux-x86/+/master/GCC_4_9_DEPRECATION.md


Android GCC has been deprecated in favor of Clang, and will be removed from
Android in 2020-01 as per the deprecation plan in:
https://android.googlesource.com/platform/prebuilts/clang/host/linux-x86/+/master/GCC_4_9_DEPRECATION.md


  CC      drivers/gud/gud-exynos5433/MobiCoreKernelApi/clientlib.o
  CC      lib/decompress_inflate.o
Android GCC has been deprecated in favor of Clang, and will be removed from
Android in 2020-01 as per the deprecation plan in:
https://android.googlesource.com/platform/prebuilts/clang/host/linux-x86/+/master/GCC_4_9_DEPRECATION.md


  CC      sound/usb/mixer.o
Android GCC has been deprecated in favor of Clang, and will be removed from
Android in 2020-01 as per the deprecation plan in:
https://android.googlesource.com/platform/prebuilts/clang/host/linux-x86/+/master/GCC_4_9_DEPRECATION.md


Android GCC has been deprecated in favor of Clang, and will be removed from
Android in 2020-01 as per the deprecation plan in:
https://android.googlesource.com/platform/prebuilts/clang/host/linux-x86/+/master/GCC_4_9_DEPRECATION.md


  CC      kernel/cpu/idle.o
Android GCC has been deprecated in favor of Clang, and will be removed from
Android in 2020-01 as per the deprecation plan in:
https://android.googlesource.com/platform/prebuilts/clang/host/linux-x86/+/master/GCC_4_9_DEPRECATION.md


Android GCC has been deprecated in favor of Clang, and will be removed from
Android in 2020-01 as per the deprecation plan in:
https://android.googlesource.com/platform/prebuilts/clang/host/linux-x86/+/master/GCC_4_9_DEPRECATION.md


Android GCC has been deprecated in favor of Clang, and will be removed from
Android in 2020-01 as per the deprecation plan in:
https://android.googlesource.com/platform/prebuilts/clang/host/linux-x86/+/master/GCC_4_9_DEPRECATION.md


  CC      kernel/bpf/verifier.o
Android GCC has been deprecated in favor of Clang, and will be removed from
Android in 2020-01 as per the deprecation plan in:
https://android.googlesource.com/platform/prebuilts/clang/host/linux-x86/+/master/GCC_4_9_DEPRECATION.md


  LD      drivers/hwmon/built-in.o
  CC      drivers/hid/hid-core.o
  CC      kernel/events/core.o
Android GCC has been deprecated in favor of Clang, and will be removed from
Android in 2020-01 as per the deprecation plan in:
https://android.googlesource.com/platform/prebuilts/clang/host/linux-x86/+/master/GCC_4_9_DEPRECATION.md


  CC      drivers/gpu/arm/t7xx/r22p0/mali_kbase_jd_debugfs.o
Android GCC has been deprecated in favor of Clang, and will be removed from
Android in 2020-01 as per the deprecation plan in:
https://android.googlesource.com/platform/prebuilts/clang/host/linux-x86/+/master/GCC_4_9_DEPRECATION.md


  CC      lib/decompress_unlzma.o
Android GCC has been deprecated in favor of Clang, and will be removed from
Android in 2020-01 as per the deprecation plan in:
https://android.googlesource.com/platform/prebuilts/clang/host/linux-x86/+/master/GCC_4_9_DEPRECATION.md


Android GCC has been deprecated in favor of Clang, and will be removed from
Android in 2020-01 as per the deprecation plan in:
https://android.googlesource.com/platform/prebuilts/clang/host/linux-x86/+/master/GCC_4_9_DEPRECATION.md


Android GCC has been deprecated in favor of Clang, and will be removed from
Android in 2020-01 as per the deprecation plan in:
https://android.googlesource.com/platform/prebuilts/clang/host/linux-x86/+/master/GCC_4_9_DEPRECATION.md


Android GCC has been deprecated in favor of Clang, and will be removed from
Android in 2020-01 as per the deprecation plan in:
https://android.googlesource.com/platform/prebuilts/clang/host/linux-x86/+/master/GCC_4_9_DEPRECATION.md


  CC      kernel/events/ring_buffer.o
Android GCC has been deprecated in favor of Clang, and will be removed from
Android in 2020-01 as per the deprecation plan in:
https://android.googlesource.com/platform/prebuilts/clang/host/linux-x86/+/master/GCC_4_9_DEPRECATION.md


Android GCC has been deprecated in favor of Clang, and will be removed from
Android in 2020-01 as per the deprecation plan in:
https://android.googlesource.com/platform/prebuilts/clang/host/linux-x86/+/master/GCC_4_9_DEPRECATION.md


  CC      net/netfilter/nfnetlink.o
  CC      kernel/irq/irqdesc.o
  CC      drivers/gpu/ion/ion_page_pool.o
Android GCC has been deprecated in favor of Clang, and will be removed from
Android in 2020-01 as per the deprecation plan in:
https://android.googlesource.com/platform/prebuilts/clang/host/linux-x86/+/master/GCC_4_9_DEPRECATION.md


Android GCC has been deprecated in favor of Clang, and will be removed from
Android in 2020-01 as per the deprecation plan in:
https://android.googlesource.com/platform/prebuilts/clang/host/linux-x86/+/master/GCC_4_9_DEPRECATION.md


Android GCC has been deprecated in favor of Clang, and will be removed from
Android in 2020-01 as per the deprecation plan in:
https://android.googlesource.com/platform/prebuilts/clang/host/linux-x86/+/master/GCC_4_9_DEPRECATION.md


Android GCC has been deprecated in favor of Clang, and will be removed from
Android in 2020-01 as per the deprecation plan in:
https://android.googlesource.com/platform/prebuilts/clang/host/linux-x86/+/master/GCC_4_9_DEPRECATION.md


  LD      kernel/cpu/built-in.o
  CC      kernel/irq/handle.o
  CC      fs/cifs/cifssmb.o
Android GCC has been deprecated in favor of Clang, and will be removed from
Android in 2020-01 as per the deprecation plan in:
https://android.googlesource.com/platform/prebuilts/clang/host/linux-x86/+/master/GCC_4_9_DEPRECATION.md


Android GCC has been deprecated in favor of Clang, and will be removed from
Android in 2020-01 as per the deprecation plan in:
https://android.googlesource.com/platform/prebuilts/clang/host/linux-x86/+/master/GCC_4_9_DEPRECATION.md


  CC      crypto/ghash-generic.o
Android GCC has been deprecated in favor of Clang, and will be removed from
Android in 2020-01 as per the deprecation plan in:
https://android.googlesource.com/platform/prebuilts/clang/host/linux-x86/+/master/GCC_4_9_DEPRECATION.md


Android GCC has been deprecated in favor of Clang, and will be removed from
Android in 2020-01 as per the deprecation plan in:
https://android.googlesource.com/platform/prebuilts/clang/host/linux-x86/+/master/GCC_4_9_DEPRECATION.md


  CC      kernel/power/qos.o
Android GCC has been deprecated in favor of Clang, and will be removed from
Android in 2020-01 as per the deprecation plan in:
https://android.googlesource.com/platform/prebuilts/clang/host/linux-x86/+/master/GCC_4_9_DEPRECATION.md


Android GCC has been deprecated in favor of Clang, and will be removed from
Android in 2020-01 as per the deprecation plan in:
https://android.googlesource.com/platform/prebuilts/clang/host/linux-x86/+/master/GCC_4_9_DEPRECATION.md


Android GCC has been deprecated in favor of Clang, and will be removed from
Android in 2020-01 as per the deprecation plan in:
https://android.googlesource.com/platform/prebuilts/clang/host/linux-x86/+/master/GCC_4_9_DEPRECATION.md


  CC      kernel/sched/core.o
Android GCC has been deprecated in favor of Clang, and will be removed from
Android in 2020-01 as per the deprecation plan in:
https://android.googlesource.com/platform/prebuilts/clang/host/linux-x86/+/master/GCC_4_9_DEPRECATION.md


Android GCC has been deprecated in favor of Clang, and will be removed from
Android in 2020-01 as per the deprecation plan in:
https://android.googlesource.com/platform/prebuilts/clang/host/linux-x86/+/master/GCC_4_9_DEPRECATION.md


  CC      net/ipv4/tcp_cong.o
  CC      kernel/time/timekeeping.o
  CC      drivers/gpu/arm/t7xx/r22p0/mali_kbase_jm.o
  CC      lib/decompress_unlzo.o
Android GCC has been deprecated in favor of Clang, and will be removed from
Android in 2020-01 as per the deprecation plan in:
https://android.googlesource.com/platform/prebuilts/clang/host/linux-x86/+/master/GCC_4_9_DEPRECATION.md


Android GCC has been deprecated in favor of Clang, and will be removed from
Android in 2020-01 as per the deprecation plan in:
https://android.googlesource.com/platform/prebuilts/clang/host/linux-x86/+/master/GCC_4_9_DEPRECATION.md


  CC      kernel/time/ntp.o
Android GCC has been deprecated in favor of Clang, and will be removed from
Android in 2020-01 as per the deprecation plan in:
https://android.googlesource.com/platform/prebuilts/clang/host/linux-x86/+/master/GCC_4_9_DEPRECATION.md


Android GCC has been deprecated in favor of Clang, and will be removed from
Android in 2020-01 as per the deprecation plan in:
https://android.googlesource.com/platform/prebuilts/clang/host/linux-x86/+/master/GCC_4_9_DEPRECATION.md


Android GCC has been deprecated in favor of Clang, and will be removed from
Android in 2020-01 as per the deprecation plan in:
https://android.googlesource.com/platform/prebuilts/clang/host/linux-x86/+/master/GCC_4_9_DEPRECATION.md


  CC      mm/dmapool.o
Android GCC has been deprecated in favor of Clang, and will be removed from
Android in 2020-01 as per the deprecation plan in:
https://android.googlesource.com/platform/prebuilts/clang/host/linux-x86/+/master/GCC_4_9_DEPRECATION.md


Android GCC has been deprecated in favor of Clang, and will be removed from
Android in 2020-01 as per the deprecation plan in:
https://android.googlesource.com/platform/prebuilts/clang/host/linux-x86/+/master/GCC_4_9_DEPRECATION.md


  CC      kernel/sched/clock.o
Android GCC has been deprecated in favor of Clang, and will be removed from
Android in 2020-01 as per the deprecation plan in:
https://android.googlesource.com/platform/prebuilts/clang/host/linux-x86/+/master/GCC_4_9_DEPRECATION.md


  CC      drivers/gpu/vga/vgaarb.o
Android GCC has been deprecated in favor of Clang, and will be removed from
Android in 2020-01 as per the deprecation plan in:
https://android.googlesource.com/platform/prebuilts/clang/host/linux-x86/+/master/GCC_4_9_DEPRECATION.md


Android GCC has been deprecated in favor of Clang, and will be removed from
Android in 2020-01 as per the deprecation plan in:
https://android.googlesource.com/platform/prebuilts/clang/host/linux-x86/+/master/GCC_4_9_DEPRECATION.md


  LD      sound/soc/codecs/snd-soc-arizona.o
  CC      drivers/gud/gud-exynos5433/MobiCoreKernelApi/device.o
  CC      drivers/gpu/ion/ion_system_heap.o
  LD      sound/soc/codecs/snd-soc-florida.o
  LD      crypto/crypto.o
Android GCC has been deprecated in favor of Clang, and will be removed from
Android in 2020-01 as per the deprecation plan in:
https://android.googlesource.com/platform/prebuilts/clang/host/linux-x86/+/master/GCC_4_9_DEPRECATION.md


  LD      crypto/built-in.o
Android GCC has been deprecated in favor of Clang, and will be removed from
Android in 2020-01 as per the deprecation plan in:
https://android.googlesource.com/platform/prebuilts/clang/host/linux-x86/+/master/GCC_4_9_DEPRECATION.md


  CC      net/ipv6/inet6_connection_sock.o
  LD      sound/soc/codecs/snd-soc-wm-adsp.o
Android GCC has been deprecated in favor of Clang, and will be removed from
Android in 2020-01 as per the deprecation plan in:
https://android.googlesource.com/platform/prebuilts/clang/host/linux-x86/+/master/GCC_4_9_DEPRECATION.md


Android GCC has been deprecated in favor of Clang, and will be removed from
Android in 2020-01 as per the deprecation plan in:
https://android.googlesource.com/platform/prebuilts/clang/host/linux-x86/+/master/GCC_4_9_DEPRECATION.md

  CC      kernel/irq/manage.o

  LD      sound/soc/codecs/snd-soc-dummy.o
  LD      sound/soc/codecs/snd-soc-max98504a.o
  LD      sound/soc/codecs/snd-soc-maxim-dsma.o
Android GCC has been deprecated in favor of Clang, and will be removed from
Android in 2020-01 as per the deprecation plan in:
https://android.googlesource.com/platform/prebuilts/clang/host/linux-x86/+/master/GCC_4_9_DEPRECATION.md


  LD      sound/soc/codecs/built-in.o
  CC      drivers/gpu/ion/ion_carveout_heap.o
  CC      drivers/i2c/algos/i2c-algo-bit.o
Android GCC has been deprecated in favor of Clang, and will be removed from
Android in 2020-01 as per the deprecation plan in:
https://android.googlesource.com/platform/prebuilts/clang/host/linux-x86/+/master/GCC_4_9_DEPRECATION.md


Android GCC has been deprecated in favor of Clang, and will be removed from
Android in 2020-01 as per the deprecation plan in:
https://android.googlesource.com/platform/prebuilts/clang/host/linux-x86/+/master/GCC_4_9_DEPRECATION.md


Android GCC has been deprecated in favor of Clang, and will be removed from
Android in 2020-01 as per the deprecation plan in:
https://android.googlesource.com/platform/prebuilts/clang/host/linux-x86/+/master/GCC_4_9_DEPRECATION.md


  CC      lib/decompress_unxz.o
Android GCC has been deprecated in favor of Clang, and will be removed from
Android in 2020-01 as per the deprecation plan in:
https://android.googlesource.com/platform/prebuilts/clang/host/linux-x86/+/master/GCC_4_9_DEPRECATION.md


Android GCC has been deprecated in favor of Clang, and will be removed from
Android in 2020-01 as per the deprecation plan in:
https://android.googlesource.com/platform/prebuilts/clang/host/linux-x86/+/master/GCC_4_9_DEPRECATION.md

In file included from include/trace/define_trace.h:86:0,
                 from include/trace/events/sched.h:662,
                 from kernel/sched/core.c:108:
include/trace/events/sched.h: In function 'perf_trace_sched_kthread_stop':

include/trace/ftrace.h:653:6: warning: unused variable '__addr' [-Wunused-variable]
  u64 __addr = 0, __count = 1;     \
      ^
include/trace/ftrace.h:32:2: note: in expansion of macro 'DECLARE_EVENT_CLASS'
  DECLARE_EVENT_CLASS(name,          \
  ^
include/trace/events/sched.h:14:1: note: in expansion of macro 'TRACE_EVENT'
 TRACE_EVENT(sched_kthread_stop,
 ^
include/trace/events/sched.h: In function 'perf_trace_sched_kthread_stop_ret':
include/trace/ftrace.h:653:6: warning: unused variable '__addr' [-Wunused-variable]
  u64 __addr = 0, __count = 1;     \
      ^
include/trace/ftrace.h:32:2: note: in expansion of macro 'DECLARE_EVENT_CLASS'
  DECLARE_EVENT_CLASS(name,          \
  ^
include/trace/events/sched.h:36:1: note: in expansion of macro 'TRACE_EVENT'
 TRACE_EVENT(sched_kthread_stop_ret,
 ^
include/trace/events/sched.h: In function 'perf_trace_sched_wakeup_template':
include/trace/ftrace.h:653:6: warning: unused variable '__addr' [-Wunused-variable]
  u64 __addr = 0, __count = 1;     \
      ^
include/trace/events/sched.h:56:1: note: in expansion of macro 'DECLARE_EVENT_CLASS'
 DECLARE_EVENT_CLASS(sched_wakeup_template,
 ^
include/trace/events/sched.h: In function 'perf_trace_sched_switch':
include/trace/ftrace.h:653:6: warning: unused variable '__addr' [-Wunused-variable]
  u64 __addr = 0, __count = 1;     \
      ^
include/trace/ftrace.h:32:2: note: in expansion of macro 'DECLARE_EVENT_CLASS'
  DECLARE_EVENT_CLASS(name,          \
  ^
include/trace/events/sched.h:117:1: note: in expansion of macro 'TRACE_EVENT'
 TRACE_EVENT(sched_switch,
 ^
include/trace/events/sched.h: In function 'perf_trace_sched_migrate_task':
include/trace/ftrace.h:653:6: warning: unused variable '__addr' [-Wunused-variable]
  u64 __addr = 0, __count = 1;     \
      ^
include/trace/ftrace.h:32:2: note: in expansion of macro 'DECLARE_EVENT_CLASS'
  DECLARE_EVENT_CLASS(name,          \
  ^
include/trace/events/sched.h:158:1: note: in expansion of macro 'TRACE_EVENT'
 TRACE_EVENT(sched_migrate_task,
 ^
include/trace/events/sched.h: In function 'perf_trace_sched_process_template':
include/trace/ftrace.h:653:6: warning: unused variable '__addr' [-Wunused-variable]
  u64 __addr = 0, __count = 1;     \
      ^
include/trace/events/sched.h:185:1: note: in expansion of macro 'DECLARE_EVENT_CLASS'
 DECLARE_EVENT_CLASS(sched_process_template,
 ^
include/trace/events/sched.h: In function 'perf_trace_sched_process_wait':
include/trace/ftrace.h:653:6: warning: unused variable '__addr' [-Wunused-variable]
  u64 __addr = 0, __count = 1;     \
      ^
include/trace/ftrace.h:32:2: note: in expansion of macro 'DECLARE_EVENT_CLASS'
  DECLARE_EVENT_CLASS(name,          \
  ^
include/trace/events/sched.h:232:1: note: in expansion of macro 'TRACE_EVENT'
 TRACE_EVENT(sched_process_wait,
 ^
include/trace/events/sched.h: In function 'perf_trace_sched_process_fork':
include/trace/ftrace.h:653:6: warning: unused variable '__addr' [-Wunused-variable]
  u64 __addr = 0, __count = 1;     \
      ^
include/trace/ftrace.h:32:2: note: in expansion of macro 'DECLARE_EVENT_CLASS'
  DECLARE_EVENT_CLASS(name,          \
  ^
include/trace/events/sched.h:257:1: note: in expansion of macro 'TRACE_EVENT'
 TRACE_EVENT(sched_process_fork,
 ^
include/trace/events/sched.h: In function 'perf_trace_sched_process_exec':
include/trace/ftrace.h:653:6: warning: unused variable '__addr' [-Wunused-variable]
  u64 __addr = 0, __count = 1;     \
      ^
include/trace/ftrace.h:32:2: note: in expansion of macro 'DECLARE_EVENT_CLASS'
  DECLARE_EVENT_CLASS(name,          \
  ^
include/trace/events/sched.h:285:1: note: in expansion of macro 'TRACE_EVENT'
 TRACE_EVENT(sched_process_exec,
 ^
include/trace/events/sched.h: In function 'perf_trace_sched_stat_template':
include/trace/ftrace.h:653:6: warning: unused variable '__addr' [-Wunused-variable]
  u64 __addr = 0, __count = 1;     \
      ^
include/trace/events/sched.h:312:1: note: in expansion of macro 'DECLARE_EVENT_CLASS'
 DECLARE_EVENT_CLASS(sched_stat_template,
 ^
include/trace/events/sched.h: In function 'perf_trace_sched_stat_runtime':
include/trace/ftrace.h:653:6: warning: unused variable '__addr' [-Wunused-variable]
  u64 __addr = 0, __count = 1;     \
      ^
include/trace/ftrace.h:32:2: note: in expansion of macro 'DECLARE_EVENT_CLASS'
  DECLARE_EVENT_CLASS(name,          \
  ^
include/trace/events/sched.h:375:1: note: in expansion of macro 'TRACE_EVENT'
 TRACE_EVENT(sched_stat_runtime,
 ^
include/trace/events/sched.h: In function 'perf_trace_sched_pi_setprio':
include/trace/ftrace.h:653:6: warning: unused variable '__addr' [-Wunused-variable]
  u64 __addr = 0, __count = 1;     \
      ^
include/trace/ftrace.h:32:2: note: in expansion of macro 'DECLARE_EVENT_CLASS'
  DECLARE_EVENT_CLASS(name,          \
  ^
include/trace/events/sched.h:408:1: note: in expansion of macro 'TRACE_EVENT'
 TRACE_EVENT(sched_pi_setprio,
 ^
include/trace/events/sched.h: In function 'perf_trace_sched_task_load_contrib':
include/trace/ftrace.h:653:6: warning: unused variable '__addr' [-Wunused-variable]
  u64 __addr = 0, __count = 1;     \
      ^
include/trace/ftrace.h:32:2: note: in expansion of macro 'DECLARE_EVENT_CLASS'
  DECLARE_EVENT_CLASS(name,          \
  ^
include/trace/events/sched.h:436:1: note: in expansion of macro 'TRACE_EVENT'
 TRACE_EVENT(sched_task_load_contrib,
 ^
include/trace/events/sched.h: In function 'perf_trace_sched_task_runnable_ratio':
include/trace/ftrace.h:653:6: warning: unused variable '__addr' [-Wunused-variable]
  u64 __addr = 0, __count = 1;     \
      ^
include/trace/ftrace.h:32:2: note: in expansion of macro 'DECLARE_EVENT_CLASS'
  DECLARE_EVENT_CLASS(name,          \
  ^
include/trace/events/sched.h:462:1: note: in expansion of macro 'TRACE_EVENT'
 TRACE_EVENT(sched_task_runnable_ratio,
 ^
include/trace/events/sched.h: In function 'perf_trace_sched_rq_runnable_ratio':
include/trace/ftrace.h:653:6: warning: unused variable '__addr' [-Wunused-variable]
  u64 __addr = 0, __count = 1;     \
      ^
include/trace/ftrace.h:32:2: note: in expansion of macro 'DECLARE_EVENT_CLASS'
  DECLARE_EVENT_CLASS(name,          \
  ^
include/trace/events/sched.h:488:1: note: in expansion of macro 'TRACE_EVENT'
 TRACE_EVENT(sched_rq_runnable_ratio,
 ^
include/trace/events/sched.h: In function 'perf_trace_sched_rq_runnable_load':
include/trace/ftrace.h:653:6: warning: unused variable '__addr' [-Wunused-variable]
  u64 __addr = 0, __count = 1;     \
      ^
include/trace/ftrace.h:32:2: note: in expansion of macro 'DECLARE_EVENT_CLASS'
  DECLARE_EVENT_CLASS(name,          \
  ^
include/trace/events/sched.h:512:1: note: in expansion of macro 'TRACE_EVENT'
 TRACE_EVENT(sched_rq_runnable_load,
 ^
include/trace/events/sched.h: In function 'perf_trace_sched_rq_nr_running':
include/trace/ftrace.h:653:6: warning: unused variable '__addr' [-Wunused-variable]
  u64 __addr = 0, __count = 1;     \
      ^
include/trace/ftrace.h:32:2: note: in expansion of macro 'DECLARE_EVENT_CLASS'
  DECLARE_EVENT_CLASS(name,          \
  ^
include/trace/events/sched.h:533:1: note: in expansion of macro 'TRACE_EVENT'
 TRACE_EVENT(sched_rq_nr_running,
 ^
include/trace/events/sched.h: In function 'perf_trace_sched_task_usage_ratio':
include/trace/ftrace.h:653:6: warning: unused variable '__addr' [-Wunused-variable]
  u64 __addr = 0, __count = 1;     \
      ^
include/trace/ftrace.h:32:2: note: in expansion of macro 'DECLARE_EVENT_CLASS'
  DECLARE_EVENT_CLASS(name,          \
  ^
include/trace/events/sched.h:560:1: note: in expansion of macro 'TRACE_EVENT'
 TRACE_EVENT(sched_task_usage_ratio,
 ^
include/trace/events/sched.h: In function 'perf_trace_sched_hmp_migrate':
include/trace/ftrace.h:653:6: warning: unused variable '__addr' [-Wunused-variable]
  u64 __addr = 0, __count = 1;     \
      ^
include/trace/ftrace.h:32:2: note: in expansion of macro 'DECLARE_EVENT_CLASS'
  DECLARE_EVENT_CLASS(name,          \
  ^
include/trace/events/sched.h:590:1: note: in expansion of macro 'TRACE_EVENT'
 TRACE_EVENT(sched_hmp_migrate,
 ^
include/trace/events/sched.h: In function 'perf_trace_sched_hmp_offload_abort':
include/trace/ftrace.h:653:6: warning: unused variable '__addr' [-Wunused-variable]
  u64 __addr = 0, __count = 1;     \
      ^
include/trace/ftrace.h:32:2: note: in expansion of macro 'DECLARE_EVENT_CLASS'
  DECLARE_EVENT_CLASS(name,          \
  ^
include/trace/events/sched.h:615:1: note: in expansion of macro 'TRACE_EVENT'
 TRACE_EVENT(sched_hmp_offload_abort,
 ^
include/trace/events/sched.h: In function 'perf_trace_sched_hmp_offload_succeed':
include/trace/ftrace.h:653:6: warning: unused variable '__addr' [-Wunused-variable]
  u64 __addr = 0, __count = 1;     \
      ^
include/trace/ftrace.h:32:2: note: in expansion of macro 'DECLARE_EVENT_CLASS'
  DECLARE_EVENT_CLASS(name,          \
  ^
include/trace/events/sched.h:638:1: note: in expansion of macro 'TRACE_EVENT'
 TRACE_EVENT(sched_hmp_offload_succeed,
 ^
  CC      sound/usb/mixer_quirks.o
  CC      net/ipv4/tcp_metrics.o
  CC      drivers/gpu/arm/t7xx/r22p0/mali_kbase_gpuprops.o
  CC      kernel/power/main.o
Android GCC has been deprecated in favor of Clang, and will be removed from
Android in 2020-01 as per the deprecation plan in:
https://android.googlesource.com/platform/prebuilts/clang/host/linux-x86/+/master/GCC_4_9_DEPRECATION.md


  CC      net/netfilter/nfnetlink_log.o
  CC      drivers/gud/gud-exynos5433/MobiCoreKernelApi/session.o
Android GCC has been deprecated in favor of Clang, and will be removed from
Android in 2020-01 as per the deprecation plan in:
https://android.googlesource.com/platform/prebuilts/clang/host/linux-x86/+/master/GCC_4_9_DEPRECATION.md

Android GCC has been deprecated in favor of Clang, and will be removed from
Android in 2020-01 as per the deprecation plan in:
https://android.googlesource.com/platform/prebuilts/clang/host/linux-x86/+/master/GCC_4_9_DEPRECATION.md


Android GCC has been deprecated in favor of Clang, and will be removed from
Android in 2020-01 as per the deprecation plan in:
https://android.googlesource.com/platform/prebuilts/clang/host/linux-x86/+/master/GCC_4_9_DEPRECATION.md



  CC      mm/slub.o
  CC      sound/soc/samsung/eax-dai.o
Android GCC has been deprecated in favor of Clang, and will be removed from
Android in 2020-01 as per the deprecation plan in:
https://android.googlesource.com/platform/prebuilts/clang/host/linux-x86/+/master/GCC_4_9_DEPRECATION.md


Android GCC has been deprecated in favor of Clang, and will be removed from
Android in 2020-01 as per the deprecation plan in:
https://android.googlesource.com/platform/prebuilts/clang/host/linux-x86/+/master/GCC_4_9_DEPRECATION.md


Android GCC has been deprecated in favor of Clang, and will be removed from
Android in 2020-01 as per the deprecation plan in:
https://android.googlesource.com/platform/prebuilts/clang/host/linux-x86/+/master/GCC_4_9_DEPRECATION.md


Android GCC has been deprecated in favor of Clang, and will be removed from
Android in 2020-01 as per the deprecation plan in:
https://android.googlesource.com/platform/prebuilts/clang/host/linux-x86/+/master/GCC_4_9_DEPRECATION.md


Android GCC has been deprecated in favor of Clang, and will be removed from
Android in 2020-01 as per the deprecation plan in:
https://android.googlesource.com/platform/prebuilts/clang/host/linux-x86/+/master/GCC_4_9_DEPRECATION.md


Android GCC has been deprecated in favor of Clang, and will be removed from
Android in 2020-01 as per the deprecation plan in:
https://android.googlesource.com/platform/prebuilts/clang/host/linux-x86/+/master/GCC_4_9_DEPRECATION.md


  CC      lib/dump_stack.o
Android GCC has been deprecated in favor of Clang, and will be removed from
Android in 2020-01 as per the deprecation plan in:
https://android.googlesource.com/platform/prebuilts/clang/host/linux-x86/+/master/GCC_4_9_DEPRECATION.md


Android GCC has been deprecated in favor of Clang, and will be removed from
Android in 2020-01 as per the deprecation plan in:
https://android.googlesource.com/platform/prebuilts/clang/host/linux-x86/+/master/GCC_4_9_DEPRECATION.md


  CC      kernel/bpf/inode.o
  CC      drivers/hid/hid-input.o
  CC      sound/soc/samsung/eax-dma.o
Android GCC has been deprecated in favor of Clang, and will be removed from
Android in 2020-01 as per the deprecation plan in:
https://android.googlesource.com/platform/prebuilts/clang/host/linux-x86/+/master/GCC_4_9_DEPRECATION.md


Android GCC has been deprecated in favor of Clang, and will be removed from
Android in 2020-01 as per the deprecation plan in:
https://android.googlesource.com/platform/prebuilts/clang/host/linux-x86/+/master/GCC_4_9_DEPRECATION.md

Android GCC has been deprecated in favor of Clang, and will be removed from
Android in 2020-01 as per the deprecation plan in:
https://android.googlesource.com/platform/prebuilts/clang/host/linux-x86/+/master/GCC_4_9_DEPRECATION.md



  CC      drivers/gud/gud-exynos5433/MobiCoreKernelApi/connection.o
Android GCC has been deprecated in favor of Clang, and will be removed from
Android in 2020-01 as per the deprecation plan in:
https://android.googlesource.com/platform/prebuilts/clang/host/linux-x86/+/master/GCC_4_9_DEPRECATION.md


Android GCC has been deprecated in favor of Clang, and will be removed from
Android in 2020-01 as per the deprecation plan in:
https://android.googlesource.com/platform/prebuilts/clang/host/linux-x86/+/master/GCC_4_9_DEPRECATION.md


  CC      drivers/gpu/ion/ion_chunk_heap.o
Android GCC has been deprecated in favor of Clang, and will be removed from
Android in 2020-01 as per the deprecation plan in:
https://android.googlesource.com/platform/prebuilts/clang/host/linux-x86/+/master/GCC_4_9_DEPRECATION.md


Android GCC has been deprecated in favor of Clang, and will be removed from
Android in 2020-01 as per the deprecation plan in:
https://android.googlesource.com/platform/prebuilts/clang/host/linux-x86/+/master/GCC_4_9_DEPRECATION.md


Android GCC has been deprecated in favor of Clang, and will be removed from
Android in 2020-01 as per the deprecation plan in:
https://android.googlesource.com/platform/prebuilts/clang/host/linux-x86/+/master/GCC_4_9_DEPRECATION.md


Android GCC has been deprecated in favor of Clang, and will be removed from
Android in 2020-01 as per the deprecation plan in:
https://android.googlesource.com/platform/prebuilts/clang/host/linux-x86/+/master/GCC_4_9_DEPRECATION.md


Android GCC has been deprecated in favor of Clang, and will be removed from
Android in 2020-01 as per the deprecation plan in:
https://android.googlesource.com/platform/prebuilts/clang/host/linux-x86/+/master/GCC_4_9_DEPRECATION.md


Android GCC has been deprecated in favor of Clang, and will be removed from
Android in 2020-01 as per the deprecation plan in:
https://android.googlesource.com/platform/prebuilts/clang/host/linux-x86/+/master/GCC_4_9_DEPRECATION.md


  LD      drivers/i2c/algos/built-in.o
  CC      drivers/i2c/busses/i2c-exynos5.o
  CC      lib/earlycpio.o
Android GCC has been deprecated in favor of Clang, and will be removed from
Android in 2020-01 as per the deprecation plan in:
https://android.googlesource.com/platform/prebuilts/clang/host/linux-x86/+/master/GCC_4_9_DEPRECATION.md


Android GCC has been deprecated in favor of Clang, and will be removed from
Android in 2020-01 as per the deprecation plan in:
https://android.googlesource.com/platform/prebuilts/clang/host/linux-x86/+/master/GCC_4_9_DEPRECATION.md


kernel/bpf/inode.c: In function 'bpf_lookup':
kernel/bpf/inode.c:343:36: warning: passing argument 3 of 'simple_lookup' makes integer from pointer without a cast
  return simple_lookup(dir, dentry, nd);
                                    ^
In file included from kernel/bpf/inode.c:19:0:
include/linux/fs.h:2627:23: note: expected 'unsigned int' but argument is of type 'struct nameidata *'
 extern struct dentry *simple_lookup(struct inode *, struct dentry *, unsigned int flags);
                       ^
kernel/bpf/inode.c: At top level:
kernel/bpf/inode.c:347:2: warning: initialization from incompatible pointer type
  .lookup  = bpf_lookup,
  ^
kernel/bpf/inode.c:347:2: warning: (near initialization for 'bpf_dir_iops.lookup')
  CC      drivers/gud/gud-exynos5433/sec-os-booster/sec_os_booster.o
  CC      drivers/gpu/arm/t7xx/r22p0/mali_kbase_js.o
Android GCC has been deprecated in favor of Clang, and will be removed from
Android in 2020-01 as per the deprecation plan in:
https://android.googlesource.com/platform/prebuilts/clang/host/linux-x86/+/master/GCC_4_9_DEPRECATION.md


  CC      drivers/i2c/busses/i2c-gpio.o
Android GCC has been deprecated in favor of Clang, and will be removed from
Android in 2020-01 as per the deprecation plan in:
https://android.googlesource.com/platform/prebuilts/clang/host/linux-x86/+/master/GCC_4_9_DEPRECATION.md


Android GCC has been deprecated in favor of Clang, and will be removed from
Android in 2020-01 as per the deprecation plan in:
https://android.googlesource.com/platform/prebuilts/clang/host/linux-x86/+/master/GCC_4_9_DEPRECATION.md


  CC      kernel/irq/spurious.o
Android GCC has been deprecated in favor of Clang, and will be removed from
Android in 2020-01 as per the deprecation plan in:
https://android.googlesource.com/platform/prebuilts/clang/host/linux-x86/+/master/GCC_4_9_DEPRECATION.md


Android GCC has been deprecated in favor of Clang, and will be removed from
Android in 2020-01 as per the deprecation plan in:
https://android.googlesource.com/platform/prebuilts/clang/host/linux-x86/+/master/GCC_4_9_DEPRECATION.md


  CC      sound/usb/pcm.o
  CC      kernel/power/process.o
  CC      lib/extable.o
  LD      drivers/gpu/vga/built-in.o
Android GCC has been deprecated in favor of Clang, and will be removed from
Android in 2020-01 as per the deprecation plan in:
https://android.googlesource.com/platform/prebuilts/clang/host/linux-x86/+/master/GCC_4_9_DEPRECATION.md


Android GCC has been deprecated in favor of Clang, and will be removed from
Android in 2020-01 as per the deprecation plan in:
https://android.googlesource.com/platform/prebuilts/clang/host/linux-x86/+/master/GCC_4_9_DEPRECATION.md


  CC      fs/cifs/cifs_debug.o
Android GCC has been deprecated in favor of Clang, and will be removed from
Android in 2020-01 as per the deprecation plan in:
https://android.googlesource.com/platform/prebuilts/clang/host/linux-x86/+/master/GCC_4_9_DEPRECATION.md


Android GCC has been deprecated in favor of Clang, and will be removed from
Android in 2020-01 as per the deprecation plan in:
https://android.googlesource.com/platform/prebuilts/clang/host/linux-x86/+/master/GCC_4_9_DEPRECATION.md


  CC      net/ipv6/sysctl_net_ipv6.o
Android GCC has been deprecated in favor of Clang, and will be removed from
Android in 2020-01 as per the deprecation plan in:
https://android.googlesource.com/platform/prebuilts/clang/host/linux-x86/+/master/GCC_4_9_DEPRECATION.md


  CC      drivers/gpu/ion/ion_cma_heap.o
  CC      kernel/time/clocksource.o
  LD      net/wireless/cfg80211.o
Android GCC has been deprecated in favor of Clang, and will be removed from
Android in 2020-01 as per the deprecation plan in:
https://android.googlesource.com/platform/prebuilts/clang/host/linux-x86/+/master/GCC_4_9_DEPRECATION.md


Android GCC has been deprecated in favor of Clang, and will be removed from
Android in 2020-01 as per the deprecation plan in:
https://android.googlesource.com/platform/prebuilts/clang/host/linux-x86/+/master/GCC_4_9_DEPRECATION.md


Android GCC has been deprecated in favor of Clang, and will be removed from
Android in 2020-01 as per the deprecation plan in:
https://android.googlesource.com/platform/prebuilts/clang/host/linux-x86/+/master/GCC_4_9_DEPRECATION.md


  CC      net/ipv6/xfrm6_policy.o
Android GCC has been deprecated in favor of Clang, and will be removed from
Android in 2020-01 as per the deprecation plan in:
https://android.googlesource.com/platform/prebuilts/clang/host/linux-x86/+/master/GCC_4_9_DEPRECATION.md


  LD      net/wireless/built-in.o
Android GCC has been deprecated in favor of Clang, and will be removed from
Android in 2020-01 as per the deprecation plan in:
https://android.googlesource.com/platform/prebuilts/clang/host/linux-x86/+/master/GCC_4_9_DEPRECATION.md


  CC      lib/flex_proportions.o
  CC      kernel/irq/resend.o
  LD      drivers/gud/gud-exynos5433/sec-os-booster/built-in.o
Android GCC has been deprecated in favor of Clang, and will be removed from
Android in 2020-01 as per the deprecation plan in:
https://android.googlesource.com/platform/prebuilts/clang/host/linux-x86/+/master/GCC_4_9_DEPRECATION.md


  LD      drivers/gud/gud-exynos5433/mcKernelApi.o
  CC      sound/usb/proc.o
Android GCC has been deprecated in favor of Clang, and will be removed from
Android in 2020-01 as per the deprecation plan in:
https://android.googlesource.com/platform/prebuilts/clang/host/linux-x86/+/master/GCC_4_9_DEPRECATION.md


Android GCC has been deprecated in favor of Clang, and will be removed from
Android in 2020-01 as per the deprecation plan in:
https://android.googlesource.com/platform/prebuilts/clang/host/linux-x86/+/master/GCC_4_9_DEPRECATION.md


  LD      drivers/gud/gud-exynos5433/mcDrvModule.o
Android GCC has been deprecated in favor of Clang, and will be removed from
Android in 2020-01 as per the deprecation plan in:
https://android.googlesource.com/platform/prebuilts/clang/host/linux-x86/+/master/GCC_4_9_DEPRECATION.md


  CC      kernel/events/callchain.o
  LD      drivers/gud/gud-exynos5433/built-in.o
Android GCC has been deprecated in favor of Clang, and will be removed from
Android in 2020-01 as per the deprecation plan in:
https://android.googlesource.com/platform/prebuilts/clang/host/linux-x86/+/master/GCC_4_9_DEPRECATION.md


  LD      drivers/gud/built-in.o
  LD      net/netfilter/nf_conntrack.o
  CC      net/ipv6/xfrm6_state.o
Android GCC has been deprecated in favor of Clang, and will be removed from
Android in 2020-01 as per the deprecation plan in:
https://android.googlesource.com/platform/prebuilts/clang/host/linux-x86/+/master/GCC_4_9_DEPRECATION.md


  CC      net/netfilter/nf_conntrack_proto_dccp.o
  CC      kernel/irq/chip.o
  CC      drivers/i2c/busses/i2c-s3c2410.o
  CC      sound/soc/samsung/i2s.o
  CC      kernel/power/suspend.o
  CC      kernel/sched/cputime.o
Android GCC has been deprecated in favor of Clang, and will be removed from
Android in 2020-01 as per the deprecation plan in:
https://android.googlesource.com/platform/prebuilts/clang/host/linux-x86/+/master/GCC_4_9_DEPRECATION.md


Android GCC has been deprecated in favor of Clang, and will be removed from
Android in 2020-01 as per the deprecation plan in:
https://android.googlesource.com/platform/prebuilts/clang/host/linux-x86/+/master/GCC_4_9_DEPRECATION.md


Android GCC has been deprecated in favor of Clang, and will be removed from
Android in 2020-01 as per the deprecation plan in:
https://android.googlesource.com/platform/prebuilts/clang/host/linux-x86/+/master/GCC_4_9_DEPRECATION.md


Android GCC has been deprecated in favor of Clang, and will be removed from
Android in 2020-01 as per the deprecation plan in:
https://android.googlesource.com/platform/prebuilts/clang/host/linux-x86/+/master/GCC_4_9_DEPRECATION.md


Android GCC has been deprecated in favor of Clang, and will be removed from
Android in 2020-01 as per the deprecation plan in:
https://android.googlesource.com/platform/prebuilts/clang/host/linux-x86/+/master/GCC_4_9_DEPRECATION.md


Android GCC has been deprecated in favor of Clang, and will be removed from
Android in 2020-01 as per the deprecation plan in:
https://android.googlesource.com/platform/prebuilts/clang/host/linux-x86/+/master/GCC_4_9_DEPRECATION.md


  CC      lib/idr.o
  CC      drivers/gpu/ion/exynos/exynos_ion.o
Android GCC has been deprecated in favor of Clang, and will be removed from
Android in 2020-01 as per the deprecation plan in:
https://android.googlesource.com/platform/prebuilts/clang/host/linux-x86/+/master/GCC_4_9_DEPRECATION.md


Android GCC has been deprecated in favor of Clang, and will be removed from
Android in 2020-01 as per the deprecation plan in:
https://android.googlesource.com/platform/prebuilts/clang/host/linux-x86/+/master/GCC_4_9_DEPRECATION.md


  CC      net/netfilter/nf_conntrack_proto_gre.o
Android GCC has been deprecated in favor of Clang, and will be removed from
Android in 2020-01 as per the deprecation plan in:
https://android.googlesource.com/platform/prebuilts/clang/host/linux-x86/+/master/GCC_4_9_DEPRECATION.md


Android GCC has been deprecated in favor of Clang, and will be removed from
Android in 2020-01 as per the deprecation plan in:
https://android.googlesource.com/platform/prebuilts/clang/host/linux-x86/+/master/GCC_4_9_DEPRECATION.md


Android GCC has been deprecated in favor of Clang, and will be removed from
Android in 2020-01 as per the deprecation plan in:
https://android.googlesource.com/platform/prebuilts/clang/host/linux-x86/+/master/GCC_4_9_DEPRECATION.md


Android GCC has been deprecated in favor of Clang, and will be removed from
Android in 2020-01 as per the deprecation plan in:
https://android.googlesource.com/platform/prebuilts/clang/host/linux-x86/+/master/GCC_4_9_DEPRECATION.md


  CC      drivers/hid/hidraw.o
Android GCC has been deprecated in favor of Clang, and will be removed from
Android in 2020-01 as per the deprecation plan in:
https://android.googlesource.com/platform/prebuilts/clang/host/linux-x86/+/master/GCC_4_9_DEPRECATION.md


  CC      kernel/power/autosleep.o
  CC      kernel/time/jiffies.o
Android GCC has been deprecated in favor of Clang, and will be removed from
Android in 2020-01 as per the deprecation plan in:
https://android.googlesource.com/platform/prebuilts/clang/host/linux-x86/+/master/GCC_4_9_DEPRECATION.md


  CC      kernel/time/timer_list.o
Android GCC has been deprecated in favor of Clang, and will be removed from
Android in 2020-01 as per the deprecation plan in:
https://android.googlesource.com/platform/prebuilts/clang/host/linux-x86/+/master/GCC_4_9_DEPRECATION.md


Android GCC has been deprecated in favor of Clang, and will be removed from
Android in 2020-01 as per the deprecation plan in:
https://android.googlesource.com/platform/prebuilts/clang/host/linux-x86/+/master/GCC_4_9_DEPRECATION.md


  CC      sound/usb/quirks.o
Android GCC has been deprecated in favor of Clang, and will be removed from
Android in 2020-01 as per the deprecation plan in:
https://android.googlesource.com/platform/prebuilts/clang/host/linux-x86/+/master/GCC_4_9_DEPRECATION.md


Android GCC has been deprecated in favor of Clang, and will be removed from
Android in 2020-01 as per the deprecation plan in:
https://android.googlesource.com/platform/prebuilts/clang/host/linux-x86/+/master/GCC_4_9_DEPRECATION.md


  CC      drivers/gpu/arm/t7xx/r22p0/mali_kbase_js_ctx_attr.o
  CC      kernel/bpf/helpers.o
Android GCC has been deprecated in favor of Clang, and will be removed from
Android in 2020-01 as per the deprecation plan in:
https://android.googlesource.com/platform/prebuilts/clang/host/linux-x86/+/master/GCC_4_9_DEPRECATION.md


Android GCC has been deprecated in favor of Clang, and will be removed from
Android in 2020-01 as per the deprecation plan in:
https://android.googlesource.com/platform/prebuilts/clang/host/linux-x86/+/master/GCC_4_9_DEPRECATION.md


  CC      kernel/bpf/hashtab.o
  CC      net/ipv4/tcp_fastopen.o
Android GCC has been deprecated in favor of Clang, and will be removed from
Android in 2020-01 as per the deprecation plan in:
https://android.googlesource.com/platform/prebuilts/clang/host/linux-x86/+/master/GCC_4_9_DEPRECATION.md


Android GCC has been deprecated in favor of Clang, and will be removed from
Android in 2020-01 as per the deprecation plan in:
https://android.googlesource.com/platform/prebuilts/clang/host/linux-x86/+/master/GCC_4_9_DEPRECATION.md


Android GCC has been deprecated in favor of Clang, and will be removed from
Android in 2020-01 as per the deprecation plan in:
https://android.googlesource.com/platform/prebuilts/clang/host/linux-x86/+/master/GCC_4_9_DEPRECATION.md


  CC      kernel/events/hw_breakpoint.o
Android GCC has been deprecated in favor of Clang, and will be removed from
Android in 2020-01 as per the deprecation plan in:
https://android.googlesource.com/platform/prebuilts/clang/host/linux-x86/+/master/GCC_4_9_DEPRECATION.md


Android GCC has been deprecated in favor of Clang, and will be removed from
Android in 2020-01 as per the deprecation plan in:
https://android.googlesource.com/platform/prebuilts/clang/host/linux-x86/+/master/GCC_4_9_DEPRECATION.md


Android GCC has been deprecated in favor of Clang, and will be removed from
Android in 2020-01 as per the deprecation plan in:
https://android.googlesource.com/platform/prebuilts/clang/host/linux-x86/+/master/GCC_4_9_DEPRECATION.md


Android GCC has been deprecated in favor of Clang, and will be removed from
Android in 2020-01 as per the deprecation plan in:
https://android.googlesource.com/platform/prebuilts/clang/host/linux-x86/+/master/GCC_4_9_DEPRECATION.md


  CC      net/ipv6/xfrm6_input.o
  LD      drivers/i2c/busses/built-in.o
Android GCC has been deprecated in favor of Clang, and will be removed from
Android in 2020-01 as per the deprecation plan in:
https://android.googlesource.com/platform/prebuilts/clang/host/linux-x86/+/master/GCC_4_9_DEPRECATION.md


  CC      mm/migrate.o
  LD      drivers/i2c/built-in.o
Android GCC has been deprecated in favor of Clang, and will be removed from
Android in 2020-01 as per the deprecation plan in:
https://android.googlesource.com/platform/prebuilts/clang/host/linux-x86/+/master/GCC_4_9_DEPRECATION.md


Android GCC has been deprecated in favor of Clang, and will be removed from
Android in 2020-01 as per the deprecation plan in:
https://android.googlesource.com/platform/prebuilts/clang/host/linux-x86/+/master/GCC_4_9_DEPRECATION.md


  CC      net/netfilter/nf_conntrack_proto_sctp.o
  CC      kernel/power/wakelock.o
  CC      kernel/irq/dummychip.o
Android GCC has been deprecated in favor of Clang, and will be removed from
Android in 2020-01 as per the deprecation plan in:
https://android.googlesource.com/platform/prebuilts/clang/host/linux-x86/+/master/GCC_4_9_DEPRECATION.md


Android GCC has been deprecated in favor of Clang, and will be removed from
Android in 2020-01 as per the deprecation plan in:
https://android.googlesource.com/platform/prebuilts/clang/host/linux-x86/+/master/GCC_4_9_DEPRECATION.md


  CC      net/netfilter/nf_conntrack_proto_udplite.o
Android GCC has been deprecated in favor of Clang, and will be removed from
Android in 2020-01 as per the deprecation plan in:
https://android.googlesource.com/platform/prebuilts/clang/host/linux-x86/+/master/GCC_4_9_DEPRECATION.md


Android GCC has been deprecated in favor of Clang, and will be removed from
Android in 2020-01 as per the deprecation plan in:
https://android.googlesource.com/platform/prebuilts/clang/host/linux-x86/+/master/GCC_4_9_DEPRECATION.md


  CC      kernel/irq/devres.o
Android GCC has been deprecated in favor of Clang, and will be removed from
Android in 2020-01 as per the deprecation plan in:
https://android.googlesource.com/platform/prebuilts/clang/host/linux-x86/+/master/GCC_4_9_DEPRECATION.md


Android GCC has been deprecated in favor of Clang, and will be removed from
Android in 2020-01 as per the deprecation plan in:
https://android.googlesource.com/platform/prebuilts/clang/host/linux-x86/+/master/GCC_4_9_DEPRECATION.md


  CC      lib/int_sqrt.o
Android GCC has been deprecated in favor of Clang, and will be removed from
Android in 2020-01 as per the deprecation plan in:
https://android.googlesource.com/platform/prebuilts/clang/host/linux-x86/+/master/GCC_4_9_DEPRECATION.md


Android GCC has been deprecated in favor of Clang, and will be removed from
Android in 2020-01 as per the deprecation plan in:
https://android.googlesource.com/platform/prebuilts/clang/host/linux-x86/+/master/GCC_4_9_DEPRECATION.md


  CC      lib/ioremap.o
  CC      kernel/trace/trace_clock.o
  CC      kernel/time/timeconv.o
Android GCC has been deprecated in favor of Clang, and will be removed from
Android in 2020-01 as per the deprecation plan in:
https://android.googlesource.com/platform/prebuilts/clang/host/linux-x86/+/master/GCC_4_9_DEPRECATION.md


Android GCC has been deprecated in favor of Clang, and will be removed from
Android in 2020-01 as per the deprecation plan in:
https://android.googlesource.com/platform/prebuilts/clang/host/linux-x86/+/master/GCC_4_9_DEPRECATION.md


Android GCC has been deprecated in favor of Clang, and will be removed from
Android in 2020-01 as per the deprecation plan in:
https://android.googlesource.com/platform/prebuilts/clang/host/linux-x86/+/master/GCC_4_9_DEPRECATION.md


  CC      drivers/gpu/arm/t7xx/r22p0/mali_kbase_event.o
  CC      drivers/hid/uhid.o
Android GCC has been deprecated in favor of Clang, and will be removed from
Android in 2020-01 as per the deprecation plan in:
https://android.googlesource.com/platform/prebuilts/clang/host/linux-x86/+/master/GCC_4_9_DEPRECATION.md


Android GCC has been deprecated in favor of Clang, and will be removed from
Android in 2020-01 as per the deprecation plan in:
https://android.googlesource.com/platform/prebuilts/clang/host/linux-x86/+/master/GCC_4_9_DEPRECATION.md


Android GCC has been deprecated in favor of Clang, and will be removed from
Android in 2020-01 as per the deprecation plan in:
https://android.googlesource.com/platform/prebuilts/clang/host/linux-x86/+/master/GCC_4_9_DEPRECATION.md


  CC      drivers/gpu/arm/t7xx/r22p0/mali_kbase_context.o
  CC      fs/cifs/connect.o
In file included from include/trace/define_trace.h:86:0,
                 from include/trace/events/migrate.h:51,
                 from mm/migrate.c:45:
include/trace/events/migrate.h: In function 'perf_trace_mm_migrate_pages':
include/trace/ftrace.h:653:6: warning: unused variable '__addr' [-Wunused-variable]
  u64 __addr = 0, __count = 1;     \
      ^
include/trace/ftrace.h:32:2: note: in expansion of macro 'DECLARE_EVENT_CLASS'
  DECLARE_EVENT_CLASS(name,          \
  ^
include/trace/events/migrate.h:20:1: note: in expansion of macro 'TRACE_EVENT'
 TRACE_EVENT(mm_migrate_pages,
 ^
  CC      kernel/time/posix-clock.o
Android GCC has been deprecated in favor of Clang, and will be removed from
Android in 2020-01 as per the deprecation plan in:
https://android.googlesource.com/platform/prebuilts/clang/host/linux-x86/+/master/GCC_4_9_DEPRECATION.md


  CC      drivers/hid/hid-generic.o
Android GCC has been deprecated in favor of Clang, and will be removed from
Android in 2020-01 as per the deprecation plan in:
https://android.googlesource.com/platform/prebuilts/clang/host/linux-x86/+/master/GCC_4_9_DEPRECATION.md


Android GCC has been deprecated in favor of Clang, and will be removed from
Android in 2020-01 as per the deprecation plan in:
https://android.googlesource.com/platform/prebuilts/clang/host/linux-x86/+/master/GCC_4_9_DEPRECATION.md


  CC      sound/usb/stream.o
Android GCC has been deprecated in favor of Clang, and will be removed from
Android in 2020-01 as per the deprecation plan in:
https://android.googlesource.com/platform/prebuilts/clang/host/linux-x86/+/master/GCC_4_9_DEPRECATION.md


Android GCC has been deprecated in favor of Clang, and will be removed from
Android in 2020-01 as per the deprecation plan in:
https://android.googlesource.com/platform/prebuilts/clang/host/linux-x86/+/master/GCC_4_9_DEPRECATION.md


Android GCC has been deprecated in favor of Clang, and will be removed from
Android in 2020-01 as per the deprecation plan in:
https://android.googlesource.com/platform/prebuilts/clang/host/linux-x86/+/master/GCC_4_9_DEPRECATION.md


Android GCC has been deprecated in favor of Clang, and will be removed from
Android in 2020-01 as per the deprecation plan in:
https://android.googlesource.com/platform/prebuilts/clang/host/linux-x86/+/master/GCC_4_9_DEPRECATION.md


Android GCC has been deprecated in favor of Clang, and will be removed from
Android in 2020-01 as per the deprecation plan in:
https://android.googlesource.com/platform/prebuilts/clang/host/linux-x86/+/master/GCC_4_9_DEPRECATION.md


Android GCC has been deprecated in favor of Clang, and will be removed from
Android in 2020-01 as per the deprecation plan in:
https://android.googlesource.com/platform/prebuilts/clang/host/linux-x86/+/master/GCC_4_9_DEPRECATION.md


Android GCC has been deprecated in favor of Clang, and will be removed from
Android in 2020-01 as per the deprecation plan in:
https://android.googlesource.com/platform/prebuilts/clang/host/linux-x86/+/master/GCC_4_9_DEPRECATION.md


  CC      kernel/power/suspend_time.o
Android GCC has been deprecated in favor of Clang, and will be removed from
Android in 2020-01 as per the deprecation plan in:
https://android.googlesource.com/platform/prebuilts/clang/host/linux-x86/+/master/GCC_4_9_DEPRECATION.md


  CC      sound/soc/samsung/lpass.o
Android GCC has been deprecated in favor of Clang, and will be removed from
Android in 2020-01 as per the deprecation plan in:
https://android.googlesource.com/platform/prebuilts/clang/host/linux-x86/+/master/GCC_4_9_DEPRECATION.md


  CC      drivers/hid/hid-a4tech.o
  CC      net/ipv4/datagram.o
Android GCC has been deprecated in favor of Clang, and will be removed from
Android in 2020-01 as per the deprecation plan in:
https://android.googlesource.com/platform/prebuilts/clang/host/linux-x86/+/master/GCC_4_9_DEPRECATION.md


Android GCC has been deprecated in favor of Clang, and will be removed from
Android in 2020-01 as per the deprecation plan in:
https://android.googlesource.com/platform/prebuilts/clang/host/linux-x86/+/master/GCC_4_9_DEPRECATION.md

Android GCC has been deprecated in favor of Clang, and will be removed from
Android in 2020-01 as per the deprecation plan in:
https://android.googlesource.com/platform/prebuilts/clang/host/linux-x86/+/master/GCC_4_9_DEPRECATION.md



Android GCC has been deprecated in favor of Clang, and will be removed from
Android in 2020-01 as per the deprecation plan in:
https://android.googlesource.com/platform/prebuilts/clang/host/linux-x86/+/master/GCC_4_9_DEPRECATION.md


Android GCC has been deprecated in favor of Clang, and will be removed from
Android in 2020-01 as per the deprecation plan in:
https://android.googlesource.com/platform/prebuilts/clang/host/linux-x86/+/master/GCC_4_9_DEPRECATION.md


  CC      kernel/irq/generic-chip.o
  CC      kernel/freezer.o
  CC      kernel/trace/ring_buffer.o
Android GCC has been deprecated in favor of Clang, and will be removed from
Android in 2020-01 as per the deprecation plan in:
https://android.googlesource.com/platform/prebuilts/clang/host/linux-x86/+/master/GCC_4_9_DEPRECATION.md


Android GCC has been deprecated in favor of Clang, and will be removed from
Android in 2020-01 as per the deprecation plan in:
https://android.googlesource.com/platform/prebuilts/clang/host/linux-x86/+/master/GCC_4_9_DEPRECATION.md


Android GCC has been deprecated in favor of Clang, and will be removed from
Android in 2020-01 as per the deprecation plan in:
https://android.googlesource.com/platform/prebuilts/clang/host/linux-x86/+/master/GCC_4_9_DEPRECATION.md


  LD      drivers/gpu/ion/exynos/built-in.o
  LD      drivers/gpu/ion/built-in.o
  CC      kernel/time/alarmtimer.o
  CC      kernel/trace/trace.o
  CC      kernel/power/poweroff.o
Android GCC has been deprecated in favor of Clang, and will be removed from
Android in 2020-01 as per the deprecation plan in:
https://android.googlesource.com/platform/prebuilts/clang/host/linux-x86/+/master/GCC_4_9_DEPRECATION.md


  CC      lib/irq_regs.o
Android GCC has been deprecated in favor of Clang, and will be removed from
Android in 2020-01 as per the deprecation plan in:
https://android.googlesource.com/platform/prebuilts/clang/host/linux-x86/+/master/GCC_4_9_DEPRECATION.md


Android GCC has been deprecated in favor of Clang, and will be removed from
Android in 2020-01 as per the deprecation plan in:
https://android.googlesource.com/platform/prebuilts/clang/host/linux-x86/+/master/GCC_4_9_DEPRECATION.md


  CC      drivers/gpu/arm/t7xx/r22p0/mali_kbase_pm.o
Android GCC has been deprecated in favor of Clang, and will be removed from
Android in 2020-01 as per the deprecation plan in:
https://android.googlesource.com/platform/prebuilts/clang/host/linux-x86/+/master/GCC_4_9_DEPRECATION.md


  LD      kernel/events/built-in.o
Android GCC has been deprecated in favor of Clang, and will be removed from
Android in 2020-01 as per the deprecation plan in:
https://android.googlesource.com/platform/prebuilts/clang/host/linux-x86/+/master/GCC_4_9_DEPRECATION.md


Android GCC has been deprecated in favor of Clang, and will be removed from
Android in 2020-01 as per the deprecation plan in:
https://android.googlesource.com/platform/prebuilts/clang/host/linux-x86/+/master/GCC_4_9_DEPRECATION.md


  CC      drivers/iio/industrialio-core.o
  CC      net/ipv4/raw.o
  CC      net/netfilter/nf_conntrack_netlink.o
  CC      net/ipv4/udp.o
Android GCC has been deprecated in favor of Clang, and will be removed from
Android in 2020-01 as per the deprecation plan in:
https://android.googlesource.com/platform/prebuilts/clang/host/linux-x86/+/master/GCC_4_9_DEPRECATION.md


Android GCC has been deprecated in favor of Clang, and will be removed from
Android in 2020-01 as per the deprecation plan in:
https://android.googlesource.com/platform/prebuilts/clang/host/linux-x86/+/master/GCC_4_9_DEPRECATION.md


Android GCC has been deprecated in favor of Clang, and will be removed from
Android in 2020-01 as per the deprecation plan in:
https://android.googlesource.com/platform/prebuilts/clang/host/linux-x86/+/master/GCC_4_9_DEPRECATION.md


Android GCC has been deprecated in favor of Clang, and will be removed from
Android in 2020-01 as per the deprecation plan in:
https://android.googlesource.com/platform/prebuilts/clang/host/linux-x86/+/master/GCC_4_9_DEPRECATION.md


Android GCC has been deprecated in favor of Clang, and will be removed from
Android in 2020-01 as per the deprecation plan in:
https://android.googlesource.com/platform/prebuilts/clang/host/linux-x86/+/master/GCC_4_9_DEPRECATION.md


  CC      sound/soc/samsung/pacific_arizona.o
  CC      kernel/power/wakeup_reason.o
Android GCC has been deprecated in favor of Clang, and will be removed from
Android in 2020-01 as per the deprecation plan in:
https://android.googlesource.com/platform/prebuilts/clang/host/linux-x86/+/master/GCC_4_9_DEPRECATION.md


Android GCC has been deprecated in favor of Clang, and will be removed from
Android in 2020-01 as per the deprecation plan in:
https://android.googlesource.com/platform/prebuilts/clang/host/linux-x86/+/master/GCC_4_9_DEPRECATION.md


Android GCC has been deprecated in favor of Clang, and will be removed from
Android in 2020-01 as per the deprecation plan in:
https://android.googlesource.com/platform/prebuilts/clang/host/linux-x86/+/master/GCC_4_9_DEPRECATION.md


  CC      lib/is_single_threaded.o
Android GCC has been deprecated in favor of Clang, and will be removed from
Android in 2020-01 as per the deprecation plan in:
https://android.googlesource.com/platform/prebuilts/clang/host/linux-x86/+/master/GCC_4_9_DEPRECATION.md


Android GCC has been deprecated in favor of Clang, and will be removed from
Android in 2020-01 as per the deprecation plan in:
https://android.googlesource.com/platform/prebuilts/clang/host/linux-x86/+/master/GCC_4_9_DEPRECATION.md


Android GCC has been deprecated in favor of Clang, and will be removed from
Android in 2020-01 as per the deprecation plan in:
https://android.googlesource.com/platform/prebuilts/clang/host/linux-x86/+/master/GCC_4_9_DEPRECATION.md


Android GCC has been deprecated in favor of Clang, and will be removed from
Android in 2020-01 as per the deprecation plan in:
https://android.googlesource.com/platform/prebuilts/clang/host/linux-x86/+/master/GCC_4_9_DEPRECATION.md


  CC      drivers/hid/hid-axff.o
  CC      net/ipv6/xfrm6_output.o
Android GCC has been deprecated in favor of Clang, and will be removed from
Android in 2020-01 as per the deprecation plan in:
https://android.googlesource.com/platform/prebuilts/clang/host/linux-x86/+/master/GCC_4_9_DEPRECATION.md


Android GCC has been deprecated in favor of Clang, and will be removed from
Android in 2020-01 as per the deprecation plan in:
https://android.googlesource.com/platform/prebuilts/clang/host/linux-x86/+/master/GCC_4_9_DEPRECATION.md


  CC      kernel/bpf/arraymap.o
  CC      sound/usb/midi.o
Android GCC has been deprecated in favor of Clang, and will be removed from
Android in 2020-01 as per the deprecation plan in:
https://android.googlesource.com/platform/prebuilts/clang/host/linux-x86/+/master/GCC_4_9_DEPRECATION.md


Android GCC has been deprecated in favor of Clang, and will be removed from
Android in 2020-01 as per the deprecation plan in:
https://android.googlesource.com/platform/prebuilts/clang/host/linux-x86/+/master/GCC_4_9_DEPRECATION.md


Android GCC has been deprecated in favor of Clang, and will be removed from
Android in 2020-01 as per the deprecation plan in:
https://android.googlesource.com/platform/prebuilts/clang/host/linux-x86/+/master/GCC_4_9_DEPRECATION.md


  CC      drivers/hid/hid-apple.o
Android GCC has been deprecated in favor of Clang, and will be removed from
Android in 2020-01 as per the deprecation plan in:
https://android.googlesource.com/platform/prebuilts/clang/host/linux-x86/+/master/GCC_4_9_DEPRECATION.md


  CC      kernel/irq/autoprobe.o
Android GCC has been deprecated in favor of Clang, and will be removed from
Android in 2020-01 as per the deprecation plan in:
https://android.googlesource.com/platform/prebuilts/clang/host/linux-x86/+/master/GCC_4_9_DEPRECATION.md


  CC      lib/klist.o
Android GCC has been deprecated in favor of Clang, and will be removed from
Android in 2020-01 as per the deprecation plan in:
https://android.googlesource.com/platform/prebuilts/clang/host/linux-x86/+/master/GCC_4_9_DEPRECATION.md


  CC      kernel/bpf/percpu_freelist.o
Android GCC has been deprecated in favor of Clang, and will be removed from
Android in 2020-01 as per the deprecation plan in:
https://android.googlesource.com/platform/prebuilts/clang/host/linux-x86/+/master/GCC_4_9_DEPRECATION.md


  CC      mm/page_isolation.o
  CC      net/ipv6/netfilter.o
  CC      drivers/gpu/arm/t7xx/r22p0/mali_kbase_config.o
Android GCC has been deprecated in favor of Clang, and will be removed from
Android in 2020-01 as per the deprecation plan in:
https://android.googlesource.com/platform/prebuilts/clang/host/linux-x86/+/master/GCC_4_9_DEPRECATION.md


Android GCC has been deprecated in favor of Clang, and will be removed from
Android in 2020-01 as per the deprecation plan in:
https://android.googlesource.com/platform/prebuilts/clang/host/linux-x86/+/master/GCC_4_9_DEPRECATION.md


Android GCC has been deprecated in favor of Clang, and will be removed from
Android in 2020-01 as per the deprecation plan in:
https://android.googlesource.com/platform/prebuilts/clang/host/linux-x86/+/master/GCC_4_9_DEPRECATION.md


Android GCC has been deprecated in favor of Clang, and will be removed from
Android in 2020-01 as per the deprecation plan in:
https://android.googlesource.com/platform/prebuilts/clang/host/linux-x86/+/master/GCC_4_9_DEPRECATION.md


  CC      net/ipv6/fib6_rules.o
  CC      kernel/time/clockevents.o
  CC      drivers/iio/industrialio-event.o
Android GCC has been deprecated in favor of Clang, and will be removed from
Android in 2020-01 as per the deprecation plan in:
https://android.googlesource.com/platform/prebuilts/clang/host/linux-x86/+/master/GCC_4_9_DEPRECATION.md


  LD      kernel/power/built-in.o
Android GCC has been deprecated in favor of Clang, and will be removed from
Android in 2020-01 as per the deprecation plan in:
https://android.googlesource.com/platform/prebuilts/clang/host/linux-x86/+/master/GCC_4_9_DEPRECATION.md


Android GCC has been deprecated in favor of Clang, and will be removed from
Android in 2020-01 as per the deprecation plan in:
https://android.googlesource.com/platform/prebuilts/clang/host/linux-x86/+/master/GCC_4_9_DEPRECATION.md


  CC      kernel/sched/idle_task.o
Android GCC has been deprecated in favor of Clang, and will be removed from
Android in 2020-01 as per the deprecation plan in:
https://android.googlesource.com/platform/prebuilts/clang/host/linux-x86/+/master/GCC_4_9_DEPRECATION.md


  CC      net/ipv4/udplite.o
Android GCC has been deprecated in favor of Clang, and will be removed from
Android in 2020-01 as per the deprecation plan in:
https://android.googlesource.com/platform/prebuilts/clang/host/linux-x86/+/master/GCC_4_9_DEPRECATION.md


Android GCC has been deprecated in favor of Clang, and will be removed from
Android in 2020-01 as per the deprecation plan in:
https://android.googlesource.com/platform/prebuilts/clang/host/linux-x86/+/master/GCC_4_9_DEPRECATION.md


  CC      kernel/trace/trace_output.o
Android GCC has been deprecated in favor of Clang, and will be removed from
Android in 2020-01 as per the deprecation plan in:
https://android.googlesource.com/platform/prebuilts/clang/host/linux-x86/+/master/GCC_4_9_DEPRECATION.md


Android GCC has been deprecated in favor of Clang, and will be removed from
Android in 2020-01 as per the deprecation plan in:
https://android.googlesource.com/platform/prebuilts/clang/host/linux-x86/+/master/GCC_4_9_DEPRECATION.md


Android GCC has been deprecated in favor of Clang, and will be removed from
Android in 2020-01 as per the deprecation plan in:
https://android.googlesource.com/platform/prebuilts/clang/host/linux-x86/+/master/GCC_4_9_DEPRECATION.md


  CC      drivers/hid/hid-belkin.o
Android GCC has been deprecated in favor of Clang, and will be removed from
Android in 2020-01 as per the deprecation plan in:
https://android.googlesource.com/platform/prebuilts/clang/host/linux-x86/+/master/GCC_4_9_DEPRECATION.md


  CC      kernel/irq/irqdomain.o
Android GCC has been deprecated in favor of Clang, and will be removed from
Android in 2020-01 as per the deprecation plan in:
https://android.googlesource.com/platform/prebuilts/clang/host/linux-x86/+/master/GCC_4_9_DEPRECATION.md


  CC      mm/zsmalloc.o
Android GCC has been deprecated in favor of Clang, and will be removed from
Android in 2020-01 as per the deprecation plan in:
https://android.googlesource.com/platform/prebuilts/clang/host/linux-x86/+/master/GCC_4_9_DEPRECATION.md


  CC      drivers/iio/inkern.o
  CC      kernel/sched/fair.o
Android GCC has been deprecated in favor of Clang, and will be removed from
Android in 2020-01 as per the deprecation plan in:
https://android.googlesource.com/platform/prebuilts/clang/host/linux-x86/+/master/GCC_4_9_DEPRECATION.md


  CC      lib/kobject.o
Android GCC has been deprecated in favor of Clang, and will be removed from
Android in 2020-01 as per the deprecation plan in:
https://android.googlesource.com/platform/prebuilts/clang/host/linux-x86/+/master/GCC_4_9_DEPRECATION.md


Android GCC has been deprecated in favor of Clang, and will be removed from
Android in 2020-01 as per the deprecation plan in:
https://android.googlesource.com/platform/prebuilts/clang/host/linux-x86/+/master/GCC_4_9_DEPRECATION.md


Android GCC has been deprecated in favor of Clang, and will be removed from
Android in 2020-01 as per the deprecation plan in:
https://android.googlesource.com/platform/prebuilts/clang/host/linux-x86/+/master/GCC_4_9_DEPRECATION.md


  CC      drivers/gpu/arm/t7xx/r22p0/mali_kbase_vinstr.o
Android GCC has been deprecated in favor of Clang, and will be removed from
Android in 2020-01 as per the deprecation plan in:
https://android.googlesource.com/platform/prebuilts/clang/host/linux-x86/+/master/GCC_4_9_DEPRECATION.md


Android GCC has been deprecated in favor of Clang, and will be removed from
Android in 2020-01 as per the deprecation plan in:
https://android.googlesource.com/platform/prebuilts/clang/host/linux-x86/+/master/GCC_4_9_DEPRECATION.md


Android GCC has been deprecated in favor of Clang, and will be removed from
Android in 2020-01 as per the deprecation plan in:
https://android.googlesource.com/platform/prebuilts/clang/host/linux-x86/+/master/GCC_4_9_DEPRECATION.md


  CC      kernel/bpf/bpf_lru_list.o
  CC      drivers/hid/hid-cherry.o
  CC      sound/soc/samsung/pacific_hdmi.o
Android GCC has been deprecated in favor of Clang, and will be removed from
Android in 2020-01 as per the deprecation plan in:
https://android.googlesource.com/platform/prebuilts/clang/host/linux-x86/+/master/GCC_4_9_DEPRECATION.md

  CC      kernel/time/tick-common.o

Android GCC has been deprecated in favor of Clang, and will be removed from
Android in 2020-01 as per the deprecation plan in:
https://android.googlesource.com/platform/prebuilts/clang/host/linux-x86/+/master/GCC_4_9_DEPRECATION.md


Android GCC has been deprecated in favor of Clang, and will be removed from
Android in 2020-01 as per the deprecation plan in:
https://android.googlesource.com/platform/prebuilts/clang/host/linux-x86/+/master/GCC_4_9_DEPRECATION.md


Android GCC has been deprecated in favor of Clang, and will be removed from
Android in 2020-01 as per the deprecation plan in:
https://android.googlesource.com/platform/prebuilts/clang/host/linux-x86/+/master/GCC_4_9_DEPRECATION.md


Android GCC has been deprecated in favor of Clang, and will be removed from
Android in 2020-01 as per the deprecation plan in:
https://android.googlesource.com/platform/prebuilts/clang/host/linux-x86/+/master/GCC_4_9_DEPRECATION.md


Android GCC has been deprecated in favor of Clang, and will be removed from
Android in 2020-01 as per the deprecation plan in:
https://android.googlesource.com/platform/prebuilts/clang/host/linux-x86/+/master/GCC_4_9_DEPRECATION.md


Android GCC has been deprecated in favor of Clang, and will be removed from
Android in 2020-01 as per the deprecation plan in:
https://android.googlesource.com/platform/prebuilts/clang/host/linux-x86/+/master/GCC_4_9_DEPRECATION.md


Android GCC has been deprecated in favor of Clang, and will be removed from
Android in 2020-01 as per the deprecation plan in:
https://android.googlesource.com/platform/prebuilts/clang/host/linux-x86/+/master/GCC_4_9_DEPRECATION.md


  CC      net/ipv6/proc.o
  CC      drivers/iio/industrialio-buffer.o
Android GCC has been deprecated in favor of Clang, and will be removed from
Android in 2020-01 as per the deprecation plan in:
https://android.googlesource.com/platform/prebuilts/clang/host/linux-x86/+/master/GCC_4_9_DEPRECATION.md


Android GCC has been deprecated in favor of Clang, and will be removed from
Android in 2020-01 as per the deprecation plan in:
https://android.googlesource.com/platform/prebuilts/clang/host/linux-x86/+/master/GCC_4_9_DEPRECATION.md


  LD      sound/soc/snd-soc-core.o
  CC      fs/cifs/dir.o
  CC      drivers/hid/hid-chicony.o
Android GCC has been deprecated in favor of Clang, and will be removed from
Android in 2020-01 as per the deprecation plan in:
https://android.googlesource.com/platform/prebuilts/clang/host/linux-x86/+/master/GCC_4_9_DEPRECATION.md


Android GCC has been deprecated in favor of Clang, and will be removed from
Android in 2020-01 as per the deprecation plan in:
https://android.googlesource.com/platform/prebuilts/clang/host/linux-x86/+/master/GCC_4_9_DEPRECATION.md


Android GCC has been deprecated in favor of Clang, and will be removed from
Android in 2020-01 as per the deprecation plan in:
https://android.googlesource.com/platform/prebuilts/clang/host/linux-x86/+/master/GCC_4_9_DEPRECATION.md


Android GCC has been deprecated in favor of Clang, and will be removed from
Android in 2020-01 as per the deprecation plan in:
https://android.googlesource.com/platform/prebuilts/clang/host/linux-x86/+/master/GCC_4_9_DEPRECATION.md


  CC      drivers/input/input.o
Android GCC has been deprecated in favor of Clang, and will be removed from
Android in 2020-01 as per the deprecation plan in:
https://android.googlesource.com/platform/prebuilts/clang/host/linux-x86/+/master/GCC_4_9_DEPRECATION.md


  CC      drivers/input/input-compat.o
Android GCC has been deprecated in favor of Clang, and will be removed from
Android in 2020-01 as per the deprecation plan in:
https://android.googlesource.com/platform/prebuilts/clang/host/linux-x86/+/master/GCC_4_9_DEPRECATION.md


  CC      net/netfilter/nf_conntrack_amanda.o
Android GCC has been deprecated in favor of Clang, and will be removed from
Android in 2020-01 as per the deprecation plan in:
https://android.googlesource.com/platform/prebuilts/clang/host/linux-x86/+/master/GCC_4_9_DEPRECATION.md


  CC      drivers/input/serio/serio.o
  CC      kernel/bpf/lpm_trie.o
  CC      kernel/time/tick-broadcast.o
Android GCC has been deprecated in favor of Clang, and will be removed from
Android in 2020-01 as per the deprecation plan in:
https://android.googlesource.com/platform/prebuilts/clang/host/linux-x86/+/master/GCC_4_9_DEPRECATION.md


Android GCC has been deprecated in favor of Clang, and will be removed from
Android in 2020-01 as per the deprecation plan in:
https://android.googlesource.com/platform/prebuilts/clang/host/linux-x86/+/master/GCC_4_9_DEPRECATION.md


Android GCC has been deprecated in favor of Clang, and will be removed from
Android in 2020-01 as per the deprecation plan in:
https://android.googlesource.com/platform/prebuilts/clang/host/linux-x86/+/master/GCC_4_9_DEPRECATION.md


Android GCC has been deprecated in favor of Clang, and will be removed from
Android in 2020-01 as per the deprecation plan in:
https://android.googlesource.com/platform/prebuilts/clang/host/linux-x86/+/master/GCC_4_9_DEPRECATION.md


  CC      lib/kobject_uevent.o
Android GCC has been deprecated in favor of Clang, and will be removed from
Android in 2020-01 as per the deprecation plan in:
https://android.googlesource.com/platform/prebuilts/clang/host/linux-x86/+/master/GCC_4_9_DEPRECATION.md


  CC      kernel/irq/proc.o
Android GCC has been deprecated in favor of Clang, and will be removed from
Android in 2020-01 as per the deprecation plan in:
https://android.googlesource.com/platform/prebuilts/clang/host/linux-x86/+/master/GCC_4_9_DEPRECATION.md


Android GCC has been deprecated in favor of Clang, and will be removed from
Android in 2020-01 as per the deprecation plan in:
https://android.googlesource.com/platform/prebuilts/clang/host/linux-x86/+/master/GCC_4_9_DEPRECATION.md


Android GCC has been deprecated in favor of Clang, and will be removed from
Android in 2020-01 as per the deprecation plan in:
https://android.googlesource.com/platform/prebuilts/clang/host/linux-x86/+/master/GCC_4_9_DEPRECATION.md


  CC      drivers/input/serio/serport.o
  CC      sound/soc/samsung/dma.o
Android GCC has been deprecated in favor of Clang, and will be removed from
Android in 2020-01 as per the deprecation plan in:
https://android.googlesource.com/platform/prebuilts/clang/host/linux-x86/+/master/GCC_4_9_DEPRECATION.md


Android GCC has been deprecated in favor of Clang, and will be removed from
Android in 2020-01 as per the deprecation plan in:
https://android.googlesource.com/platform/prebuilts/clang/host/linux-x86/+/master/GCC_4_9_DEPRECATION.md


  CC      drivers/hid/hid-cypress.o
Android GCC has been deprecated in favor of Clang, and will be removed from
Android in 2020-01 as per the deprecation plan in:
https://android.googlesource.com/platform/prebuilts/clang/host/linux-x86/+/master/GCC_4_9_DEPRECATION.md


Android GCC has been deprecated in favor of Clang, and will be removed from
Android in 2020-01 as per the deprecation plan in:
https://android.googlesource.com/platform/prebuilts/clang/host/linux-x86/+/master/GCC_4_9_DEPRECATION.md


  CC      kernel/bpf/map_in_map.o
Android GCC has been deprecated in favor of Clang, and will be removed from
Android in 2020-01 as per the deprecation plan in:
https://android.googlesource.com/platform/prebuilts/clang/host/linux-x86/+/master/GCC_4_9_DEPRECATION.md


Android GCC has been deprecated in favor of Clang, and will be removed from
Android in 2020-01 as per the deprecation plan in:
https://android.googlesource.com/platform/prebuilts/clang/host/linux-x86/+/master/GCC_4_9_DEPRECATION.md


Android GCC has been deprecated in favor of Clang, and will be removed from
Android in 2020-01 as per the deprecation plan in:
https://android.googlesource.com/platform/prebuilts/clang/host/linux-x86/+/master/GCC_4_9_DEPRECATION.md


  LD      sound/usb/snd-usb-audio.o
  LD      sound/usb/snd-usbmidi-lib.o
  CC      net/ipv6/ah6.o
  CC      drivers/input/input-mt.o
Android GCC has been deprecated in favor of Clang, and will be removed from
Android in 2020-01 as per the deprecation plan in:
https://android.googlesource.com/platform/prebuilts/clang/host/linux-x86/+/master/GCC_4_9_DEPRECATION.md


  LD      sound/usb/built-in.o
Android GCC has been deprecated in favor of Clang, and will be removed from
Android in 2020-01 as per the deprecation plan in:
https://android.googlesource.com/platform/prebuilts/clang/host/linux-x86/+/master/GCC_4_9_DEPRECATION.md


  CC      net/ipv6/esp6.o
  CC      fs/configfs/inode.o
Android GCC has been deprecated in favor of Clang, and will be removed from
Android in 2020-01 as per the deprecation plan in:
https://android.googlesource.com/platform/prebuilts/clang/host/linux-x86/+/master/GCC_4_9_DEPRECATION.md


Android GCC has been deprecated in favor of Clang, and will be removed from
Android in 2020-01 as per the deprecation plan in:
https://android.googlesource.com/platform/prebuilts/clang/host/linux-x86/+/master/GCC_4_9_DEPRECATION.md


  LD      mm/built-in.o
  CC      kernel/trace/trace_stat.o
  CC      net/netfilter/nf_conntrack_ftp.o
Android GCC has been deprecated in favor of Clang, and will be removed from
Android in 2020-01 as per the deprecation plan in:
https://android.googlesource.com/platform/prebuilts/clang/host/linux-x86/+/master/GCC_4_9_DEPRECATION.md


Android GCC has been deprecated in favor of Clang, and will be removed from
Android in 2020-01 as per the deprecation plan in:
https://android.googlesource.com/platform/prebuilts/clang/host/linux-x86/+/master/GCC_4_9_DEPRECATION.md


  CC      drivers/gpu/arm/t7xx/r22p0/mali_kbase_softjobs.o
Android GCC has been deprecated in favor of Clang, and will be removed from
Android in 2020-01 as per the deprecation plan in:
https://android.googlesource.com/platform/prebuilts/clang/host/linux-x86/+/master/GCC_4_9_DEPRECATION.md


  CC      kernel/irq/pm.o
Android GCC has been deprecated in favor of Clang, and will be removed from
Android in 2020-01 as per the deprecation plan in:
https://android.googlesource.com/platform/prebuilts/clang/host/linux-x86/+/master/GCC_4_9_DEPRECATION.md


  CC      kernel/profile.o
  CC      net/ipv4/arp.o
Android GCC has been deprecated in favor of Clang, and will be removed from
Android in 2020-01 as per the deprecation plan in:
https://android.googlesource.com/platform/prebuilts/clang/host/linux-x86/+/master/GCC_4_9_DEPRECATION.md


Android GCC has been deprecated in favor of Clang, and will be removed from
Android in 2020-01 as per the deprecation plan in:
https://android.googlesource.com/platform/prebuilts/clang/host/linux-x86/+/master/GCC_4_9_DEPRECATION.md


Android GCC has been deprecated in favor of Clang, and will be removed from
Android in 2020-01 as per the deprecation plan in:
https://android.googlesource.com/platform/prebuilts/clang/host/linux-x86/+/master/GCC_4_9_DEPRECATION.md


Android GCC has been deprecated in favor of Clang, and will be removed from
Android in 2020-01 as per the deprecation plan in:
https://android.googlesource.com/platform/prebuilts/clang/host/linux-x86/+/master/GCC_4_9_DEPRECATION.md


  CC      fs/cramfs/inode.o
  CC      drivers/hid/hid-dr.o
  CC      drivers/iio/industrialio-trigger.o
Android GCC has been deprecated in favor of Clang, and will be removed from
Android in 2020-01 as per the deprecation plan in:
https://android.googlesource.com/platform/prebuilts/clang/host/linux-x86/+/master/GCC_4_9_DEPRECATION.md

  CC      kernel/time/tick-oneshot.o

Android GCC has been deprecated in favor of Clang, and will be removed from
Android in 2020-01 as per the deprecation plan in:
https://android.googlesource.com/platform/prebuilts/clang/host/linux-x86/+/master/GCC_4_9_DEPRECATION.md


Android GCC has been deprecated in favor of Clang, and will be removed from
Android in 2020-01 as per the deprecation plan in:
https://android.googlesource.com/platform/prebuilts/clang/host/linux-x86/+/master/GCC_4_9_DEPRECATION.md


Android GCC has been deprecated in favor of Clang, and will be removed from
Android in 2020-01 as per the deprecation plan in:
https://android.googlesource.com/platform/prebuilts/clang/host/linux-x86/+/master/GCC_4_9_DEPRECATION.md


Android GCC has been deprecated in favor of Clang, and will be removed from
Android in 2020-01 as per the deprecation plan in:
https://android.googlesource.com/platform/prebuilts/clang/host/linux-x86/+/master/GCC_4_9_DEPRECATION.md


Android GCC has been deprecated in favor of Clang, and will be removed from
Android in 2020-01 as per the deprecation plan in:
https://android.googlesource.com/platform/prebuilts/clang/host/linux-x86/+/master/GCC_4_9_DEPRECATION.md


Android GCC has been deprecated in favor of Clang, and will be removed from
Android in 2020-01 as per the deprecation plan in:
https://android.googlesource.com/platform/prebuilts/clang/host/linux-x86/+/master/GCC_4_9_DEPRECATION.md


Android GCC has been deprecated in favor of Clang, and will be removed from
Android in 2020-01 as per the deprecation plan in:
https://android.googlesource.com/platform/prebuilts/clang/host/linux-x86/+/master/GCC_4_9_DEPRECATION.md


Android GCC has been deprecated in favor of Clang, and will be removed from
Android in 2020-01 as per the deprecation plan in:
https://android.googlesource.com/platform/prebuilts/clang/host/linux-x86/+/master/GCC_4_9_DEPRECATION.md


  CC      kernel/bpf/ringbuf.o
Android GCC has been deprecated in favor of Clang, and will be removed from
Android in 2020-01 as per the deprecation plan in:
https://android.googlesource.com/platform/prebuilts/clang/host/linux-x86/+/master/GCC_4_9_DEPRECATION.md


  CC      drivers/hid/hid-emsff.o
Android GCC has been deprecated in favor of Clang, and will be removed from
Android in 2020-01 as per the deprecation plan in:
https://android.googlesource.com/platform/prebuilts/clang/host/linux-x86/+/master/GCC_4_9_DEPRECATION.md


  LD      net/netfilter/nf_conntrack_h323.o
  CC      fs/configfs/file.o
  CC      drivers/input/serio/libps2.o
Android GCC has been deprecated in favor of Clang, and will be removed from
Android in 2020-01 as per the deprecation plan in:
https://android.googlesource.com/platform/prebuilts/clang/host/linux-x86/+/master/GCC_4_9_DEPRECATION.md


  CC      fs/cramfs/uncompress.o
  CC      net/ipv6/ipcomp6.o
  CC      kernel/time/tick-sched.o
Android GCC has been deprecated in favor of Clang, and will be removed from
Android in 2020-01 as per the deprecation plan in:
https://android.googlesource.com/platform/prebuilts/clang/host/linux-x86/+/master/GCC_4_9_DEPRECATION.md


  CC      kernel/trace/trace_printk.o
Android GCC has been deprecated in favor of Clang, and will be removed from
Android in 2020-01 as per the deprecation plan in:
https://android.googlesource.com/platform/prebuilts/clang/host/linux-x86/+/master/GCC_4_9_DEPRECATION.md


Android GCC has been deprecated in favor of Clang, and will be removed from
Android in 2020-01 as per the deprecation plan in:
https://android.googlesource.com/platform/prebuilts/clang/host/linux-x86/+/master/GCC_4_9_DEPRECATION.md


  CC      fs/cifs/file.o
Android GCC has been deprecated in favor of Clang, and will be removed from
Android in 2020-01 as per the deprecation plan in:
https://android.googlesource.com/platform/prebuilts/clang/host/linux-x86/+/master/GCC_4_9_DEPRECATION.md


Android GCC has been deprecated in favor of Clang, and will be removed from
Android in 2020-01 as per the deprecation plan in:
https://android.googlesource.com/platform/prebuilts/clang/host/linux-x86/+/master/GCC_4_9_DEPRECATION.md


Android GCC has been deprecated in favor of Clang, and will be removed from
Android in 2020-01 as per the deprecation plan in:
https://android.googlesource.com/platform/prebuilts/clang/host/linux-x86/+/master/GCC_4_9_DEPRECATION.md

  CC      net/ipv6/xfrm6_tunnel.o

Android GCC has been deprecated in favor of Clang, and will be removed from
Android in 2020-01 as per the deprecation plan in:
https://android.googlesource.com/platform/prebuilts/clang/host/linux-x86/+/master/GCC_4_9_DEPRECATION.md


  LD      kernel/irq/built-in.o
Android GCC has been deprecated in favor of Clang, and will be removed from
Android in 2020-01 as per the deprecation plan in:
https://android.googlesource.com/platform/prebuilts/clang/host/linux-x86/+/master/GCC_4_9_DEPRECATION.md


  CC      sound/soc/samsung/lpass-exynos5433.o
  CC      lib/md5.o
  CC      lib/plist.o
Android GCC has been deprecated in favor of Clang, and will be removed from
Android in 2020-01 as per the deprecation plan in:
https://android.googlesource.com/platform/prebuilts/clang/host/linux-x86/+/master/GCC_4_9_DEPRECATION.md


Android GCC has been deprecated in favor of Clang, and will be removed from
Android in 2020-01 as per the deprecation plan in:
https://android.googlesource.com/platform/prebuilts/clang/host/linux-x86/+/master/GCC_4_9_DEPRECATION.md


Android GCC has been deprecated in favor of Clang, and will be removed from
Android in 2020-01 as per the deprecation plan in:
https://android.googlesource.com/platform/prebuilts/clang/host/linux-x86/+/master/GCC_4_9_DEPRECATION.md


Android GCC has been deprecated in favor of Clang, and will be removed from
Android in 2020-01 as per the deprecation plan in:
https://android.googlesource.com/platform/prebuilts/clang/host/linux-x86/+/master/GCC_4_9_DEPRECATION.md


  CC      fs/cifs/inode.o
Android GCC has been deprecated in favor of Clang, and will be removed from
Android in 2020-01 as per the deprecation plan in:
https://android.googlesource.com/platform/prebuilts/clang/host/linux-x86/+/master/GCC_4_9_DEPRECATION.md


Android GCC has been deprecated in favor of Clang, and will be removed from
Android in 2020-01 as per the deprecation plan in:
https://android.googlesource.com/platform/prebuilts/clang/host/linux-x86/+/master/GCC_4_9_DEPRECATION.md


Android GCC has been deprecated in favor of Clang, and will be removed from
Android in 2020-01 as per the deprecation plan in:
https://android.googlesource.com/platform/prebuilts/clang/host/linux-x86/+/master/GCC_4_9_DEPRECATION.md

  CC      net/ipv6/tunnel6.o

  LD      fs/cramfs/cramfs.o
Android GCC has been deprecated in favor of Clang, and will be removed from
Android in 2020-01 as per the deprecation plan in:
https://android.googlesource.com/platform/prebuilts/clang/host/linux-x86/+/master/GCC_4_9_DEPRECATION.md


  CC      drivers/iio/kfifo_buf.o
  LD      fs/cramfs/built-in.o
  CC      net/netfilter/nf_conntrack_irc.o
  LD      sound/soc/samsung/snd-soc-eax-dai.o
Android GCC has been deprecated in favor of Clang, and will be removed from
Android in 2020-01 as per the deprecation plan in:
https://android.googlesource.com/platform/prebuilts/clang/host/linux-x86/+/master/GCC_4_9_DEPRECATION.md


Android GCC has been deprecated in favor of Clang, and will be removed from
Android in 2020-01 as per the deprecation plan in:
https://android.googlesource.com/platform/prebuilts/clang/host/linux-x86/+/master/GCC_4_9_DEPRECATION.md


  CC      net/netfilter/nf_conntrack_broadcast.o
  CC      drivers/hid/hid-elecom.o
Android GCC has been deprecated in favor of Clang, and will be removed from
Android in 2020-01 as per the deprecation plan in:
https://android.googlesource.com/platform/prebuilts/clang/host/linux-x86/+/master/GCC_4_9_DEPRECATION.md


  CC      fs/configfs/dir.o
Android GCC has been deprecated in favor of Clang, and will be removed from
Android in 2020-01 as per the deprecation plan in:
https://android.googlesource.com/platform/prebuilts/clang/host/linux-x86/+/master/GCC_4_9_DEPRECATION.md


Android GCC has been deprecated in favor of Clang, and will be removed from
Android in 2020-01 as per the deprecation plan in:
https://android.googlesource.com/platform/prebuilts/clang/host/linux-x86/+/master/GCC_4_9_DEPRECATION.md


Android GCC has been deprecated in favor of Clang, and will be removed from
Android in 2020-01 as per the deprecation plan in:
https://android.googlesource.com/platform/prebuilts/clang/host/linux-x86/+/master/GCC_4_9_DEPRECATION.md


Android GCC has been deprecated in favor of Clang, and will be removed from
Android in 2020-01 as per the deprecation plan in:
https://android.googlesource.com/platform/prebuilts/clang/host/linux-x86/+/master/GCC_4_9_DEPRECATION.md


  CC      lib/prio_heap.o
Android GCC has been deprecated in favor of Clang, and will be removed from
Android in 2020-01 as per the deprecation plan in:
https://android.googlesource.com/platform/prebuilts/clang/host/linux-x86/+/master/GCC_4_9_DEPRECATION.md


  CC      kernel/sched/rt.o
Android GCC has been deprecated in favor of Clang, and will be removed from
Android in 2020-01 as per the deprecation plan in:
https://android.googlesource.com/platform/prebuilts/clang/host/linux-x86/+/master/GCC_4_9_DEPRECATION.md


  CC      drivers/iommu/iommu.o
  LD      sound/soc/samsung/snd-soc-eax-dma.o
Android GCC has been deprecated in favor of Clang, and will be removed from
Android in 2020-01 as per the deprecation plan in:
https://android.googlesource.com/platform/prebuilts/clang/host/linux-x86/+/master/GCC_4_9_DEPRECATION.md


  LD      sound/soc/samsung/snd-soc-pacific-florida.o
Android GCC has been deprecated in favor of Clang, and will be removed from
Android in 2020-01 as per the deprecation plan in:
https://android.googlesource.com/platform/prebuilts/clang/host/linux-x86/+/master/GCC_4_9_DEPRECATION.md


Android GCC has been deprecated in favor of Clang, and will be removed from
Android in 2020-01 as per the deprecation plan in:
https://android.googlesource.com/platform/prebuilts/clang/host/linux-x86/+/master/GCC_4_9_DEPRECATION.md


  LD      sound/soc/samsung/snd-soc-pacific-hdmi.o
Android GCC has been deprecated in favor of Clang, and will be removed from
Android in 2020-01 as per the deprecation plan in:
https://android.googlesource.com/platform/prebuilts/clang/host/linux-x86/+/master/GCC_4_9_DEPRECATION.md


  CC      sound/soc/samsung/seiren/seiren.o
  CC      fs/debugfs/inode.o
Android GCC has been deprecated in favor of Clang, and will be removed from
Android in 2020-01 as per the deprecation plan in:
https://android.googlesource.com/platform/prebuilts/clang/host/linux-x86/+/master/GCC_4_9_DEPRECATION.md


  CC      drivers/input/ff-core.o
  CC      drivers/gpu/arm/t7xx/r22p0/mali_kbase_10969_workaround.o
Android GCC has been deprecated in favor of Clang, and will be removed from
Android in 2020-01 as per the deprecation plan in:
https://android.googlesource.com/platform/prebuilts/clang/host/linux-x86/+/master/GCC_4_9_DEPRECATION.md


Android GCC has been deprecated in favor of Clang, and will be removed from
Android in 2020-01 as per the deprecation plan in:
https://android.googlesource.com/platform/prebuilts/clang/host/linux-x86/+/master/GCC_4_9_DEPRECATION.md


Android GCC has been deprecated in favor of Clang, and will be removed from
Android in 2020-01 as per the deprecation plan in:
https://android.googlesource.com/platform/prebuilts/clang/host/linux-x86/+/master/GCC_4_9_DEPRECATION.md


  CC      kernel/bpf/btf.o
  CC      drivers/hid/hid-ezkey.o
  CC      lib/proportions.o
  LD      drivers/input/serio/built-in.o
Android GCC has been deprecated in favor of Clang, and will be removed from
Android in 2020-01 as per the deprecation plan in:
https://android.googlesource.com/platform/prebuilts/clang/host/linux-x86/+/master/GCC_4_9_DEPRECATION.md


Android GCC has been deprecated in favor of Clang, and will be removed from
Android in 2020-01 as per the deprecation plan in:
https://android.googlesource.com/platform/prebuilts/clang/host/linux-x86/+/master/GCC_4_9_DEPRECATION.md


Android GCC has been deprecated in favor of Clang, and will be removed from
Android in 2020-01 as per the deprecation plan in:
https://android.googlesource.com/platform/prebuilts/clang/host/linux-x86/+/master/GCC_4_9_DEPRECATION.md


  CC      fs/debugfs/file.o
  CC      kernel/trace/trace_sched_switch.o
  CC      kernel/sched/stop_task.o
Android GCC has been deprecated in favor of Clang, and will be removed from
Android in 2020-01 as per the deprecation plan in:
https://android.googlesource.com/platform/prebuilts/clang/host/linux-x86/+/master/GCC_4_9_DEPRECATION.md


Android GCC has been deprecated in favor of Clang, and will be removed from
Android in 2020-01 as per the deprecation plan in:
https://android.googlesource.com/platform/prebuilts/clang/host/linux-x86/+/master/GCC_4_9_DEPRECATION.md


Android GCC has been deprecated in favor of Clang, and will be removed from
Android in 2020-01 as per the deprecation plan in:
https://android.googlesource.com/platform/prebuilts/clang/host/linux-x86/+/master/GCC_4_9_DEPRECATION.md


Android GCC has been deprecated in favor of Clang, and will be removed from
Android in 2020-01 as per the deprecation plan in:
https://android.googlesource.com/platform/prebuilts/clang/host/linux-x86/+/master/GCC_4_9_DEPRECATION.md


Android GCC has been deprecated in favor of Clang, and will be removed from
Android in 2020-01 as per the deprecation plan in:
https://android.googlesource.com/platform/prebuilts/clang/host/linux-x86/+/master/GCC_4_9_DEPRECATION.md


  CC      kernel/sched/cpupri.o
Android GCC has been deprecated in favor of Clang, and will be removed from
Android in 2020-01 as per the deprecation plan in:
https://android.googlesource.com/platform/prebuilts/clang/host/linux-x86/+/master/GCC_4_9_DEPRECATION.md


Android GCC has been deprecated in favor of Clang, and will be removed from
Android in 2020-01 as per the deprecation plan in:
https://android.googlesource.com/platform/prebuilts/clang/host/linux-x86/+/master/GCC_4_9_DEPRECATION.md


Android GCC has been deprecated in favor of Clang, and will be removed from
Android in 2020-01 as per the deprecation plan in:
https://android.googlesource.com/platform/prebuilts/clang/host/linux-x86/+/master/GCC_4_9_DEPRECATION.md


Android GCC has been deprecated in favor of Clang, and will be removed from
Android in 2020-01 as per the deprecation plan in:
https://android.googlesource.com/platform/prebuilts/clang/host/linux-x86/+/master/GCC_4_9_DEPRECATION.md


  CC      drivers/iio/adc/exynos_adc.o
  CC      drivers/hid/hid-gyration.o
Android GCC has been deprecated in favor of Clang, and will be removed from
Android in 2020-01 as per the deprecation plan in:
https://android.googlesource.com/platform/prebuilts/clang/host/linux-x86/+/master/GCC_4_9_DEPRECATION.md


  CC      lib/radix-tree.o
kernel/bpf/btf.c: In function 'btf_alloc_id':
kernel/bpf/btf.c:814:2: warning: 'idr_pre_get' is deprecated (declared at include/linux/idr.h:151) [-Wdeprecated-declarations]
  idr_pre_get(&btf_idr, GFP_KERNEL);
  ^
kernel/bpf/btf.c:817:2: warning: 'idr_get_new_above' is deprecated (declared at include/linux/idr.h:166) [-Wdeprecated-declarations]
  idr_get_new_above(&btf_idr, btf, 1, &id);
  ^
Android GCC has been deprecated in favor of Clang, and will be removed from
Android in 2020-01 as per the deprecation plan in:
https://android.googlesource.com/platform/prebuilts/clang/host/linux-x86/+/master/GCC_4_9_DEPRECATION.md


Android GCC has been deprecated in favor of Clang, and will be removed from
Android in 2020-01 as per the deprecation plan in:
https://android.googlesource.com/platform/prebuilts/clang/host/linux-x86/+/master/GCC_4_9_DEPRECATION.md


Android GCC has been deprecated in favor of Clang, and will be removed from
Android in 2020-01 as per the deprecation plan in:
https://android.googlesource.com/platform/prebuilts/clang/host/linux-x86/+/master/GCC_4_9_DEPRECATION.md


Android GCC has been deprecated in favor of Clang, and will be removed from
Android in 2020-01 as per the deprecation plan in:
https://android.googlesource.com/platform/prebuilts/clang/host/linux-x86/+/master/GCC_4_9_DEPRECATION.md


Android GCC has been deprecated in favor of Clang, and will be removed from
Android in 2020-01 as per the deprecation plan in:
https://android.googlesource.com/platform/prebuilts/clang/host/linux-x86/+/master/GCC_4_9_DEPRECATION.md


Android GCC has been deprecated in favor of Clang, and will be removed from
Android in 2020-01 as per the deprecation plan in:
https://android.googlesource.com/platform/prebuilts/clang/host/linux-x86/+/master/GCC_4_9_DEPRECATION.md


  CC      drivers/gpu/arm/t7xx/r22p0/mali_kbase_hw.o
  CC      drivers/hid/hid-kensington.o
  CC      lib/ratelimit.o
  LD      kernel/time/built-in.o
Android GCC has been deprecated in favor of Clang, and will be removed from
Android in 2020-01 as per the deprecation plan in:
https://android.googlesource.com/platform/prebuilts/clang/host/linux-x86/+/master/GCC_4_9_DEPRECATION.md


Android GCC has been deprecated in favor of Clang, and will be removed from
Android in 2020-01 as per the deprecation plan in:
https://android.googlesource.com/platform/prebuilts/clang/host/linux-x86/+/master/GCC_4_9_DEPRECATION.md


Android GCC has been deprecated in favor of Clang, and will be removed from
Android in 2020-01 as per the deprecation plan in:
https://android.googlesource.com/platform/prebuilts/clang/host/linux-x86/+/master/GCC_4_9_DEPRECATION.md


  CC      net/ipv4/icmp.o
Android GCC has been deprecated in favor of Clang, and will be removed from
Android in 2020-01 as per the deprecation plan in:
https://android.googlesource.com/platform/prebuilts/clang/host/linux-x86/+/master/GCC_4_9_DEPRECATION.md


  CC      drivers/iommu/of_iommu.o
  CC      kernel/stacktrace.o
Android GCC has been deprecated in favor of Clang, and will be removed from
Android in 2020-01 as per the deprecation plan in:
https://android.googlesource.com/platform/prebuilts/clang/host/linux-x86/+/master/GCC_4_9_DEPRECATION.md


  CC      drivers/input/ff-memless.o
Android GCC has been deprecated in favor of Clang, and will be removed from
Android in 2020-01 as per the deprecation plan in:
https://android.googlesource.com/platform/prebuilts/clang/host/linux-x86/+/master/GCC_4_9_DEPRECATION.md


Android GCC has been deprecated in favor of Clang, and will be removed from
Android in 2020-01 as per the deprecation plan in:
https://android.googlesource.com/platform/prebuilts/clang/host/linux-x86/+/master/GCC_4_9_DEPRECATION.md


Android GCC has been deprecated in favor of Clang, and will be removed from
Android in 2020-01 as per the deprecation plan in:
https://android.googlesource.com/platform/prebuilts/clang/host/linux-x86/+/master/GCC_4_9_DEPRECATION.md


  CC      lib/rbtree.o
Android GCC has been deprecated in favor of Clang, and will be removed from
Android in 2020-01 as per the deprecation plan in:
https://android.googlesource.com/platform/prebuilts/clang/host/linux-x86/+/master/GCC_4_9_DEPRECATION.md


  CC      kernel/trace/trace_sched_wakeup.o
Android GCC has been deprecated in favor of Clang, and will be removed from
Android in 2020-01 as per the deprecation plan in:
https://android.googlesource.com/platform/prebuilts/clang/host/linux-x86/+/master/GCC_4_9_DEPRECATION.md


Android GCC has been deprecated in favor of Clang, and will be removed from
Android in 2020-01 as per the deprecation plan in:
https://android.googlesource.com/platform/prebuilts/clang/host/linux-x86/+/master/GCC_4_9_DEPRECATION.md


Android GCC has been deprecated in favor of Clang, and will be removed from
Android in 2020-01 as per the deprecation plan in:
https://android.googlesource.com/platform/prebuilts/clang/host/linux-x86/+/master/GCC_4_9_DEPRECATION.md


  CC      net/ipv6/xfrm6_mode_transport.o
Android GCC has been deprecated in favor of Clang, and will be removed from
Android in 2020-01 as per the deprecation plan in:
https://android.googlesource.com/platform/prebuilts/clang/host/linux-x86/+/master/GCC_4_9_DEPRECATION.md


  CC      drivers/input/mousedev.o
Android GCC has been deprecated in favor of Clang, and will be removed from
Android in 2020-01 as per the deprecation plan in:
https://android.googlesource.com/platform/prebuilts/clang/host/linux-x86/+/master/GCC_4_9_DEPRECATION.md


  CC      fs/configfs/symlink.o
  CC      drivers/input/evdev.o
Android GCC has been deprecated in favor of Clang, and will be removed from
Android in 2020-01 as per the deprecation plan in:
https://android.googlesource.com/platform/prebuilts/clang/host/linux-x86/+/master/GCC_4_9_DEPRECATION.md


Android GCC has been deprecated in favor of Clang, and will be removed from
Android in 2020-01 as per the deprecation plan in:
https://android.googlesource.com/platform/prebuilts/clang/host/linux-x86/+/master/GCC_4_9_DEPRECATION.md


Android GCC has been deprecated in favor of Clang, and will be removed from
Android in 2020-01 as per the deprecation plan in:
https://android.googlesource.com/platform/prebuilts/clang/host/linux-x86/+/master/GCC_4_9_DEPRECATION.md


Android GCC has been deprecated in favor of Clang, and will be removed from
Android in 2020-01 as per the deprecation plan in:
https://android.googlesource.com/platform/prebuilts/clang/host/linux-x86/+/master/GCC_4_9_DEPRECATION.md


  CC      drivers/input/joystick/xpad.o
  LD      drivers/iio/adc/built-in.o
  CC      net/netfilter/nf_conntrack_netbios_ns.o
  LD      sound/soc/samsung/snd-soc-s3c24xx.o
  CC      drivers/hid/hid-keytouch.o
Android GCC has been deprecated in favor of Clang, and will be removed from
Android in 2020-01 as per the deprecation plan in:
https://android.googlesource.com/platform/prebuilts/clang/host/linux-x86/+/master/GCC_4_9_DEPRECATION.md


Android GCC has been deprecated in favor of Clang, and will be removed from
Android in 2020-01 as per the deprecation plan in:
https://android.googlesource.com/platform/prebuilts/clang/host/linux-x86/+/master/GCC_4_9_DEPRECATION.md


Android GCC has been deprecated in favor of Clang, and will be removed from
Android in 2020-01 as per the deprecation plan in:
https://android.googlesource.com/platform/prebuilts/clang/host/linux-x86/+/master/GCC_4_9_DEPRECATION.md


  LD      sound/soc/samsung/seiren/built-in.o
Android GCC has been deprecated in favor of Clang, and will be removed from
Android in 2020-01 as per the deprecation plan in:
https://android.googlesource.com/platform/prebuilts/clang/host/linux-x86/+/master/GCC_4_9_DEPRECATION.md


  CC      fs/configfs/mount.o
  LD      sound/soc/samsung/snd-soc-i2s.o
  CC      drivers/iommu/exynos-iovmm.o
  LD      sound/soc/samsung/snd-soc-lpass.o
Android GCC has been deprecated in favor of Clang, and will be removed from
Android in 2020-01 as per the deprecation plan in:
https://android.googlesource.com/platform/prebuilts/clang/host/linux-x86/+/master/GCC_4_9_DEPRECATION.md


Android GCC has been deprecated in favor of Clang, and will be removed from
Android in 2020-01 as per the deprecation plan in:
https://android.googlesource.com/platform/prebuilts/clang/host/linux-x86/+/master/GCC_4_9_DEPRECATION.md


  LD      sound/soc/samsung/built-in.o
  LD      sound/soc/built-in.o
  CC      drivers/iommu/exynos-iommu.o
  LD      fs/debugfs/debugfs.o
Android GCC has been deprecated in favor of Clang, and will be removed from
Android in 2020-01 as per the deprecation plan in:
https://android.googlesource.com/platform/prebuilts/clang/host/linux-x86/+/master/GCC_4_9_DEPRECATION.md


  LD      fs/debugfs/built-in.o
Android GCC has been deprecated in favor of Clang, and will be removed from
Android in 2020-01 as per the deprecation plan in:
https://android.googlesource.com/platform/prebuilts/clang/host/linux-x86/+/master/GCC_4_9_DEPRECATION.md


  CC      drivers/iommu/exynos7-iommu.o
  CC      kernel/futex.o
Android GCC has been deprecated in favor of Clang, and will be removed from
Android in 2020-01 as per the deprecation plan in:
https://android.googlesource.com/platform/prebuilts/clang/host/linux-x86/+/master/GCC_4_9_DEPRECATION.md


  CC      fs/cifs/link.o
  CC      drivers/gpu/arm/t7xx/r22p0/mali_kbase_utility.o
Android GCC has been deprecated in favor of Clang, and will be removed from
Android in 2020-01 as per the deprecation plan in:
https://android.googlesource.com/platform/prebuilts/clang/host/linux-x86/+/master/GCC_4_9_DEPRECATION.md


  LD      sound/built-in.o
Android GCC has been deprecated in favor of Clang, and will be removed from
Android in 2020-01 as per the deprecation plan in:
https://android.googlesource.com/platform/prebuilts/clang/host/linux-x86/+/master/GCC_4_9_DEPRECATION.md


Android GCC has been deprecated in favor of Clang, and will be removed from
Android in 2020-01 as per the deprecation plan in:
https://android.googlesource.com/platform/prebuilts/clang/host/linux-x86/+/master/GCC_4_9_DEPRECATION.md


  CC      drivers/hid/hid-kye.o
  LD      drivers/iio/industrialio.o
Android GCC has been deprecated in favor of Clang, and will be removed from
Android in 2020-01 as per the deprecation plan in:
https://android.googlesource.com/platform/prebuilts/clang/host/linux-x86/+/master/GCC_4_9_DEPRECATION.md


  CC      kernel/sched/debug.o
Android GCC has been deprecated in favor of Clang, and will be removed from
Android in 2020-01 as per the deprecation plan in:
https://android.googlesource.com/platform/prebuilts/clang/host/linux-x86/+/master/GCC_4_9_DEPRECATION.md


  CC      kernel/bpf/devmap.o
Android GCC has been deprecated in favor of Clang, and will be removed from
Android in 2020-01 as per the deprecation plan in:
https://android.googlesource.com/platform/prebuilts/clang/host/linux-x86/+/master/GCC_4_9_DEPRECATION.md


Android GCC has been deprecated in favor of Clang, and will be removed from
Android in 2020-01 as per the deprecation plan in:
https://android.googlesource.com/platform/prebuilts/clang/host/linux-x86/+/master/GCC_4_9_DEPRECATION.md


Android GCC has been deprecated in favor of Clang, and will be removed from
Android in 2020-01 as per the deprecation plan in:
https://android.googlesource.com/platform/prebuilts/clang/host/linux-x86/+/master/GCC_4_9_DEPRECATION.md


  LD      drivers/iio/built-in.o
  CC      kernel/trace/trace_nop.o
  CC      fs/configfs/item.o
  CC      drivers/hid/hid-lcpower.o
  CC      lib/reciprocal_div.o
Android GCC has been deprecated in favor of Clang, and will be removed from
Android in 2020-01 as per the deprecation plan in:
https://android.googlesource.com/platform/prebuilts/clang/host/linux-x86/+/master/GCC_4_9_DEPRECATION.md


  CC      lib/rwsem-spinlock.o
Android GCC has been deprecated in favor of Clang, and will be removed from
Android in 2020-01 as per the deprecation plan in:
https://android.googlesource.com/platform/prebuilts/clang/host/linux-x86/+/master/GCC_4_9_DEPRECATION.md


Android GCC has been deprecated in favor of Clang, and will be removed from
Android in 2020-01 as per the deprecation plan in:
https://android.googlesource.com/platform/prebuilts/clang/host/linux-x86/+/master/GCC_4_9_DEPRECATION.md


  CC      net/netfilter/nf_conntrack_pptp.o
Android GCC has been deprecated in favor of Clang, and will be removed from
Android in 2020-01 as per the deprecation plan in:
https://android.googlesource.com/platform/prebuilts/clang/host/linux-x86/+/master/GCC_4_9_DEPRECATION.md


Android GCC has been deprecated in favor of Clang, and will be removed from
Android in 2020-01 as per the deprecation plan in:
https://android.googlesource.com/platform/prebuilts/clang/host/linux-x86/+/master/GCC_4_9_DEPRECATION.md


Android GCC has been deprecated in favor of Clang, and will be removed from
Android in 2020-01 as per the deprecation plan in:
https://android.googlesource.com/platform/prebuilts/clang/host/linux-x86/+/master/GCC_4_9_DEPRECATION.md


  CC      net/ipv6/xfrm6_mode_tunnel.o
Android GCC has been deprecated in favor of Clang, and will be removed from
Android in 2020-01 as per the deprecation plan in:
https://android.googlesource.com/platform/prebuilts/clang/host/linux-x86/+/master/GCC_4_9_DEPRECATION.md


  LD      drivers/hid/hid-logitech.o
  CC      kernel/trace/blktrace.o
Android GCC has been deprecated in favor of Clang, and will be removed from
Android in 2020-01 as per the deprecation plan in:
https://android.googlesource.com/platform/prebuilts/clang/host/linux-x86/+/master/GCC_4_9_DEPRECATION.md


Android GCC has been deprecated in favor of Clang, and will be removed from
Android in 2020-01 as per the deprecation plan in:
https://android.googlesource.com/platform/prebuilts/clang/host/linux-x86/+/master/GCC_4_9_DEPRECATION.md


  CC      kernel/sched/cpuacct.o
  CC      fs/cifs/misc.o
  CC      net/ipv6/xfrm6_mode_beet.o
  LD      drivers/input/joystick/built-in.o
Android GCC has been deprecated in favor of Clang, and will be removed from
Android in 2020-01 as per the deprecation plan in:
https://android.googlesource.com/platform/prebuilts/clang/host/linux-x86/+/master/GCC_4_9_DEPRECATION.md


Android GCC has been deprecated in favor of Clang, and will be removed from
Android in 2020-01 as per the deprecation plan in:
https://android.googlesource.com/platform/prebuilts/clang/host/linux-x86/+/master/GCC_4_9_DEPRECATION.md


  CC      net/netfilter/nf_conntrack_sane.o
Android GCC has been deprecated in favor of Clang, and will be removed from
Android in 2020-01 as per the deprecation plan in:
https://android.googlesource.com/platform/prebuilts/clang/host/linux-x86/+/master/GCC_4_9_DEPRECATION.md


  CC      drivers/gpu/arm/t7xx/r22p0/mali_kbase_debug.o
Android GCC has been deprecated in favor of Clang, and will be removed from
Android in 2020-01 as per the deprecation plan in:
https://android.googlesource.com/platform/prebuilts/clang/host/linux-x86/+/master/GCC_4_9_DEPRECATION.md


Android GCC has been deprecated in favor of Clang, and will be removed from
Android in 2020-01 as per the deprecation plan in:
https://android.googlesource.com/platform/prebuilts/clang/host/linux-x86/+/master/GCC_4_9_DEPRECATION.md


Android GCC has been deprecated in favor of Clang, and will be removed from
Android in 2020-01 as per the deprecation plan in:
https://android.googlesource.com/platform/prebuilts/clang/host/linux-x86/+/master/GCC_4_9_DEPRECATION.md


  CC      drivers/hid/hid-magicmouse.o
Android GCC has been deprecated in favor of Clang, and will be removed from
Android in 2020-01 as per the deprecation plan in:
https://android.googlesource.com/platform/prebuilts/clang/host/linux-x86/+/master/GCC_4_9_DEPRECATION.md


Android GCC has been deprecated in favor of Clang, and will be removed from
Android in 2020-01 as per the deprecation plan in:
https://android.googlesource.com/platform/prebuilts/clang/host/linux-x86/+/master/GCC_4_9_DEPRECATION.md


  CC      drivers/iommu/exynos-iommu-log.o
Android GCC has been deprecated in favor of Clang, and will be removed from
Android in 2020-01 as per the deprecation plan in:
https://android.googlesource.com/platform/prebuilts/clang/host/linux-x86/+/master/GCC_4_9_DEPRECATION.md


Android GCC has been deprecated in favor of Clang, and will be removed from
Android in 2020-01 as per the deprecation plan in:
https://android.googlesource.com/platform/prebuilts/clang/host/linux-x86/+/master/GCC_4_9_DEPRECATION.md


  CC      drivers/hid/hid-microsoft.o
Android GCC has been deprecated in favor of Clang, and will be removed from
Android in 2020-01 as per the deprecation plan in:
https://android.googlesource.com/platform/prebuilts/clang/host/linux-x86/+/master/GCC_4_9_DEPRECATION.md


  CC      drivers/input/keyboard/atkbd.o
  LD      fs/configfs/configfs.o
  LD      fs/configfs/built-in.o
  CC      kernel/rtmutex.o
Android GCC has been deprecated in favor of Clang, and will be removed from
Android in 2020-01 as per the deprecation plan in:
https://android.googlesource.com/platform/prebuilts/clang/host/linux-x86/+/master/GCC_4_9_DEPRECATION.md


Android GCC has been deprecated in favor of Clang, and will be removed from
Android in 2020-01 as per the deprecation plan in:
https://android.googlesource.com/platform/prebuilts/clang/host/linux-x86/+/master/GCC_4_9_DEPRECATION.md


  CC      drivers/gpu/arm/t7xx/r22p0/mali_kbase_trace_timeline.o
  CC      lib/sha1.o
  CC      fs/devpts/inode.o
Android GCC has been deprecated in favor of Clang, and will be removed from
Android in 2020-01 as per the deprecation plan in:
https://android.googlesource.com/platform/prebuilts/clang/host/linux-x86/+/master/GCC_4_9_DEPRECATION.md


  CC      kernel/bpf/stackmap.o
Android GCC has been deprecated in favor of Clang, and will be removed from
Android in 2020-01 as per the deprecation plan in:
https://android.googlesource.com/platform/prebuilts/clang/host/linux-x86/+/master/GCC_4_9_DEPRECATION.md


Android GCC has been deprecated in favor of Clang, and will be removed from
Android in 2020-01 as per the deprecation plan in:
https://android.googlesource.com/platform/prebuilts/clang/host/linux-x86/+/master/GCC_4_9_DEPRECATION.md


Android GCC has been deprecated in favor of Clang, and will be removed from
Android in 2020-01 as per the deprecation plan in:
https://android.googlesource.com/platform/prebuilts/clang/host/linux-x86/+/master/GCC_4_9_DEPRECATION.md


  CC      net/ipv4/devinet.o
Android GCC has been deprecated in favor of Clang, and will be removed from
Android in 2020-01 as per the deprecation plan in:
https://android.googlesource.com/platform/prebuilts/clang/host/linux-x86/+/master/GCC_4_9_DEPRECATION.md


Android GCC has been deprecated in favor of Clang, and will be removed from
Android in 2020-01 as per the deprecation plan in:
https://android.googlesource.com/platform/prebuilts/clang/host/linux-x86/+/master/GCC_4_9_DEPRECATION.md


  CC      drivers/input/keyboard/gpio_keys.o
  CC      lib/show_mem.o
Android GCC has been deprecated in favor of Clang, and will be removed from
Android in 2020-01 as per the deprecation plan in:
https://android.googlesource.com/platform/prebuilts/clang/host/linux-x86/+/master/GCC_4_9_DEPRECATION.md


Android GCC has been deprecated in favor of Clang, and will be removed from
Android in 2020-01 as per the deprecation plan in:
https://android.googlesource.com/platform/prebuilts/clang/host/linux-x86/+/master/GCC_4_9_DEPRECATION.md


Android GCC has been deprecated in favor of Clang, and will be removed from
Android in 2020-01 as per the deprecation plan in:
https://android.googlesource.com/platform/prebuilts/clang/host/linux-x86/+/master/GCC_4_9_DEPRECATION.md


  CC      kernel/smp.o
Android GCC has been deprecated in favor of Clang, and will be removed from
Android in 2020-01 as per the deprecation plan in:
https://android.googlesource.com/platform/prebuilts/clang/host/linux-x86/+/master/GCC_4_9_DEPRECATION.md


  CC      kernel/trace/trace_events.o
Android GCC has been deprecated in favor of Clang, and will be removed from
Android in 2020-01 as per the deprecation plan in:
https://android.googlesource.com/platform/prebuilts/clang/host/linux-x86/+/master/GCC_4_9_DEPRECATION.md


Android GCC has been deprecated in favor of Clang, and will be removed from
Android in 2020-01 as per the deprecation plan in:
https://android.googlesource.com/platform/prebuilts/clang/host/linux-x86/+/master/GCC_4_9_DEPRECATION.md


  CC      drivers/hid/hid-monterey.o
  CC      fs/ecryptfs/dentry.o
  CC      kernel/bpf/cgroup.o
  CC      fs/ecryptfs/file.o
Android GCC has been deprecated in favor of Clang, and will be removed from
Android in 2020-01 as per the deprecation plan in:
https://android.googlesource.com/platform/prebuilts/clang/host/linux-x86/+/master/GCC_4_9_DEPRECATION.md


Android GCC has been deprecated in favor of Clang, and will be removed from
Android in 2020-01 as per the deprecation plan in:
https://android.googlesource.com/platform/prebuilts/clang/host/linux-x86/+/master/GCC_4_9_DEPRECATION.md


Android GCC has been deprecated in favor of Clang, and will be removed from
Android in 2020-01 as per the deprecation plan in:
https://android.googlesource.com/platform/prebuilts/clang/host/linux-x86/+/master/GCC_4_9_DEPRECATION.md


Android GCC has been deprecated in favor of Clang, and will be removed from
Android in 2020-01 as per the deprecation plan in:
https://android.googlesource.com/platform/prebuilts/clang/host/linux-x86/+/master/GCC_4_9_DEPRECATION.md


  CC      net/ipv6/mip6.o
Android GCC has been deprecated in favor of Clang, and will be removed from
Android in 2020-01 as per the deprecation plan in:
https://android.googlesource.com/platform/prebuilts/clang/host/linux-x86/+/master/GCC_4_9_DEPRECATION.md


  LD      kernel/sched/built-in.o
  CC      drivers/gpu/arm/t7xx/r22p0/mali_kbase_gpu_memory_debugfs.o
  CC      net/netfilter/nf_conntrack_tftp.o
  CC      net/ipv6/sit.o
Android GCC has been deprecated in favor of Clang, and will be removed from
Android in 2020-01 as per the deprecation plan in:
https://android.googlesource.com/platform/prebuilts/clang/host/linux-x86/+/master/GCC_4_9_DEPRECATION.md


Android GCC has been deprecated in favor of Clang, and will be removed from
Android in 2020-01 as per the deprecation plan in:
https://android.googlesource.com/platform/prebuilts/clang/host/linux-x86/+/master/GCC_4_9_DEPRECATION.md


Android GCC has been deprecated in favor of Clang, and will be removed from
Android in 2020-01 as per the deprecation plan in:
https://android.googlesource.com/platform/prebuilts/clang/host/linux-x86/+/master/GCC_4_9_DEPRECATION.md


  CC      drivers/irled/irled-common.o
  CC      net/ipv6/netfilter/ip6_tables.o
  LD      fs/devpts/devpts.o
Android GCC has been deprecated in favor of Clang, and will be removed from
Android in 2020-01 as per the deprecation plan in:
https://android.googlesource.com/platform/prebuilts/clang/host/linux-x86/+/master/GCC_4_9_DEPRECATION.md


  LD      fs/devpts/built-in.o
  CC      fs/exfat/exfat.o
Android GCC has been deprecated in favor of Clang, and will be removed from
Android in 2020-01 as per the deprecation plan in:
https://android.googlesource.com/platform/prebuilts/clang/host/linux-x86/+/master/GCC_4_9_DEPRECATION.md


Android GCC has been deprecated in favor of Clang, and will be removed from
Android in 2020-01 as per the deprecation plan in:
https://android.googlesource.com/platform/prebuilts/clang/host/linux-x86/+/master/GCC_4_9_DEPRECATION.md


Android GCC has been deprecated in favor of Clang, and will be removed from
Android in 2020-01 as per the deprecation plan in:
https://android.googlesource.com/platform/prebuilts/clang/host/linux-x86/+/master/GCC_4_9_DEPRECATION.md


Android GCC has been deprecated in favor of Clang, and will be removed from
Android in 2020-01 as per the deprecation plan in:
https://android.googlesource.com/platform/prebuilts/clang/host/linux-x86/+/master/GCC_4_9_DEPRECATION.md


  CC      lib/string.o
  CC      drivers/irqchip/irqchip.o
  CC      fs/ecryptfs/inode.o
  CC      fs/cifs/netmisc.o
Android GCC has been deprecated in favor of Clang, and will be removed from
Android in 2020-01 as per the deprecation plan in:
https://android.googlesource.com/platform/prebuilts/clang/host/linux-x86/+/master/GCC_4_9_DEPRECATION.md


Android GCC has been deprecated in favor of Clang, and will be removed from
Android in 2020-01 as per the deprecation plan in:
https://android.googlesource.com/platform/prebuilts/clang/host/linux-x86/+/master/GCC_4_9_DEPRECATION.md


Android GCC has been deprecated in favor of Clang, and will be removed from
Android in 2020-01 as per the deprecation plan in:
https://android.googlesource.com/platform/prebuilts/clang/host/linux-x86/+/master/GCC_4_9_DEPRECATION.md


Android GCC has been deprecated in favor of Clang, and will be removed from
Android in 2020-01 as per the deprecation plan in:
https://android.googlesource.com/platform/prebuilts/clang/host/linux-x86/+/master/GCC_4_9_DEPRECATION.md


  CC      drivers/hid/hid-multitouch.o
  CC      drivers/hid/hid-ntrig.o
  CC      net/ipv6/ip6_tunnel.o
Android GCC has been deprecated in favor of Clang, and will be removed from
Android in 2020-01 as per the deprecation plan in:
https://android.googlesource.com/platform/prebuilts/clang/host/linux-x86/+/master/GCC_4_9_DEPRECATION.md


  CC      net/ipv6/addrconf_core.o
Android GCC has been deprecated in favor of Clang, and will be removed from
Android in 2020-01 as per the deprecation plan in:
https://android.googlesource.com/platform/prebuilts/clang/host/linux-x86/+/master/GCC_4_9_DEPRECATION.md


Android GCC has been deprecated in favor of Clang, and will be removed from
Android in 2020-01 as per the deprecation plan in:
https://android.googlesource.com/platform/prebuilts/clang/host/linux-x86/+/master/GCC_4_9_DEPRECATION.md


  CC      drivers/input/keyboard/cypress_20075/cypress-touchkey.o
Android GCC has been deprecated in favor of Clang, and will be removed from
Android in 2020-01 as per the deprecation plan in:
https://android.googlesource.com/platform/prebuilts/clang/host/linux-x86/+/master/GCC_4_9_DEPRECATION.md


Android GCC has been deprecated in favor of Clang, and will be removed from
Android in 2020-01 as per the deprecation plan in:
https://android.googlesource.com/platform/prebuilts/clang/host/linux-x86/+/master/GCC_4_9_DEPRECATION.md


Android GCC has been deprecated in favor of Clang, and will be removed from
Android in 2020-01 as per the deprecation plan in:
https://android.googlesource.com/platform/prebuilts/clang/host/linux-x86/+/master/GCC_4_9_DEPRECATION.md


  CC      drivers/irqchip/exynos-combiner.o
  CC      drivers/irled/ice5lp.o
  LD      net/netfilter/nf_nat.o
  LD      drivers/iommu/built-in.o
Android GCC has been deprecated in favor of Clang, and will be removed from
Android in 2020-01 as per the deprecation plan in:
https://android.googlesource.com/platform/prebuilts/clang/host/linux-x86/+/master/GCC_4_9_DEPRECATION.md


Android GCC has been deprecated in favor of Clang, and will be removed from
Android in 2020-01 as per the deprecation plan in:
https://android.googlesource.com/platform/prebuilts/clang/host/linux-x86/+/master/GCC_4_9_DEPRECATION.md


  CC      drivers/hid/hid-ortek.o
Android GCC has been deprecated in favor of Clang, and will be removed from
Android in 2020-01 as per the deprecation plan in:
https://android.googlesource.com/platform/prebuilts/clang/host/linux-x86/+/master/GCC_4_9_DEPRECATION.md


  CC      fs/ecryptfs/main.o
  CC      drivers/gpu/arm/t7xx/r22p0/mali_kbase_mem_linux.o
Android GCC has been deprecated in favor of Clang, and will be removed from
Android in 2020-01 as per the deprecation plan in:
https://android.googlesource.com/platform/prebuilts/clang/host/linux-x86/+/master/GCC_4_9_DEPRECATION.md


  CC      fs/ext4/balloc.o
Android GCC has been deprecated in favor of Clang, and will be removed from
Android in 2020-01 as per the deprecation plan in:
https://android.googlesource.com/platform/prebuilts/clang/host/linux-x86/+/master/GCC_4_9_DEPRECATION.md


Android GCC has been deprecated in favor of Clang, and will be removed from
Android in 2020-01 as per the deprecation plan in:
https://android.googlesource.com/platform/prebuilts/clang/host/linux-x86/+/master/GCC_4_9_DEPRECATION.md


  CC      drivers/input/misc/uinput.o
Android GCC has been deprecated in favor of Clang, and will be removed from
Android in 2020-01 as per the deprecation plan in:
https://android.googlesource.com/platform/prebuilts/clang/host/linux-x86/+/master/GCC_4_9_DEPRECATION.md


Android GCC has been deprecated in favor of Clang, and will be removed from
Android in 2020-01 as per the deprecation plan in:
https://android.googlesource.com/platform/prebuilts/clang/host/linux-x86/+/master/GCC_4_9_DEPRECATION.md


Android GCC has been deprecated in favor of Clang, and will be removed from
Android in 2020-01 as per the deprecation plan in:
https://android.googlesource.com/platform/prebuilts/clang/host/linux-x86/+/master/GCC_4_9_DEPRECATION.md


  CC      lib/timerqueue.o
Android GCC has been deprecated in favor of Clang, and will be removed from
Android in 2020-01 as per the deprecation plan in:
https://android.googlesource.com/platform/prebuilts/clang/host/linux-x86/+/master/GCC_4_9_DEPRECATION.md


  CC      fs/ext4/bitmap.o
  CC      drivers/input/misc/input_booster.o
Android GCC has been deprecated in favor of Clang, and will be removed from
Android in 2020-01 as per the deprecation plan in:
https://android.googlesource.com/platform/prebuilts/clang/host/linux-x86/+/master/GCC_4_9_DEPRECATION.md


Android GCC has been deprecated in favor of Clang, and will be removed from
Android in 2020-01 as per the deprecation plan in:
https://android.googlesource.com/platform/prebuilts/clang/host/linux-x86/+/master/GCC_4_9_DEPRECATION.md


Android GCC has been deprecated in favor of Clang, and will be removed from
Android in 2020-01 as per the deprecation plan in:
https://android.googlesource.com/platform/prebuilts/clang/host/linux-x86/+/master/GCC_4_9_DEPRECATION.md


  CC      drivers/irqchip/irq-gic.o
  CC      drivers/hid/hid-prodikeys.o
Android GCC has been deprecated in favor of Clang, and will be removed from
Android in 2020-01 as per the deprecation plan in:
https://android.googlesource.com/platform/prebuilts/clang/host/linux-x86/+/master/GCC_4_9_DEPRECATION.md


Android GCC has been deprecated in favor of Clang, and will be removed from
Android in 2020-01 as per the deprecation plan in:
https://android.googlesource.com/platform/prebuilts/clang/host/linux-x86/+/master/GCC_4_9_DEPRECATION.md


Android GCC has been deprecated in favor of Clang, and will be removed from
Android in 2020-01 as per the deprecation plan in:
https://android.googlesource.com/platform/prebuilts/clang/host/linux-x86/+/master/GCC_4_9_DEPRECATION.md


  CC      drivers/input/keyboard/cypress_20075/cy8cmbr_swd.o
Android GCC has been deprecated in favor of Clang, and will be removed from
Android in 2020-01 as per the deprecation plan in:
https://android.googlesource.com/platform/prebuilts/clang/host/linux-x86/+/master/GCC_4_9_DEPRECATION.md


Android GCC has been deprecated in favor of Clang, and will be removed from
Android in 2020-01 as per the deprecation plan in:
https://android.googlesource.com/platform/prebuilts/clang/host/linux-x86/+/master/GCC_4_9_DEPRECATION.md


Android GCC has been deprecated in favor of Clang, and will be removed from
Android in 2020-01 as per the deprecation plan in:
https://android.googlesource.com/platform/prebuilts/clang/host/linux-x86/+/master/GCC_4_9_DEPRECATION.md


  CC      fs/cifs/smbencrypt.o
  CC      drivers/irled/peelir.o
Android GCC has been deprecated in favor of Clang, and will be removed from
Android in 2020-01 as per the deprecation plan in:
https://android.googlesource.com/platform/prebuilts/clang/host/linux-x86/+/master/GCC_4_9_DEPRECATION.md


Android GCC has been deprecated in favor of Clang, and will be removed from
Android in 2020-01 as per the deprecation plan in:
https://android.googlesource.com/platform/prebuilts/clang/host/linux-x86/+/master/GCC_4_9_DEPRECATION.md


  CC      lib/vsprintf.o
Android GCC has been deprecated in favor of Clang, and will be removed from
Android in 2020-01 as per the deprecation plan in:
https://android.googlesource.com/platform/prebuilts/clang/host/linux-x86/+/master/GCC_4_9_DEPRECATION.md


  CC      net/netfilter/nf_nat_proto_dccp.o
  CC      net/ipv6/netfilter/ip6table_filter.o
Android GCC has been deprecated in favor of Clang, and will be removed from
Android in 2020-01 as per the deprecation plan in:
https://android.googlesource.com/platform/prebuilts/clang/host/linux-x86/+/master/GCC_4_9_DEPRECATION.md


Android GCC has been deprecated in favor of Clang, and will be removed from
Android in 2020-01 as per the deprecation plan in:
https://android.googlesource.com/platform/prebuilts/clang/host/linux-x86/+/master/GCC_4_9_DEPRECATION.md


Android GCC has been deprecated in favor of Clang, and will be removed from
Android in 2020-01 as per the deprecation plan in:
https://android.googlesource.com/platform/prebuilts/clang/host/linux-x86/+/master/GCC_4_9_DEPRECATION.md


  LD      kernel/bpf/built-in.o
  CC      net/ipv4/af_inet.o
  CC      fs/ecryptfs/super.o
Android GCC has been deprecated in favor of Clang, and will be removed from
Android in 2020-01 as per the deprecation plan in:
https://android.googlesource.com/platform/prebuilts/clang/host/linux-x86/+/master/GCC_4_9_DEPRECATION.md


Android GCC has been deprecated in favor of Clang, and will be removed from
Android in 2020-01 as per the deprecation plan in:
https://android.googlesource.com/platform/prebuilts/clang/host/linux-x86/+/master/GCC_4_9_DEPRECATION.md


  CC      fs/ecryptfs/mmap.o
  CC      fs/cifs/transport.o
  CC      drivers/gpu/arm/t7xx/r22p0/mali_kbase_core_linux.o
Android GCC has been deprecated in favor of Clang, and will be removed from
Android in 2020-01 as per the deprecation plan in:
https://android.googlesource.com/platform/prebuilts/clang/host/linux-x86/+/master/GCC_4_9_DEPRECATION.md


Android GCC has been deprecated in favor of Clang, and will be removed from
Android in 2020-01 as per the deprecation plan in:
https://android.googlesource.com/platform/prebuilts/clang/host/linux-x86/+/master/GCC_4_9_DEPRECATION.md


Android GCC has been deprecated in favor of Clang, and will be removed from
Android in 2020-01 as per the deprecation plan in:
https://android.googlesource.com/platform/prebuilts/clang/host/linux-x86/+/master/GCC_4_9_DEPRECATION.md


  CC      drivers/gpu/arm/t7xx/r22p0/mali_kbase_replay.o
Android GCC has been deprecated in favor of Clang, and will be removed from
Android in 2020-01 as per the deprecation plan in:
https://android.googlesource.com/platform/prebuilts/clang/host/linux-x86/+/master/GCC_4_9_DEPRECATION.md


  CC      kernel/trace/trace_export.o
Android GCC has been deprecated in favor of Clang, and will be removed from
Android in 2020-01 as per the deprecation plan in:
https://android.googlesource.com/platform/prebuilts/clang/host/linux-x86/+/master/GCC_4_9_DEPRECATION.md


Android GCC has been deprecated in favor of Clang, and will be removed from
Android in 2020-01 as per the deprecation plan in:
https://android.googlesource.com/platform/prebuilts/clang/host/linux-x86/+/master/GCC_4_9_DEPRECATION.md


Android GCC has been deprecated in favor of Clang, and will be removed from
Android in 2020-01 as per the deprecation plan in:
https://android.googlesource.com/platform/prebuilts/clang/host/linux-x86/+/master/GCC_4_9_DEPRECATION.md


  LD      drivers/irqchip/built-in.o
  CC      net/ipv4/igmp.o
  CC      drivers/input/touchscreen/stm/fts_ts.o
  CC      net/ipv4/fib_frontend.o
  CC      drivers/hid/hid-pl.o
Android GCC has been deprecated in favor of Clang, and will be removed from
Android in 2020-01 as per the deprecation plan in:
https://android.googlesource.com/platform/prebuilts/clang/host/linux-x86/+/master/GCC_4_9_DEPRECATION.md


Android GCC has been deprecated in favor of Clang, and will be removed from
Android in 2020-01 as per the deprecation plan in:
https://android.googlesource.com/platform/prebuilts/clang/host/linux-x86/+/master/GCC_4_9_DEPRECATION.md


Android GCC has been deprecated in favor of Clang, and will be removed from
Android in 2020-01 as per the deprecation plan in:
https://android.googlesource.com/platform/prebuilts/clang/host/linux-x86/+/master/GCC_4_9_DEPRECATION.md


Android GCC has been deprecated in favor of Clang, and will be removed from
Android in 2020-01 as per the deprecation plan in:
https://android.googlesource.com/platform/prebuilts/clang/host/linux-x86/+/master/GCC_4_9_DEPRECATION.md


  LD      drivers/irled/built-in.o
  CC      fs/ext4/dir.o
  CC      drivers/hid/hid-petalynx.o
Android GCC has been deprecated in favor of Clang, and will be removed from
Android in 2020-01 as per the deprecation plan in:
https://android.googlesource.com/platform/prebuilts/clang/host/linux-x86/+/master/GCC_4_9_DEPRECATION.md


Android GCC has been deprecated in favor of Clang, and will be removed from
Android in 2020-01 as per the deprecation plan in:
https://android.googlesource.com/platform/prebuilts/clang/host/linux-x86/+/master/GCC_4_9_DEPRECATION.md


  CC      drivers/input/keyboard/cypress_20075/SWD_PacketLayer.o
Android GCC has been deprecated in favor of Clang, and will be removed from
Android in 2020-01 as per the deprecation plan in:
https://android.googlesource.com/platform/prebuilts/clang/host/linux-x86/+/master/GCC_4_9_DEPRECATION.md


  CC      net/ipv4/fib_semantics.o
  CC      net/ipv6/netfilter/ip6table_mangle.o
  CC      kernel/trace/trace_event_perf.o
Android GCC has been deprecated in favor of Clang, and will be removed from
Android in 2020-01 as per the deprecation plan in:
https://android.googlesource.com/platform/prebuilts/clang/host/linux-x86/+/master/GCC_4_9_DEPRECATION.md


In file included from include/trace/define_trace.h:86:0,
                 from drivers/gpu/arm/t7xx/r22p0/mali_linux_systrace.h:108,
                 from drivers/gpu/arm/t7xx/r22p0/mali_kbase_core_linux.c:4241:
drivers/gpu/arm/t7xx/r22p0/./mali_linux_systrace.h: In function 'perf_trace_mali_job_systrace_event_start':
include/trace/ftrace.h:653:6: warning: unused variable '__addr' [-Wunused-variable]
  u64 __addr = 0, __count = 1;     \
      ^
include/trace/ftrace.h:32:2: note: in expansion of macro 'DECLARE_EVENT_CLASS'
  DECLARE_EVENT_CLASS(name,          \
  ^
drivers/gpu/arm/t7xx/r22p0/./mali_linux_systrace.h:18:1: note: in expansion of macro 'TRACE_EVENT'
 TRACE_EVENT(mali_job_systrace_event_start,
 ^
drivers/gpu/arm/t7xx/r22p0/./mali_linux_systrace.h: In function 'perf_trace_mali_job_systrace_event_stop':
include/trace/ftrace.h:653:6: warning: unused variable '__addr' [-Wunused-variable]
  u64 __addr = 0, __count = 1;     \
      ^
include/trace/ftrace.h:32:2: note: in expansion of macro 'DECLARE_EVENT_CLASS'
  DECLARE_EVENT_CLASS(name,          \
  ^
drivers/gpu/arm/t7xx/r22p0/./mali_linux_systrace.h:60:1: note: in expansion of macro 'TRACE_EVENT'
 TRACE_EVENT(mali_job_systrace_event_stop,
 ^
net/ipv4/af_inet.c: In function 'inet_bind':
net/ipv4/af_inet.c:496:6: warning: unused variable 'chk_addr_ret' [-Wunused-variable]
  int chk_addr_ret;
      ^
net/ipv4/af_inet.c:495:17: warning: unused variable 'snum' [-Wunused-variable]
  unsigned short snum;
                 ^
net/ipv4/af_inet.c:494:14: warning: unused variable 'net' [-Wunused-variable]
  struct net *net = sock_net(sk);
              ^
net/ipv4/af_inet.c:493:20: warning: unused variable 'inet' [-Wunused-variable]
  struct inet_sock *inet = inet_sk(sk);
                    ^
net/ipv4/af_inet.c:491:22: warning: unused variable 'addr' [-Wunused-variable]
  struct sockaddr_in *addr = (struct sockaddr_in *)uaddr;
                      ^
Android GCC has been deprecated in favor of Clang, and will be removed from
Android in 2020-01 as per the deprecation plan in:
https://android.googlesource.com/platform/prebuilts/clang/host/linux-x86/+/master/GCC_4_9_DEPRECATION.md


Android GCC has been deprecated in favor of Clang, and will be removed from
Android in 2020-01 as per the deprecation plan in:
https://android.googlesource.com/platform/prebuilts/clang/host/linux-x86/+/master/GCC_4_9_DEPRECATION.md


  CC      net/netfilter/nf_nat_proto_udplite.o
  CC      drivers/gpu/arm/t7xx/r22p0/mali_kbase_mem_profile_debugfs.o
  CC      drivers/input/wacom/wacom_i2c.o
Android GCC has been deprecated in favor of Clang, and will be removed from
Android in 2020-01 as per the deprecation plan in:
https://android.googlesource.com/platform/prebuilts/clang/host/linux-x86/+/master/GCC_4_9_DEPRECATION.md


Android GCC has been deprecated in favor of Clang, and will be removed from
Android in 2020-01 as per the deprecation plan in:
https://android.googlesource.com/platform/prebuilts/clang/host/linux-x86/+/master/GCC_4_9_DEPRECATION.md


  CC      fs/f2fs/dir.o
Android GCC has been deprecated in favor of Clang, and will be removed from
Android in 2020-01 as per the deprecation plan in:
https://android.googlesource.com/platform/prebuilts/clang/host/linux-x86/+/master/GCC_4_9_DEPRECATION.md


Android GCC has been deprecated in favor of Clang, and will be removed from
Android in 2020-01 as per the deprecation plan in:
https://android.googlesource.com/platform/prebuilts/clang/host/linux-x86/+/master/GCC_4_9_DEPRECATION.md


Android GCC has been deprecated in favor of Clang, and will be removed from
Android in 2020-01 as per the deprecation plan in:
https://android.googlesource.com/platform/prebuilts/clang/host/linux-x86/+/master/GCC_4_9_DEPRECATION.md


Android GCC has been deprecated in favor of Clang, and will be removed from
Android in 2020-01 as per the deprecation plan in:
https://android.googlesource.com/platform/prebuilts/clang/host/linux-x86/+/master/GCC_4_9_DEPRECATION.md


  CC      fs/ecryptfs/read_write.o
  CC      net/netfilter/nf_nat_proto_sctp.o
  LD      drivers/hid/hid-picolcd.o
Android GCC has been deprecated in favor of Clang, and will be removed from
Android in 2020-01 as per the deprecation plan in:
https://android.googlesource.com/platform/prebuilts/clang/host/linux-x86/+/master/GCC_4_9_DEPRECATION.md


Android GCC has been deprecated in favor of Clang, and will be removed from
Android in 2020-01 as per the deprecation plan in:
https://android.googlesource.com/platform/prebuilts/clang/host/linux-x86/+/master/GCC_4_9_DEPRECATION.md


Android GCC has been deprecated in favor of Clang, and will be removed from
Android in 2020-01 as per the deprecation plan in:
https://android.googlesource.com/platform/prebuilts/clang/host/linux-x86/+/master/GCC_4_9_DEPRECATION.md


  CC      drivers/hid/hid-roccat.o
Android GCC has been deprecated in favor of Clang, and will be removed from
Android in 2020-01 as per the deprecation plan in:
https://android.googlesource.com/platform/prebuilts/clang/host/linux-x86/+/master/GCC_4_9_DEPRECATION.md


  CC      drivers/input/keyboard/cypress_20075/SWD_UpperPacketLayer.o
Android GCC has been deprecated in favor of Clang, and will be removed from
Android in 2020-01 as per the deprecation plan in:
https://android.googlesource.com/platform/prebuilts/clang/host/linux-x86/+/master/GCC_4_9_DEPRECATION.md


  LD      drivers/input/misc/built-in.o
  CC      fs/f2fs/file.o
Android GCC has been deprecated in favor of Clang, and will be removed from
Android in 2020-01 as per the deprecation plan in:
https://android.googlesource.com/platform/prebuilts/clang/host/linux-x86/+/master/GCC_4_9_DEPRECATION.md


  CC      drivers/input/touchscreen/stm/fts_fwu.o
Android GCC has been deprecated in favor of Clang, and will be removed from
Android in 2020-01 as per the deprecation plan in:
https://android.googlesource.com/platform/prebuilts/clang/host/linux-x86/+/master/GCC_4_9_DEPRECATION.md


Android GCC has been deprecated in favor of Clang, and will be removed from
Android in 2020-01 as per the deprecation plan in:
https://android.googlesource.com/platform/prebuilts/clang/host/linux-x86/+/master/GCC_4_9_DEPRECATION.md


  CC      drivers/input/wacom/wacom_i2c_firm.o
  CC      net/ipv6/exthdrs_core.o
  LD      drivers/input/keyboard/cypress_20075/built-in.o
  CC      fs/ext4/file.o
Android GCC has been deprecated in favor of Clang, and will be removed from
Android in 2020-01 as per the deprecation plan in:
https://android.googlesource.com/platform/prebuilts/clang/host/linux-x86/+/master/GCC_4_9_DEPRECATION.md


Android GCC has been deprecated in favor of Clang, and will be removed from
Android in 2020-01 as per the deprecation plan in:
https://android.googlesource.com/platform/prebuilts/clang/host/linux-x86/+/master/GCC_4_9_DEPRECATION.md


  LD      drivers/input/keyboard/built-in.o
Android GCC has been deprecated in favor of Clang, and will be removed from
Android in 2020-01 as per the deprecation plan in:
https://android.googlesource.com/platform/prebuilts/clang/host/linux-x86/+/master/GCC_4_9_DEPRECATION.md


  CC      fs/cifs/asn1.o
  CC      fs/exfat/exfat_api.o
Android GCC has been deprecated in favor of Clang, and will be removed from
Android in 2020-01 as per the deprecation plan in:
https://android.googlesource.com/platform/prebuilts/clang/host/linux-x86/+/master/GCC_4_9_DEPRECATION.md


  CC      net/ipv6/netfilter/ip6table_raw.o
  CC      drivers/leds/led-core.o
  CC      fs/ecryptfs/crypto.o
Android GCC has been deprecated in favor of Clang, and will be removed from
Android in 2020-01 as per the deprecation plan in:
https://android.googlesource.com/platform/prebuilts/clang/host/linux-x86/+/master/GCC_4_9_DEPRECATION.md


Android GCC has been deprecated in favor of Clang, and will be removed from
Android in 2020-01 as per the deprecation plan in:
https://android.googlesource.com/platform/prebuilts/clang/host/linux-x86/+/master/GCC_4_9_DEPRECATION.md


Android GCC has been deprecated in favor of Clang, and will be removed from
Android in 2020-01 as per the deprecation plan in:
https://android.googlesource.com/platform/prebuilts/clang/host/linux-x86/+/master/GCC_4_9_DEPRECATION.md


Android GCC has been deprecated in favor of Clang, and will be removed from
Android in 2020-01 as per the deprecation plan in:
https://android.googlesource.com/platform/prebuilts/clang/host/linux-x86/+/master/GCC_4_9_DEPRECATION.md


  LD      lib/built-in.o
  CC      kernel/trace/trace_events_filter.o
  CC      net/ipv4/fib_trie.o
Android GCC has been deprecated in favor of Clang, and will be removed from
Android in 2020-01 as per the deprecation plan in:
https://android.googlesource.com/platform/prebuilts/clang/host/linux-x86/+/master/GCC_4_9_DEPRECATION.md


Android GCC has been deprecated in favor of Clang, and will be removed from
Android in 2020-01 as per the deprecation plan in:
https://android.googlesource.com/platform/prebuilts/clang/host/linux-x86/+/master/GCC_4_9_DEPRECATION.md


Android GCC has been deprecated in favor of Clang, and will be removed from
Android in 2020-01 as per the deprecation plan in:
https://android.googlesource.com/platform/prebuilts/clang/host/linux-x86/+/master/GCC_4_9_DEPRECATION.md


Android GCC has been deprecated in favor of Clang, and will be removed from
Android in 2020-01 as per the deprecation plan in:
https://android.googlesource.com/platform/prebuilts/clang/host/linux-x86/+/master/GCC_4_9_DEPRECATION.md


  CC      drivers/input/wacom/wacom_i2c_func.o
  CC      kernel/trace/power-traces.o
Android GCC has been deprecated in favor of Clang, and will be removed from
Android in 2020-01 as per the deprecation plan in:
https://android.googlesource.com/platform/prebuilts/clang/host/linux-x86/+/master/GCC_4_9_DEPRECATION.md


  CC      net/netfilter/nf_nat_amanda.o
Android GCC has been deprecated in favor of Clang, and will be removed from
Android in 2020-01 as per the deprecation plan in:
https://android.googlesource.com/platform/prebuilts/clang/host/linux-x86/+/master/GCC_4_9_DEPRECATION.md


Android GCC has been deprecated in favor of Clang, and will be removed from
Android in 2020-01 as per the deprecation plan in:
https://android.googlesource.com/platform/prebuilts/clang/host/linux-x86/+/master/GCC_4_9_DEPRECATION.md


Android GCC has been deprecated in favor of Clang, and will be removed from
Android in 2020-01 as per the deprecation plan in:
https://android.googlesource.com/platform/prebuilts/clang/host/linux-x86/+/master/GCC_4_9_DEPRECATION.md

  CC      drivers/hid/hid-roccat-common.o

Android GCC has been deprecated in favor of Clang, and will be removed from
Android in 2020-01 as per the deprecation plan in:
https://android.googlesource.com/platform/prebuilts/clang/host/linux-x86/+/master/GCC_4_9_DEPRECATION.md


Android GCC has been deprecated in favor of Clang, and will be removed from
Android in 2020-01 as per the deprecation plan in:
https://android.googlesource.com/platform/prebuilts/clang/host/linux-x86/+/master/GCC_4_9_DEPRECATION.md


Android GCC has been deprecated in favor of Clang, and will be removed from
Android in 2020-01 as per the deprecation plan in:
https://android.googlesource.com/platform/prebuilts/clang/host/linux-x86/+/master/GCC_4_9_DEPRECATION.md


  AR      lib/lib.a
Android GCC has been deprecated in favor of Clang, and will be removed from
Android in 2020-01 as per the deprecation plan in:
https://android.googlesource.com/platform/prebuilts/clang/host/linux-x86/+/master/GCC_4_9_DEPRECATION.md


  CC      drivers/leds/led-class.o
  CC      fs/f2fs/inode.o
Android GCC has been deprecated in favor of Clang, and will be removed from
Android in 2020-01 as per the deprecation plan in:
https://android.googlesource.com/platform/prebuilts/clang/host/linux-x86/+/master/GCC_4_9_DEPRECATION.md


In file included from include/trace/define_trace.h:86:0,
                 from include/trace/events/power.h:202,
                 from kernel/trace/power-traces.c:14:
include/trace/events/power.h: In function 'perf_trace_cpu':
include/trace/ftrace.h:653:6: warning: unused variable '__addr' [-Wunused-variable]
  u64 __addr = 0, __count = 1;     \
      ^
include/trace/events/power.h:10:1: note: in expansion of macro 'DECLARE_EVENT_CLASS'
 DECLARE_EVENT_CLASS(cpu,
 ^
include/trace/events/power.h: In function 'perf_trace_machine_suspend':
include/trace/ftrace.h:653:6: warning: unused variable '__addr' [-Wunused-variable]
  u64 __addr = 0, __count = 1;     \
      ^
include/trace/ftrace.h:32:2: note: in expansion of macro 'DECLARE_EVENT_CLASS'
  DECLARE_EVENT_CLASS(name,          \
  ^
include/trace/events/power.h:51:1: note: in expansion of macro 'TRACE_EVENT'
 TRACE_EVENT(machine_suspend,
 ^
include/trace/events/power.h: In function 'perf_trace_wakeup_source':
include/trace/ftrace.h:653:6: warning: unused variable '__addr' [-Wunused-variable]
  u64 __addr = 0, __count = 1;     \
      ^
include/trace/events/power.h:68:1: note: in expansion of macro 'DECLARE_EVENT_CLASS'
 DECLARE_EVENT_CLASS(wakeup_source,
 ^
include/trace/events/power.h: In function 'perf_trace_clock':
include/trace/ftrace.h:653:6: warning: unused variable '__addr' [-Wunused-variable]
  u64 __addr = 0, __count = 1;     \
      ^
include/trace/events/power.h:106:1: note: in expansion of macro 'DECLARE_EVENT_CLASS'
 DECLARE_EVENT_CLASS(clock,
 ^
include/trace/events/power.h: In function 'perf_trace_clock_set_parent':
include/trace/ftrace.h:653:6: warning: unused variable '__addr' [-Wunused-variable]
  u64 __addr = 0, __count = 1;     \
      ^
include/trace/ftrace.h:32:2: note: in expansion of macro 'DECLARE_EVENT_CLASS'
  DECLARE_EVENT_CLASS(name,          \
  ^
include/trace/events/power.h:149:1: note: in expansion of macro 'TRACE_EVENT'
 TRACE_EVENT(clock_set_parent,
 ^
Android GCC has been deprecated in favor of Clang, and will be removed from
Android in 2020-01 as per the deprecation plan in:
https://android.googlesource.com/platform/prebuilts/clang/host/linux-x86/+/master/GCC_4_9_DEPRECATION.md


include/trace/events/power.h: In function 'perf_trace_power_domain':
include/trace/ftrace.h:653:6: warning: unused variable '__addr' [-Wunused-variable]
  u64 __addr = 0, __count = 1;     \
      ^
include/trace/events/power.h:171:1: note: in expansion of macro 'DECLARE_EVENT_CLASS'
 DECLARE_EVENT_CLASS(power_domain,
 ^
  CC      net/netfilter/nf_nat_ftp.o
Android GCC has been deprecated in favor of Clang, and will be removed from
Android in 2020-01 as per the deprecation plan in:
https://android.googlesource.com/platform/prebuilts/clang/host/linux-x86/+/master/GCC_4_9_DEPRECATION.md


  CC      kernel/spinlock.o
Android GCC has been deprecated in favor of Clang, and will be removed from
Android in 2020-01 as per the deprecation plan in:
https://android.googlesource.com/platform/prebuilts/clang/host/linux-x86/+/master/GCC_4_9_DEPRECATION.md


Android GCC has been deprecated in favor of Clang, and will be removed from
Android in 2020-01 as per the deprecation plan in:
https://android.googlesource.com/platform/prebuilts/clang/host/linux-x86/+/master/GCC_4_9_DEPRECATION.md


  CC      fs/ext4/fsync.o
Android GCC has been deprecated in favor of Clang, and will be removed from
Android in 2020-01 as per the deprecation plan in:
https://android.googlesource.com/platform/prebuilts/clang/host/linux-x86/+/master/GCC_4_9_DEPRECATION.md


  CC      net/ipv6/netfilter/nf_conntrack_l3proto_ipv6.o
  CC      net/ipv6/netfilter/nf_conntrack_proto_icmpv6.o
Android GCC has been deprecated in favor of Clang, and will be removed from
Android in 2020-01 as per the deprecation plan in:
https://android.googlesource.com/platform/prebuilts/clang/host/linux-x86/+/master/GCC_4_9_DEPRECATION.md


Android GCC has been deprecated in favor of Clang, and will be removed from
Android in 2020-01 as per the deprecation plan in:
https://android.googlesource.com/platform/prebuilts/clang/host/linux-x86/+/master/GCC_4_9_DEPRECATION.md


Android GCC has been deprecated in favor of Clang, and will be removed from
Android in 2020-01 as per the deprecation plan in:
https://android.googlesource.com/platform/prebuilts/clang/host/linux-x86/+/master/GCC_4_9_DEPRECATION.md


  CC      kernel/trace/rpm-traces.o
  CC      drivers/hid/hid-roccat-arvo.o
Android GCC has been deprecated in favor of Clang, and will be removed from
Android in 2020-01 as per the deprecation plan in:
https://android.googlesource.com/platform/prebuilts/clang/host/linux-x86/+/master/GCC_4_9_DEPRECATION.md


Android GCC has been deprecated in favor of Clang, and will be removed from
Android in 2020-01 as per the deprecation plan in:
https://android.googlesource.com/platform/prebuilts/clang/host/linux-x86/+/master/GCC_4_9_DEPRECATION.md


  CC      drivers/input/wacom/w9012_flash.o
Android GCC has been deprecated in favor of Clang, and will be removed from
Android in 2020-01 as per the deprecation plan in:
https://android.googlesource.com/platform/prebuilts/clang/host/linux-x86/+/master/GCC_4_9_DEPRECATION.md


  CC      net/ipv6/ip6_checksum.o
  CC      net/ipv6/ip6_icmp.o
  CC      fs/cifs/cifs_unicode.o
Android GCC has been deprecated in favor of Clang, and will be removed from
Android in 2020-01 as per the deprecation plan in:
https://android.googlesource.com/platform/prebuilts/clang/host/linux-x86/+/master/GCC_4_9_DEPRECATION.md


Android GCC has been deprecated in favor of Clang, and will be removed from
Android in 2020-01 as per the deprecation plan in:
https://android.googlesource.com/platform/prebuilts/clang/host/linux-x86/+/master/GCC_4_9_DEPRECATION.md


Android GCC has been deprecated in favor of Clang, and will be removed from
Android in 2020-01 as per the deprecation plan in:
https://android.googlesource.com/platform/prebuilts/clang/host/linux-x86/+/master/GCC_4_9_DEPRECATION.md


Android GCC has been deprecated in favor of Clang, and will be removed from
Android in 2020-01 as per the deprecation plan in:
https://android.googlesource.com/platform/prebuilts/clang/host/linux-x86/+/master/GCC_4_9_DEPRECATION.md


Android GCC has been deprecated in favor of Clang, and will be removed from
Android in 2020-01 as per the deprecation plan in:
https://android.googlesource.com/platform/prebuilts/clang/host/linux-x86/+/master/GCC_4_9_DEPRECATION.md


  CC      drivers/gpu/arm/t7xx/r22p0/mali_kbase_mmu_mode_lpae.o
  CC      fs/ecryptfs/keystore.o
  CC      fs/exfat/exfat_blkdev.o
Android GCC has been deprecated in favor of Clang, and will be removed from
Android in 2020-01 as per the deprecation plan in:
https://android.googlesource.com/platform/prebuilts/clang/host/linux-x86/+/master/GCC_4_9_DEPRECATION.md


  CC      drivers/gpu/arm/t7xx/r22p0/mali_kbase_mmu_mode_aarch64.o
Android GCC has been deprecated in favor of Clang, and will be removed from
Android in 2020-01 as per the deprecation plan in:
https://android.googlesource.com/platform/prebuilts/clang/host/linux-x86/+/master/GCC_4_9_DEPRECATION.md


Android GCC has been deprecated in favor of Clang, and will be removed from
Android in 2020-01 as per the deprecation plan in:
https://android.googlesource.com/platform/prebuilts/clang/host/linux-x86/+/master/GCC_4_9_DEPRECATION.md


Android GCC has been deprecated in favor of Clang, and will be removed from
Android in 2020-01 as per the deprecation plan in:
https://android.googlesource.com/platform/prebuilts/clang/host/linux-x86/+/master/GCC_4_9_DEPRECATION.md


Android GCC has been deprecated in favor of Clang, and will be removed from
Android in 2020-01 as per the deprecation plan in:
https://android.googlesource.com/platform/prebuilts/clang/host/linux-x86/+/master/GCC_4_9_DEPRECATION.md


Android GCC has been deprecated in favor of Clang, and will be removed from
Android in 2020-01 as per the deprecation plan in:
https://android.googlesource.com/platform/prebuilts/clang/host/linux-x86/+/master/GCC_4_9_DEPRECATION.md


  CC      drivers/leds/leds-max77843-rgb.o
Android GCC has been deprecated in favor of Clang, and will be removed from
Android in 2020-01 as per the deprecation plan in:
https://android.googlesource.com/platform/prebuilts/clang/host/linux-x86/+/master/GCC_4_9_DEPRECATION.md


In file included from include/trace/define_trace.h:86:0,
                 from include/trace/events/rpm.h:100,
                 from kernel/trace/rpm-traces.c:15:
include/trace/events/rpm.h: In function 'perf_trace_rpm_internal':
include/trace/ftrace.h:653:6: warning: unused variable '__addr' [-Wunused-variable]
  u64 __addr = 0, __count = 1;     \
      ^
include/trace/events/rpm.h:17:1: note: in expansion of macro 'DECLARE_EVENT_CLASS'
 DECLARE_EVENT_CLASS(rpm_internal,
 ^
include/trace/events/rpm.h: In function 'perf_trace_rpm_return_int':
include/trace/ftrace.h:653:6: warning: unused variable '__addr' [-Wunused-variable]
  u64 __addr = 0, __count = 1;     \
      ^
include/trace/ftrace.h:32:2: note: in expansion of macro 'DECLARE_EVENT_CLASS'
  DECLARE_EVENT_CLASS(name,          \
  ^
include/trace/events/rpm.h:77:1: note: in expansion of macro 'TRACE_EVENT'
 TRACE_EVENT(rpm_return_int,
 ^
Android GCC has been deprecated in favor of Clang, and will be removed from
Android in 2020-01 as per the deprecation plan in:
https://android.googlesource.com/platform/prebuilts/clang/host/linux-x86/+/master/GCC_4_9_DEPRECATION.md


Android GCC has been deprecated in favor of Clang, and will be removed from
Android in 2020-01 as per the deprecation plan in:
https://android.googlesource.com/platform/prebuilts/clang/host/linux-x86/+/master/GCC_4_9_DEPRECATION.md


  CC      fs/cifs/nterr.o
Android GCC has been deprecated in favor of Clang, and will be removed from
Android in 2020-01 as per the deprecation plan in:
https://android.googlesource.com/platform/prebuilts/clang/host/linux-x86/+/master/GCC_4_9_DEPRECATION.md


  CC      fs/f2fs/namei.o
  CC      fs/exfat/exfat_cache.o
Android GCC has been deprecated in favor of Clang, and will be removed from
Android in 2020-01 as per the deprecation plan in:
https://android.googlesource.com/platform/prebuilts/clang/host/linux-x86/+/master/GCC_4_9_DEPRECATION.md


Android GCC has been deprecated in favor of Clang, and will be removed from
Android in 2020-01 as per the deprecation plan in:
https://android.googlesource.com/platform/prebuilts/clang/host/linux-x86/+/master/GCC_4_9_DEPRECATION.md


Android GCC has been deprecated in favor of Clang, and will be removed from
Android in 2020-01 as per the deprecation plan in:
https://android.googlesource.com/platform/prebuilts/clang/host/linux-x86/+/master/GCC_4_9_DEPRECATION.md


drivers/input/wacom/w9012_flash.c: In function 'wacom_i2c_flash_w9012':
drivers/input/wacom/w9012_flash.c:670:1: warning: the frame size of 1152 bytes is larger than 1024 bytes [-Wframe-larger-than=]
 }
 ^
  CC      drivers/input/hall.o
  CC      fs/ext4/ialloc.o
  CC      drivers/hid/hid-roccat-isku.o
  CC      net/netfilter/nf_nat_irc.o
Android GCC has been deprecated in favor of Clang, and will be removed from
Android in 2020-01 as per the deprecation plan in:
https://android.googlesource.com/platform/prebuilts/clang/host/linux-x86/+/master/GCC_4_9_DEPRECATION.md


Android GCC has been deprecated in favor of Clang, and will be removed from
Android in 2020-01 as per the deprecation plan in:
https://android.googlesource.com/platform/prebuilts/clang/host/linux-x86/+/master/GCC_4_9_DEPRECATION.md


Android GCC has been deprecated in favor of Clang, and will be removed from
Android in 2020-01 as per the deprecation plan in:
https://android.googlesource.com/platform/prebuilts/clang/host/linux-x86/+/master/GCC_4_9_DEPRECATION.md


Android GCC has been deprecated in favor of Clang, and will be removed from
Android in 2020-01 as per the deprecation plan in:
https://android.googlesource.com/platform/prebuilts/clang/host/linux-x86/+/master/GCC_4_9_DEPRECATION.md

Android GCC has been deprecated in favor of Clang, and will be removed from
Android in 2020-01 as per the deprecation plan in:
https://android.googlesource.com/platform/prebuilts/clang/host/linux-x86/+/master/GCC_4_9_DEPRECATION.md



  CC      net/ipv4/inet_fragment.o
Android GCC has been deprecated in favor of Clang, and will be removed from
Android in 2020-01 as per the deprecation plan in:
https://android.googlesource.com/platform/prebuilts/clang/host/linux-x86/+/master/GCC_4_9_DEPRECATION.md


  CC      net/ipv6/netfilter/nf_defrag_ipv6_hooks.o
Android GCC has been deprecated in favor of Clang, and will be removed from
Android in 2020-01 as per the deprecation plan in:
https://android.googlesource.com/platform/prebuilts/clang/host/linux-x86/+/master/GCC_4_9_DEPRECATION.md


  LD      drivers/input/wacom/built-in.o
Android GCC has been deprecated in favor of Clang, and will be removed from
Android in 2020-01 as per the deprecation plan in:
https://android.googlesource.com/platform/prebuilts/clang/host/linux-x86/+/master/GCC_4_9_DEPRECATION.md


  LD      drivers/input/input-core.o
  CC      kernel/uid16.o
  CC      net/ipv6/output_core.o
  CC      kernel/module.o
  CC      fs/f2fs/hash.o
  CC      drivers/gpu/arm/t7xx/r22p0/mali_kbase_disjoint_events.o
Android GCC has been deprecated in favor of Clang, and will be removed from
Android in 2020-01 as per the deprecation plan in:
https://android.googlesource.com/platform/prebuilts/clang/host/linux-x86/+/master/GCC_4_9_DEPRECATION.md


Android GCC has been deprecated in favor of Clang, and will be removed from
Android in 2020-01 as per the deprecation plan in:
https://android.googlesource.com/platform/prebuilts/clang/host/linux-x86/+/master/GCC_4_9_DEPRECATION.md


Android GCC has been deprecated in favor of Clang, and will be removed from
Android in 2020-01 as per the deprecation plan in:
https://android.googlesource.com/platform/prebuilts/clang/host/linux-x86/+/master/GCC_4_9_DEPRECATION.md


Android GCC has been deprecated in favor of Clang, and will be removed from
Android in 2020-01 as per the deprecation plan in:
https://android.googlesource.com/platform/prebuilts/clang/host/linux-x86/+/master/GCC_4_9_DEPRECATION.md


Android GCC has been deprecated in favor of Clang, and will be removed from
Android in 2020-01 as per the deprecation plan in:
https://android.googlesource.com/platform/prebuilts/clang/host/linux-x86/+/master/GCC_4_9_DEPRECATION.md


  CC      net/ipv6/netfilter/nf_conntrack_reasm.o
Android GCC has been deprecated in favor of Clang, and will be removed from
Android in 2020-01 as per the deprecation plan in:
https://android.googlesource.com/platform/prebuilts/clang/host/linux-x86/+/master/GCC_4_9_DEPRECATION.md


  CC      kernel/trace/gpu-traces.o
  CC      fs/fuse/dev.o
  CC      kernel/kallsyms.o
Android GCC has been deprecated in favor of Clang, and will be removed from
Android in 2020-01 as per the deprecation plan in:
https://android.googlesource.com/platform/prebuilts/clang/host/linux-x86/+/master/GCC_4_9_DEPRECATION.md


Android GCC has been deprecated in favor of Clang, and will be removed from
Android in 2020-01 as per the deprecation plan in:
https://android.googlesource.com/platform/prebuilts/clang/host/linux-x86/+/master/GCC_4_9_DEPRECATION.md


Android GCC has been deprecated in favor of Clang, and will be removed from
Android in 2020-01 as per the deprecation plan in:
https://android.googlesource.com/platform/prebuilts/clang/host/linux-x86/+/master/GCC_4_9_DEPRECATION.md


Android GCC has been deprecated in favor of Clang, and will be removed from
Android in 2020-01 as per the deprecation plan in:
https://android.googlesource.com/platform/prebuilts/clang/host/linux-x86/+/master/GCC_4_9_DEPRECATION.md


  CC      fs/cifs/xattr.o
Android GCC has been deprecated in favor of Clang, and will be removed from
Android in 2020-01 as per the deprecation plan in:
https://android.googlesource.com/platform/prebuilts/clang/host/linux-x86/+/master/GCC_4_9_DEPRECATION.md


  CC      drivers/gpu/arm/t7xx/r22p0/mali_kbase_gator_api.o
  CC      fs/f2fs/super.o
  CC      fs/ecryptfs/kthread.o
Android GCC has been deprecated in favor of Clang, and will be removed from
Android in 2020-01 as per the deprecation plan in:
https://android.googlesource.com/platform/prebuilts/clang/host/linux-x86/+/master/GCC_4_9_DEPRECATION.md


In file included from include/trace/define_trace.h:86:0,
                 from include/trace/events/gpu.h:143,
                 from kernel/trace/gpu-traces.c:20:
include/trace/events/gpu.h: In function 'perf_trace_gpu_sched_switch':
include/trace/ftrace.h:653:6: warning: unused variable '__addr' [-Wunused-variable]
  u64 __addr = 0, __count = 1;     \
      ^
include/trace/ftrace.h:32:2: note: in expansion of macro 'DECLARE_EVENT_CLASS'
  DECLARE_EVENT_CLASS(name,          \
  ^
include/trace/events/gpu.h:58:1: note: in expansion of macro 'TRACE_EVENT'
 TRACE_EVENT(gpu_sched_switch,
 ^
include/trace/events/gpu.h: In function 'perf_trace_gpu_job_enqueue':
include/trace/ftrace.h:653:6: warning: unused variable '__addr' [-Wunused-variable]
  u64 __addr = 0, __count = 1;     \
      ^
include/trace/ftrace.h:32:2: note: in expansion of macro 'DECLARE_EVENT_CLASS'
  DECLARE_EVENT_CLASS(name,          \
  ^
include/trace/events/gpu.h:113:1: note: in expansion of macro 'TRACE_EVENT'
 TRACE_EVENT(gpu_job_enqueue,
 ^
Android GCC has been deprecated in favor of Clang, and will be removed from
Android in 2020-01 as per the deprecation plan in:
https://android.googlesource.com/platform/prebuilts/clang/host/linux-x86/+/master/GCC_4_9_DEPRECATION.md


  CC      drivers/leds/leds-ktd2692.o
Android GCC has been deprecated in favor of Clang, and will be removed from
Android in 2020-01 as per the deprecation plan in:
https://android.googlesource.com/platform/prebuilts/clang/host/linux-x86/+/master/GCC_4_9_DEPRECATION.md


In file included from include/trace/define_trace.h:86:0,
                 from include/trace/events/module.h:131,
                 from kernel/module.c:71:
include/trace/events/module.h: In function 'perf_trace_module_load':
include/trace/ftrace.h:653:6: warning: unused variable '__addr' [-Wunused-variable]
  u64 __addr = 0, __count = 1;     \
      ^
include/trace/ftrace.h:32:2: note: in expansion of macro 'DECLARE_EVENT_CLASS'
  DECLARE_EVENT_CLASS(name,          \
  ^
include/trace/events/module.h:28:1: note: in expansion of macro 'TRACE_EVENT'
 TRACE_EVENT(module_load,
 ^
include/trace/events/module.h: In function 'perf_trace_module_free':
include/trace/ftrace.h:653:6: warning: unused variable '__addr' [-Wunused-variable]
  u64 __addr = 0, __count = 1;     \
      ^
include/trace/ftrace.h:32:2: note: in expansion of macro 'DECLARE_EVENT_CLASS'
  DECLARE_EVENT_CLASS(name,          \
  ^
include/trace/events/module.h:47:1: note: in expansion of macro 'TRACE_EVENT'
 TRACE_EVENT(module_free,
 ^
Android GCC has been deprecated in favor of Clang, and will be removed from
Android in 2020-01 as per the deprecation plan in:
https://android.googlesource.com/platform/prebuilts/clang/host/linux-x86/+/master/GCC_4_9_DEPRECATION.md


include/trace/events/module.h: In function 'perf_trace_module_refcnt':
include/trace/ftrace.h:653:6: warning: unused variable '__addr' [-Wunused-variable]
  u64 __addr = 0, __count = 1;     \
      ^
include/trace/events/module.h:67:1: note: in expansion of macro 'DECLARE_EVENT_CLASS'
 DECLARE_EVENT_CLASS(module_refcnt,
 ^
include/trace/events/module.h: In function 'perf_trace_module_request':
include/trace/ftrace.h:653:6: warning: unused variable '__addr' [-Wunused-variable]
  u64 __addr = 0, __count = 1;     \
      ^
include/trace/ftrace.h:32:2: note: in expansion of macro 'DECLARE_EVENT_CLASS'
  DECLARE_EVENT_CLASS(name,          \
  ^
include/trace/events/module.h:104:1: note: in expansion of macro 'TRACE_EVENT'
 TRACE_EVENT(module_request,
 ^
  CC      fs/exfat/exfat_data.o
Android GCC has been deprecated in favor of Clang, and will be removed from
Android in 2020-01 as per the deprecation plan in:
https://android.googlesource.com/platform/prebuilts/clang/host/linux-x86/+/master/GCC_4_9_DEPRECATION.md


Android GCC has been deprecated in favor of Clang, and will be removed from
Android in 2020-01 as per the deprecation plan in:
https://android.googlesource.com/platform/prebuilts/clang/host/linux-x86/+/master/GCC_4_9_DEPRECATION.md


  CC      fs/fuse/dir.o
  CC      kernel/cgroup.o
Android GCC has been deprecated in favor of Clang, and will be removed from
Android in 2020-01 as per the deprecation plan in:
https://android.googlesource.com/platform/prebuilts/clang/host/linux-x86/+/master/GCC_4_9_DEPRECATION.md


  CC      drivers/gpu/arm/t7xx/r22p0/mali_kbase_debug_mem_view.o
  CC      net/netfilter/nf_nat_tftp.o
Android GCC has been deprecated in favor of Clang, and will be removed from
Android in 2020-01 as per the deprecation plan in:
https://android.googlesource.com/platform/prebuilts/clang/host/linux-x86/+/master/GCC_4_9_DEPRECATION.md


Android GCC has been deprecated in favor of Clang, and will be removed from
Android in 2020-01 as per the deprecation plan in:
https://android.googlesource.com/platform/prebuilts/clang/host/linux-x86/+/master/GCC_4_9_DEPRECATION.md


Android GCC has been deprecated in favor of Clang, and will be removed from
Android in 2020-01 as per the deprecation plan in:
https://android.googlesource.com/platform/prebuilts/clang/host/linux-x86/+/master/GCC_4_9_DEPRECATION.md


  CC      drivers/hid/hid-roccat-kone.o
Android GCC has been deprecated in favor of Clang, and will be removed from
Android in 2020-01 as per the deprecation plan in:
https://android.googlesource.com/platform/prebuilts/clang/host/linux-x86/+/master/GCC_4_9_DEPRECATION.md


Android GCC has been deprecated in favor of Clang, and will be removed from
Android in 2020-01 as per the deprecation plan in:
https://android.googlesource.com/platform/prebuilts/clang/host/linux-x86/+/master/GCC_4_9_DEPRECATION.md


Android GCC has been deprecated in favor of Clang, and will be removed from
Android in 2020-01 as per the deprecation plan in:
https://android.googlesource.com/platform/prebuilts/clang/host/linux-x86/+/master/GCC_4_9_DEPRECATION.md


Android GCC has been deprecated in favor of Clang, and will be removed from
Android in 2020-01 as per the deprecation plan in:
https://android.googlesource.com/platform/prebuilts/clang/host/linux-x86/+/master/GCC_4_9_DEPRECATION.md


  CC      net/ipv6/netfilter/ip6t_rpfilter.o
Android GCC has been deprecated in favor of Clang, and will be removed from
Android in 2020-01 as per the deprecation plan in:
https://android.googlesource.com/platform/prebuilts/clang/host/linux-x86/+/master/GCC_4_9_DEPRECATION.md


Android GCC has been deprecated in favor of Clang, and will be removed from
Android in 2020-01 as per the deprecation plan in:
https://android.googlesource.com/platform/prebuilts/clang/host/linux-x86/+/master/GCC_4_9_DEPRECATION.md


  CC      net/ipv6/netfilter/ip6t_REJECT.o
Android GCC has been deprecated in favor of Clang, and will be removed from
Android in 2020-01 as per the deprecation plan in:
https://android.googlesource.com/platform/prebuilts/clang/host/linux-x86/+/master/GCC_4_9_DEPRECATION.md


  CC      fs/ext4/inode.o
In file included from include/trace/define_trace.h:86:0,
                 from include/trace/events/f2fs.h:682,
                 from fs/f2fs/super.c:32:
include/trace/events/f2fs.h: In function 'perf_trace_f2fs__inode':
include/trace/ftrace.h:653:6: warning: unused variable '__addr' [-Wunused-variable]
  u64 __addr = 0, __count = 1;     \
      ^
include/trace/events/f2fs.h:56:1: note: in expansion of macro 'DECLARE_EVENT_CLASS'
 DECLARE_EVENT_CLASS(f2fs__inode,
 ^
include/trace/events/f2fs.h: In function 'perf_trace_f2fs__inode_exit':
include/trace/ftrace.h:653:6: warning: unused variable '__addr' [-Wunused-variable]
  u64 __addr = 0, __count = 1;     \
      ^
include/trace/events/f2fs.h:95:1: note: in expansion of macro 'DECLARE_EVENT_CLASS'
 DECLARE_EVENT_CLASS(f2fs__inode_exit,
 ^
include/trace/events/f2fs.h: In function 'perf_trace_f2fs_sync_file_exit':
include/trace/ftrace.h:653:6: warning: unused variable '__addr' [-Wunused-variable]
  u64 __addr = 0, __count = 1;     \
      ^
include/trace/ftrace.h:32:2: note: in expansion of macro 'DECLARE_EVENT_CLASS'
  DECLARE_EVENT_CLASS(name,          \
  ^
include/trace/events/f2fs.h:125:1: note: in expansion of macro 'TRACE_EVENT'
 TRACE_EVENT(f2fs_sync_file_exit,
 ^
include/trace/events/f2fs.h: In function 'perf_trace_f2fs_sync_fs':
include/trace/ftrace.h:653:6: warning: unused variable '__addr' [-Wunused-variable]
  u64 __addr = 0, __count = 1;     \
      ^
include/trace/ftrace.h:32:2: note: in expansion of macro 'DECLARE_EVENT_CLASS'
  DECLARE_EVENT_CLASS(name,          \
  ^
include/trace/events/f2fs.h:155:1: note: in expansion of macro 'TRACE_EVENT'
 TRACE_EVENT(f2fs_sync_fs,
 ^
include/trace/events/f2fs.h: In function 'perf_trace_f2fs_unlink_enter':
include/trace/ftrace.h:653:6: warning: unused variable '__addr' [-Wunused-variable]
  u64 __addr = 0, __count = 1;     \
      ^
include/trace/ftrace.h:32:2: note: in expansion of macro 'DECLARE_EVENT_CLASS'
  DECLARE_EVENT_CLASS(name,          \
  ^
include/trace/events/f2fs.h:207:1: note: in expansion of macro 'TRACE_EVENT'
 TRACE_EVENT(f2fs_unlink_enter,
 ^
include/trace/events/f2fs.h: In function 'perf_trace_f2fs_truncate_data_blocks_range':
include/trace/ftrace.h:653:6: warning: unused variable '__addr' [-Wunused-variable]
  u64 __addr = 0, __count = 1;     \
      ^
include/trace/ftrace.h:32:2: note: in expansion of macro 'DECLARE_EVENT_CLASS'
  DECLARE_EVENT_CLASS(name,          \
  ^
include/trace/events/f2fs.h:251:1: note: in expansion of macro 'TRACE_EVENT'
 TRACE_EVENT(f2fs_truncate_data_blocks_range,
 ^
include/trace/events/f2fs.h: In function 'perf_trace_f2fs__truncate_op':
include/trace/ftrace.h:653:6: warning: unused variable '__addr' [-Wunused-variable]
  u64 __addr = 0, __count = 1;     \
      ^
include/trace/events/f2fs.h:280:1: note: in expansion of macro 'DECLARE_EVENT_CLASS'
 DECLARE_EVENT_CLASS(f2fs__truncate_op,
 ^
include/trace/events/f2fs.h: In function 'perf_trace_f2fs__truncate_node':
include/trace/ftrace.h:653:6: warning: unused variable '__addr' [-Wunused-variable]
  u64 __addr = 0, __count = 1;     \
      ^
include/trace/events/f2fs.h:338:1: note: in expansion of macro 'DECLARE_EVENT_CLASS'
 DECLARE_EVENT_CLASS(f2fs__truncate_node,
 ^
include/trace/events/f2fs.h: In function 'perf_trace_f2fs_truncate_partial_nodes':
include/trace/ftrace.h:653:6: warning: unused variable '__addr' [-Wunused-variable]
  u64 __addr = 0, __count = 1;     \
      ^
include/trace/ftrace.h:32:2: note: in expansion of macro 'DECLARE_EVENT_CLASS'
  DECLARE_EVENT_CLASS(name,          \
  ^
include/trace/events/f2fs.h:385:1: note: in expansion of macro 'TRACE_EVENT'
 TRACE_EVENT(f2fs_truncate_partial_nodes,
 ^
include/trace/events/f2fs.h: In function 'perf_trace_f2fs_readpage':
include/trace/ftrace.h:653:6: warning: unused variable '__addr' [-Wunused-variable]
  u64 __addr = 0, __count = 1;     \
      ^
include/trace/ftrace.h:32:2: note: in expansion of macro 'DECLARE_EVENT_CLASS'
  DECLARE_EVENT_CLASS(name,          \
  ^
include/trace/define_trace.h:31:2: note: in expansion of macro 'TRACE_EVENT'
  TRACE_EVENT(name,      \
  ^
include/trace/events/f2fs.h:419:1: note: in expansion of macro 'TRACE_EVENT_CONDITION'
 TRACE_EVENT_CONDITION(f2fs_readpage,
 ^
include/trace/events/f2fs.h: In function 'perf_trace_f2fs_get_data_block':
include/trace/ftrace.h:653:6: warning: unused variable '__addr' [-Wunused-variable]
  u64 __addr = 0, __count = 1;     \
      ^
include/trace/ftrace.h:32:2: note: in expansion of macro 'DECLARE_EVENT_CLASS'
  DECLARE_EVENT_CLASS(name,          \
  ^
include/trace/events/f2fs.h:451:1: note: in expansion of macro 'TRACE_EVENT'
 TRACE_EVENT(f2fs_get_data_block,
 ^
include/trace/events/f2fs.h: In function 'perf_trace_f2fs_get_victim':
include/trace/ftrace.h:653:6: warning: unused variable '__addr' [-Wunused-variable]
  u64 __addr = 0, __count = 1;     \
      ^
include/trace/ftrace.h:32:2: note: in expansion of macro 'DECLARE_EVENT_CLASS'
  DECLARE_EVENT_CLASS(name,          \
  ^
include/trace/events/f2fs.h:484:1: note: in expansion of macro 'TRACE_EVENT'
 TRACE_EVENT(f2fs_get_victim,
 ^
include/trace/events/f2fs.h: In function 'perf_trace_f2fs_fallocate':
include/trace/ftrace.h:653:6: warning: unused variable '__addr' [-Wunused-variable]
  u64 __addr = 0, __count = 1;     \
      ^
include/trace/ftrace.h:32:2: note: in expansion of macro 'DECLARE_EVENT_CLASS'
  DECLARE_EVENT_CLASS(name,          \
  ^
include/trace/events/f2fs.h:532:1: note: in expansion of macro 'TRACE_EVENT'
 TRACE_EVENT(f2fs_fallocate,
 ^
include/trace/events/f2fs.h: In function 'perf_trace_f2fs_reserve_new_block':
include/trace/ftrace.h:653:6: warning: unused variable '__addr' [-Wunused-variable]
  u64 __addr = 0, __count = 1;     \
      ^
include/trace/ftrace.h:32:2: note: in expansion of macro 'DECLARE_EVENT_CLASS'
  DECLARE_EVENT_CLASS(name,          \
  ^
include/trace/events/f2fs.h:572:1: note: in expansion of macro 'TRACE_EVENT'
 TRACE_EVENT(f2fs_reserve_new_block,
 ^
  LD      drivers/input/touchscreen/stm/built-in.o
include/trace/events/f2fs.h: In function 'perf_trace_f2fs_do_submit_bio':
include/trace/ftrace.h:653:6: warning: unused variable '__addr' [-Wunused-variable]
  u64 __addr = 0, __count = 1;     \
      ^
include/trace/ftrace.h:32:2: note: in expansion of macro 'DECLARE_EVENT_CLASS'
  DECLARE_EVENT_CLASS(name,          \
  ^
include/trace/events/f2fs.h:596:1: note: in expansion of macro 'TRACE_EVENT'
 TRACE_EVENT(f2fs_do_submit_bio,
 ^
include/trace/events/f2fs.h: In function 'perf_trace_f2fs_submit_write_page':
include/trace/ftrace.h:653:6: warning: unused variable '__addr' [-Wunused-variable]
  u64 __addr = 0, __count = 1;     \
      ^
include/trace/ftrace.h:32:2: note: in expansion of macro 'DECLARE_EVENT_CLASS'
  DECLARE_EVENT_CLASS(name,          \
  ^
include/trace/events/f2fs.h:626:1: note: in expansion of macro 'TRACE_EVENT'
 TRACE_EVENT(f2fs_submit_write_page,
 ^
include/trace/events/f2fs.h: In function 'perf_trace_f2fs_write_checkpoint':
include/trace/ftrace.h:653:6: warning: unused variable '__addr' [-Wunused-variable]
  u64 __addr = 0, __count = 1;     \
      ^
include/trace/ftrace.h:32:2: note: in expansion of macro 'DECLARE_EVENT_CLASS'
  DECLARE_EVENT_CLASS(name,          \
  ^
include/trace/events/f2fs.h:655:1: note: in expansion of macro 'TRACE_EVENT'
 TRACE_EVENT(f2fs_write_checkpoint,
 ^
  CC      fs/ecryptfs/debug.o
Android GCC has been deprecated in favor of Clang, and will be removed from
Android in 2020-01 as per the deprecation plan in:
https://android.googlesource.com/platform/prebuilts/clang/host/linux-x86/+/master/GCC_4_9_DEPRECATION.md


  LD      drivers/input/touchscreen/built-in.o
  CC      fs/exfat/exfat_global.o
  LD      drivers/leds/built-in.o
Android GCC has been deprecated in favor of Clang, and will be removed from
Android in 2020-01 as per the deprecation plan in:
https://android.googlesource.com/platform/prebuilts/clang/host/linux-x86/+/master/GCC_4_9_DEPRECATION.md


Android GCC has been deprecated in favor of Clang, and will be removed from
Android in 2020-01 as per the deprecation plan in:
https://android.googlesource.com/platform/prebuilts/clang/host/linux-x86/+/master/GCC_4_9_DEPRECATION.md


  LD      kernel/trace/built-in.o
  LD      drivers/input/built-in.o
  CC      net/ipv6/protocol.o
  CC      fs/cifs/cifsencrypt.o
Android GCC has been deprecated in favor of Clang, and will be removed from
Android in 2020-01 as per the deprecation plan in:
https://android.googlesource.com/platform/prebuilts/clang/host/linux-x86/+/master/GCC_4_9_DEPRECATION.md


Android GCC has been deprecated in favor of Clang, and will be removed from
Android in 2020-01 as per the deprecation plan in:
https://android.googlesource.com/platform/prebuilts/clang/host/linux-x86/+/master/GCC_4_9_DEPRECATION.md


Android GCC has been deprecated in favor of Clang, and will be removed from
Android in 2020-01 as per the deprecation plan in:
https://android.googlesource.com/platform/prebuilts/clang/host/linux-x86/+/master/GCC_4_9_DEPRECATION.md


  CC      net/ipv4/ping.o
  CC      kernel/cgroup_freezer.o
Android GCC has been deprecated in favor of Clang, and will be removed from
Android in 2020-01 as per the deprecation plan in:
https://android.googlesource.com/platform/prebuilts/clang/host/linux-x86/+/master/GCC_4_9_DEPRECATION.md

Android GCC has been deprecated in favor of Clang, and will be removed from
Android in 2020-01 as per the deprecation plan in:
https://android.googlesource.com/platform/prebuilts/clang/host/linux-x86/+/master/GCC_4_9_DEPRECATION.md



  CC      net/ipv4/ip_tunnel.o
  CC      fs/fuse/file.o
Android GCC has been deprecated in favor of Clang, and will be removed from
Android in 2020-01 as per the deprecation plan in:
https://android.googlesource.com/platform/prebuilts/clang/host/linux-x86/+/master/GCC_4_9_DEPRECATION.md


Android GCC has been deprecated in favor of Clang, and will be removed from
Android in 2020-01 as per the deprecation plan in:
https://android.googlesource.com/platform/prebuilts/clang/host/linux-x86/+/master/GCC_4_9_DEPRECATION.md


Android GCC has been deprecated in favor of Clang, and will be removed from
Android in 2020-01 as per the deprecation plan in:
https://android.googlesource.com/platform/prebuilts/clang/host/linux-x86/+/master/GCC_4_9_DEPRECATION.md


  CC      fs/jbd2/transaction.o
  CC      net/ipv4/sysctl_net_ipv4.o
Android GCC has been deprecated in favor of Clang, and will be removed from
Android in 2020-01 as per the deprecation plan in:
https://android.googlesource.com/platform/prebuilts/clang/host/linux-x86/+/master/GCC_4_9_DEPRECATION.md


Android GCC has been deprecated in favor of Clang, and will be removed from
Android in 2020-01 as per the deprecation plan in:
https://android.googlesource.com/platform/prebuilts/clang/host/linux-x86/+/master/GCC_4_9_DEPRECATION.md


  CC      fs/jbd2/commit.o
Android GCC has been deprecated in favor of Clang, and will be removed from
Android in 2020-01 as per the deprecation plan in:
https://android.googlesource.com/platform/prebuilts/clang/host/linux-x86/+/master/GCC_4_9_DEPRECATION.md


  CC      net/netfilter/nf_tproxy_core.o
  CC      drivers/md/dm.o
  LD      fs/ecryptfs/ecryptfs.o
  CC      drivers/gpu/arm/t7xx/r22p0/mali_kbase_debug_job_fault.o
Android GCC has been deprecated in favor of Clang, and will be removed from
Android in 2020-01 as per the deprecation plan in:
https://android.googlesource.com/platform/prebuilts/clang/host/linux-x86/+/master/GCC_4_9_DEPRECATION.md


Android GCC has been deprecated in favor of Clang, and will be removed from
Android in 2020-01 as per the deprecation plan in:
https://android.googlesource.com/platform/prebuilts/clang/host/linux-x86/+/master/GCC_4_9_DEPRECATION.md


  CC      drivers/hid/hid-roccat-koneplus.o
  LD      fs/ecryptfs/built-in.o
  CC      fs/exfat/exfat_nls.o
Android GCC has been deprecated in favor of Clang, and will be removed from
Android in 2020-01 as per the deprecation plan in:
https://android.googlesource.com/platform/prebuilts/clang/host/linux-x86/+/master/GCC_4_9_DEPRECATION.md


Android GCC has been deprecated in favor of Clang, and will be removed from
Android in 2020-01 as per the deprecation plan in:
https://android.googlesource.com/platform/prebuilts/clang/host/linux-x86/+/master/GCC_4_9_DEPRECATION.md


Android GCC has been deprecated in favor of Clang, and will be removed from
Android in 2020-01 as per the deprecation plan in:
https://android.googlesource.com/platform/prebuilts/clang/host/linux-x86/+/master/GCC_4_9_DEPRECATION.md


  CC      net/netfilter/x_tables.o
  LD      net/ipv6/netfilter/nf_conntrack_ipv6.o
  CC      drivers/gpu/arm/t7xx/r22p0/mali_kbase_smc.o
  CC      drivers/md/dm-table.o
Android GCC has been deprecated in favor of Clang, and will be removed from
Android in 2020-01 as per the deprecation plan in:
https://android.googlesource.com/platform/prebuilts/clang/host/linux-x86/+/master/GCC_4_9_DEPRECATION.md


Android GCC has been deprecated in favor of Clang, and will be removed from
Android in 2020-01 as per the deprecation plan in:
https://android.googlesource.com/platform/prebuilts/clang/host/linux-x86/+/master/GCC_4_9_DEPRECATION.md


Android GCC has been deprecated in favor of Clang, and will be removed from
Android in 2020-01 as per the deprecation plan in:
https://android.googlesource.com/platform/prebuilts/clang/host/linux-x86/+/master/GCC_4_9_DEPRECATION.md


  CC      fs/fuse/inode.o
  CC      fs/exfat/exfat_oal.o
  LD      net/ipv6/netfilter/nf_defrag_ipv6.o
Android GCC has been deprecated in favor of Clang, and will be removed from
Android in 2020-01 as per the deprecation plan in:
https://android.googlesource.com/platform/prebuilts/clang/host/linux-x86/+/master/GCC_4_9_DEPRECATION.md


  LD      net/ipv6/netfilter/built-in.o
Android GCC has been deprecated in favor of Clang, and will be removed from
Android in 2020-01 as per the deprecation plan in:
https://android.googlesource.com/platform/prebuilts/clang/host/linux-x86/+/master/GCC_4_9_DEPRECATION.md


Android GCC has been deprecated in favor of Clang, and will be removed from
Android in 2020-01 as per the deprecation plan in:
https://android.googlesource.com/platform/prebuilts/clang/host/linux-x86/+/master/GCC_4_9_DEPRECATION.md


  CC      fs/f2fs/checkpoint.o
Android GCC has been deprecated in favor of Clang, and will be removed from
Android in 2020-01 as per the deprecation plan in:
https://android.googlesource.com/platform/prebuilts/clang/host/linux-x86/+/master/GCC_4_9_DEPRECATION.md


Android GCC has been deprecated in favor of Clang, and will be removed from
Android in 2020-01 as per the deprecation plan in:
https://android.googlesource.com/platform/prebuilts/clang/host/linux-x86/+/master/GCC_4_9_DEPRECATION.md


  CC      fs/nls/nls_base.o
Android GCC has been deprecated in favor of Clang, and will be removed from
Android in 2020-01 as per the deprecation plan in:
https://android.googlesource.com/platform/prebuilts/clang/host/linux-x86/+/master/GCC_4_9_DEPRECATION.md


  CC      net/ipv6/ip6_offload.o
  CC      fs/cifs/readdir.o
Android GCC has been deprecated in favor of Clang, and will be removed from
Android in 2020-01 as per the deprecation plan in:
https://android.googlesource.com/platform/prebuilts/clang/host/linux-x86/+/master/GCC_4_9_DEPRECATION.md


  CC      fs/exfat/exfat_upcase.o
Android GCC has been deprecated in favor of Clang, and will be removed from
Android in 2020-01 as per the deprecation plan in:
https://android.googlesource.com/platform/prebuilts/clang/host/linux-x86/+/master/GCC_4_9_DEPRECATION.md


  CC      fs/cifs/ioctl.o
Android GCC has been deprecated in favor of Clang, and will be removed from
Android in 2020-01 as per the deprecation plan in:
https://android.googlesource.com/platform/prebuilts/clang/host/linux-x86/+/master/GCC_4_9_DEPRECATION.md


Android GCC has been deprecated in favor of Clang, and will be removed from
Android in 2020-01 as per the deprecation plan in:
https://android.googlesource.com/platform/prebuilts/clang/host/linux-x86/+/master/GCC_4_9_DEPRECATION.md


  CC      net/ipv4/sysfs_net_ipv4.o
  CC      drivers/gpu/arm/t7xx/r22p0/mali_kbase_mem_pool.o
Android GCC has been deprecated in favor of Clang, and will be removed from
Android in 2020-01 as per the deprecation plan in:
https://android.googlesource.com/platform/prebuilts/clang/host/linux-x86/+/master/GCC_4_9_DEPRECATION.md


Android GCC has been deprecated in favor of Clang, and will be removed from
Android in 2020-01 as per the deprecation plan in:
https://android.googlesource.com/platform/prebuilts/clang/host/linux-x86/+/master/GCC_4_9_DEPRECATION.md


  CC      drivers/hid/hid-roccat-konepure.o
Android GCC has been deprecated in favor of Clang, and will be removed from
Android in 2020-01 as per the deprecation plan in:
https://android.googlesource.com/platform/prebuilts/clang/host/linux-x86/+/master/GCC_4_9_DEPRECATION.md


Android GCC has been deprecated in favor of Clang, and will be removed from
Android in 2020-01 as per the deprecation plan in:
https://android.googlesource.com/platform/prebuilts/clang/host/linux-x86/+/master/GCC_4_9_DEPRECATION.md


  CC      net/netfilter/xt_tcpudp.o
Android GCC has been deprecated in favor of Clang, and will be removed from
Android in 2020-01 as per the deprecation plan in:
https://android.googlesource.com/platform/prebuilts/clang/host/linux-x86/+/master/GCC_4_9_DEPRECATION.md


  CC      fs/cifs/sess.o
Android GCC has been deprecated in favor of Clang, and will be removed from
Android in 2020-01 as per the deprecation plan in:
https://android.googlesource.com/platform/prebuilts/clang/host/linux-x86/+/master/GCC_4_9_DEPRECATION.md


Android GCC has been deprecated in favor of Clang, and will be removed from
Android in 2020-01 as per the deprecation plan in:
https://android.googlesource.com/platform/prebuilts/clang/host/linux-x86/+/master/GCC_4_9_DEPRECATION.md


Android GCC has been deprecated in favor of Clang, and will be removed from
Android in 2020-01 as per the deprecation plan in:
https://android.googlesource.com/platform/prebuilts/clang/host/linux-x86/+/master/GCC_4_9_DEPRECATION.md


  CC      fs/nls/nls_cp437.o
  CC      net/ipv6/tcpv6_offload.o
Android GCC has been deprecated in favor of Clang, and will be removed from
Android in 2020-01 as per the deprecation plan in:
https://android.googlesource.com/platform/prebuilts/clang/host/linux-x86/+/master/GCC_4_9_DEPRECATION.md


  CC      fs/exfat/exfat_xattr.o
Android GCC has been deprecated in favor of Clang, and will be removed from
Android in 2020-01 as per the deprecation plan in:
https://android.googlesource.com/platform/prebuilts/clang/host/linux-x86/+/master/GCC_4_9_DEPRECATION.md


  CC      net/ipv6/udp_offload.o
Android GCC has been deprecated in favor of Clang, and will be removed from
Android in 2020-01 as per the deprecation plan in:
https://android.googlesource.com/platform/prebuilts/clang/host/linux-x86/+/master/GCC_4_9_DEPRECATION.md


Android GCC has been deprecated in favor of Clang, and will be removed from
Android in 2020-01 as per the deprecation plan in:
https://android.googlesource.com/platform/prebuilts/clang/host/linux-x86/+/master/GCC_4_9_DEPRECATION.md


Android GCC has been deprecated in favor of Clang, and will be removed from
Android in 2020-01 as per the deprecation plan in:
https://android.googlesource.com/platform/prebuilts/clang/host/linux-x86/+/master/GCC_4_9_DEPRECATION.md


Android GCC has been deprecated in favor of Clang, and will be removed from
Android in 2020-01 as per the deprecation plan in:
https://android.googlesource.com/platform/prebuilts/clang/host/linux-x86/+/master/GCC_4_9_DEPRECATION.md


Android GCC has been deprecated in favor of Clang, and will be removed from
Android in 2020-01 as per the deprecation plan in:
https://android.googlesource.com/platform/prebuilts/clang/host/linux-x86/+/master/GCC_4_9_DEPRECATION.md


  CC      fs/nls/nls_ascii.o
Android GCC has been deprecated in favor of Clang, and will be removed from
Android in 2020-01 as per the deprecation plan in:
https://android.googlesource.com/platform/prebuilts/clang/host/linux-x86/+/master/GCC_4_9_DEPRECATION.md


Android GCC has been deprecated in favor of Clang, and will be removed from
Android in 2020-01 as per the deprecation plan in:
https://android.googlesource.com/platform/prebuilts/clang/host/linux-x86/+/master/GCC_4_9_DEPRECATION.md


Android GCC has been deprecated in favor of Clang, and will be removed from
Android in 2020-01 as per the deprecation plan in:
https://android.googlesource.com/platform/prebuilts/clang/host/linux-x86/+/master/GCC_4_9_DEPRECATION.md


Android GCC has been deprecated in favor of Clang, and will be removed from
Android in 2020-01 as per the deprecation plan in:
https://android.googlesource.com/platform/prebuilts/clang/host/linux-x86/+/master/GCC_4_9_DEPRECATION.md


  CC      fs/f2fs/gc.o
  CC      net/ipv6/exthdrs_offload.o
  CC      fs/ext4/page-io.o
  CC      drivers/hid/hid-roccat-kovaplus.o
Android GCC has been deprecated in favor of Clang, and will be removed from
Android in 2020-01 as per the deprecation plan in:
https://android.googlesource.com/platform/prebuilts/clang/host/linux-x86/+/master/GCC_4_9_DEPRECATION.md


Android GCC has been deprecated in favor of Clang, and will be removed from
Android in 2020-01 as per the deprecation plan in:
https://android.googlesource.com/platform/prebuilts/clang/host/linux-x86/+/master/GCC_4_9_DEPRECATION.md


  CC      fs/jbd2/recovery.o
Android GCC has been deprecated in favor of Clang, and will be removed from
Android in 2020-01 as per the deprecation plan in:
https://android.googlesource.com/platform/prebuilts/clang/host/linux-x86/+/master/GCC_4_9_DEPRECATION.md


  CC      kernel/utsname.o
Android GCC has been deprecated in favor of Clang, and will be removed from
Android in 2020-01 as per the deprecation plan in:
https://android.googlesource.com/platform/prebuilts/clang/host/linux-x86/+/master/GCC_4_9_DEPRECATION.md


  CC      net/ipv6/inet6_hashtables.o
  CC      fs/exfat/exfat_super.o
Android GCC has been deprecated in favor of Clang, and will be removed from
Android in 2020-01 as per the deprecation plan in:
https://android.googlesource.com/platform/prebuilts/clang/host/linux-x86/+/master/GCC_4_9_DEPRECATION.md


Android GCC has been deprecated in favor of Clang, and will be removed from
Android in 2020-01 as per the deprecation plan in:
https://android.googlesource.com/platform/prebuilts/clang/host/linux-x86/+/master/GCC_4_9_DEPRECATION.md


Android GCC has been deprecated in favor of Clang, and will be removed from
Android in 2020-01 as per the deprecation plan in:
https://android.googlesource.com/platform/prebuilts/clang/host/linux-x86/+/master/GCC_4_9_DEPRECATION.md


Android GCC has been deprecated in favor of Clang, and will be removed from
Android in 2020-01 as per the deprecation plan in:
https://android.googlesource.com/platform/prebuilts/clang/host/linux-x86/+/master/GCC_4_9_DEPRECATION.md


  CC      drivers/gpu/arm/t7xx/r22p0/mali_kbase_mem_pool_debugfs.o
  CC      fs/f2fs/data.o
  CC      fs/nls/nls_iso8859-1.o
Android GCC has been deprecated in favor of Clang, and will be removed from
Android in 2020-01 as per the deprecation plan in:
https://android.googlesource.com/platform/prebuilts/clang/host/linux-x86/+/master/GCC_4_9_DEPRECATION.md


Android GCC has been deprecated in favor of Clang, and will be removed from
Android in 2020-01 as per the deprecation plan in:
https://android.googlesource.com/platform/prebuilts/clang/host/linux-x86/+/master/GCC_4_9_DEPRECATION.md


  CC      net/ipv4/proc.o
Android GCC has been deprecated in favor of Clang, and will be removed from
Android in 2020-01 as per the deprecation plan in:
https://android.googlesource.com/platform/prebuilts/clang/host/linux-x86/+/master/GCC_4_9_DEPRECATION.md


Android GCC has been deprecated in favor of Clang, and will be removed from
Android in 2020-01 as per the deprecation plan in:
https://android.googlesource.com/platform/prebuilts/clang/host/linux-x86/+/master/GCC_4_9_DEPRECATION.md


  CC      fs/nls/nls_utf8.o
Android GCC has been deprecated in favor of Clang, and will be removed from
Android in 2020-01 as per the deprecation plan in:
https://android.googlesource.com/platform/prebuilts/clang/host/linux-x86/+/master/GCC_4_9_DEPRECATION.md


Android GCC has been deprecated in favor of Clang, and will be removed from
Android in 2020-01 as per the deprecation plan in:
https://android.googlesource.com/platform/prebuilts/clang/host/linux-x86/+/master/GCC_4_9_DEPRECATION.md


Android GCC has been deprecated in favor of Clang, and will be removed from
Android in 2020-01 as per the deprecation plan in:
https://android.googlesource.com/platform/prebuilts/clang/host/linux-x86/+/master/GCC_4_9_DEPRECATION.md


  CC      drivers/gpu/arm/t7xx/r22p0/mali_kbase_tlstream.o
  CC      fs/ext4/ioctl.o
Android GCC has been deprecated in favor of Clang, and will be removed from
Android in 2020-01 as per the deprecation plan in:
https://android.googlesource.com/platform/prebuilts/clang/host/linux-x86/+/master/GCC_4_9_DEPRECATION.md


Android GCC has been deprecated in favor of Clang, and will be removed from
Android in 2020-01 as per the deprecation plan in:
https://android.googlesource.com/platform/prebuilts/clang/host/linux-x86/+/master/GCC_4_9_DEPRECATION.md


  CC      net/netfilter/xt_mark.o
Android GCC has been deprecated in favor of Clang, and will be removed from
Android in 2020-01 as per the deprecation plan in:
https://android.googlesource.com/platform/prebuilts/clang/host/linux-x86/+/master/GCC_4_9_DEPRECATION.md


  CC      net/netfilter/xt_connmark.o
  CC      fs/jbd2/checkpoint.o
  CC      drivers/hid/hid-roccat-lua.o
  CC      net/netfilter/xt_nat.o
Android GCC has been deprecated in favor of Clang, and will be removed from
Android in 2020-01 as per the deprecation plan in:
https://android.googlesource.com/platform/prebuilts/clang/host/linux-x86/+/master/GCC_4_9_DEPRECATION.md


Android GCC has been deprecated in favor of Clang, and will be removed from
Android in 2020-01 as per the deprecation plan in:
https://android.googlesource.com/platform/prebuilts/clang/host/linux-x86/+/master/GCC_4_9_DEPRECATION.md


  LD      fs/nls/built-in.o
Android GCC has been deprecated in favor of Clang, and will be removed from
Android in 2020-01 as per the deprecation plan in:
https://android.googlesource.com/platform/prebuilts/clang/host/linux-x86/+/master/GCC_4_9_DEPRECATION.md


  CC      fs/fuse/control.o
Android GCC has been deprecated in favor of Clang, and will be removed from
Android in 2020-01 as per the deprecation plan in:
https://android.googlesource.com/platform/prebuilts/clang/host/linux-x86/+/master/GCC_4_9_DEPRECATION.md


  CC      net/netfilter/xt_CLASSIFY.o
  CC      drivers/md/dm-target.o
Android GCC has been deprecated in favor of Clang, and will be removed from
Android in 2020-01 as per the deprecation plan in:
https://android.googlesource.com/platform/prebuilts/clang/host/linux-x86/+/master/GCC_4_9_DEPRECATION.md


Android GCC has been deprecated in favor of Clang, and will be removed from
Android in 2020-01 as per the deprecation plan in:
https://android.googlesource.com/platform/prebuilts/clang/host/linux-x86/+/master/GCC_4_9_DEPRECATION.md


Android GCC has been deprecated in favor of Clang, and will be removed from
Android in 2020-01 as per the deprecation plan in:
https://android.googlesource.com/platform/prebuilts/clang/host/linux-x86/+/master/GCC_4_9_DEPRECATION.md


  CC      fs/cifs/export.o
Android GCC has been deprecated in favor of Clang, and will be removed from
Android in 2020-01 as per the deprecation plan in:
https://android.googlesource.com/platform/prebuilts/clang/host/linux-x86/+/master/GCC_4_9_DEPRECATION.md


  CC      drivers/media/platform/exynos/fimc-is/fimc-is-device-companion.o
Android GCC has been deprecated in favor of Clang, and will be removed from
Android in 2020-01 as per the deprecation plan in:
https://android.googlesource.com/platform/prebuilts/clang/host/linux-x86/+/master/GCC_4_9_DEPRECATION.md


  CC      drivers/gpu/arm/t7xx/r22p0/mali_kbase_strings.o
Android GCC has been deprecated in favor of Clang, and will be removed from
Android in 2020-01 as per the deprecation plan in:
https://android.googlesource.com/platform/prebuilts/clang/host/linux-x86/+/master/GCC_4_9_DEPRECATION.md


  CC      drivers/media/platform/exynos/fimg2d/fimg2d_drv.o
Android GCC has been deprecated in favor of Clang, and will be removed from
Android in 2020-01 as per the deprecation plan in:
https://android.googlesource.com/platform/prebuilts/clang/host/linux-x86/+/master/GCC_4_9_DEPRECATION.md


  CC      drivers/media/platform/exynos/gsc/gsc-core.o
  CC      drivers/media/platform/exynos/gsc/gsc-vb2.o
Android GCC has been deprecated in favor of Clang, and will be removed from
Android in 2020-01 as per the deprecation plan in:
https://android.googlesource.com/platform/prebuilts/clang/host/linux-x86/+/master/GCC_4_9_DEPRECATION.md


Android GCC has been deprecated in favor of Clang, and will be removed from
Android in 2020-01 as per the deprecation plan in:
https://android.googlesource.com/platform/prebuilts/clang/host/linux-x86/+/master/GCC_4_9_DEPRECATION.md


  CC      drivers/media/platform/exynos/gsc/gsc-m2m.o
Android GCC has been deprecated in favor of Clang, and will be removed from
Android in 2020-01 as per the deprecation plan in:
https://android.googlesource.com/platform/prebuilts/clang/host/linux-x86/+/master/GCC_4_9_DEPRECATION.md


  CC      drivers/hid/hid-roccat-pyra.o
Android GCC has been deprecated in favor of Clang, and will be removed from
Android in 2020-01 as per the deprecation plan in:
https://android.googlesource.com/platform/prebuilts/clang/host/linux-x86/+/master/GCC_4_9_DEPRECATION.md


Android GCC has been deprecated in favor of Clang, and will be removed from
Android in 2020-01 as per the deprecation plan in:
https://android.googlesource.com/platform/prebuilts/clang/host/linux-x86/+/master/GCC_4_9_DEPRECATION.md


  CC      drivers/media/platform/exynos/hevc/hevc.o
Android GCC has been deprecated in favor of Clang, and will be removed from
Android in 2020-01 as per the deprecation plan in:
https://android.googlesource.com/platform/prebuilts/clang/host/linux-x86/+/master/GCC_4_9_DEPRECATION.md


Android GCC has been deprecated in favor of Clang, and will be removed from
Android in 2020-01 as per the deprecation plan in:
https://android.googlesource.com/platform/prebuilts/clang/host/linux-x86/+/master/GCC_4_9_DEPRECATION.md


  CC      fs/fuse/shortcircuit.o
  CC      drivers/media/platform/exynos/jpeg/jpeg-core.o
  CC      drivers/media/platform/exynos/hevc/hevc_opr.o
Android GCC has been deprecated in favor of Clang, and will be removed from
Android in 2020-01 as per the deprecation plan in:
https://android.googlesource.com/platform/prebuilts/clang/host/linux-x86/+/master/GCC_4_9_DEPRECATION.md


  CC      net/ipv4/fib_rules.o
Android GCC has been deprecated in favor of Clang, and will be removed from
Android in 2020-01 as per the deprecation plan in:
https://android.googlesource.com/platform/prebuilts/clang/host/linux-x86/+/master/GCC_4_9_DEPRECATION.md


Android GCC has been deprecated in favor of Clang, and will be removed from
Android in 2020-01 as per the deprecation plan in:
https://android.googlesource.com/platform/prebuilts/clang/host/linux-x86/+/master/GCC_4_9_DEPRECATION.md


  CC      fs/cifs/smb1ops.o
Android GCC has been deprecated in favor of Clang, and will be removed from
Android in 2020-01 as per the deprecation plan in:
https://android.googlesource.com/platform/prebuilts/clang/host/linux-x86/+/master/GCC_4_9_DEPRECATION.md


  CC      net/netfilter/xt_CONNSECMARK.o
Android GCC has been deprecated in favor of Clang, and will be removed from
Android in 2020-01 as per the deprecation plan in:
https://android.googlesource.com/platform/prebuilts/clang/host/linux-x86/+/master/GCC_4_9_DEPRECATION.md


  CC      drivers/media/platform/exynos/jpeg/jpeg-regs.o
Android GCC has been deprecated in favor of Clang, and will be removed from
Android in 2020-01 as per the deprecation plan in:
https://android.googlesource.com/platform/prebuilts/clang/host/linux-x86/+/master/GCC_4_9_DEPRECATION.md


Android GCC has been deprecated in favor of Clang, and will be removed from
Android in 2020-01 as per the deprecation plan in:
https://android.googlesource.com/platform/prebuilts/clang/host/linux-x86/+/master/GCC_4_9_DEPRECATION.md


Android GCC has been deprecated in favor of Clang, and will be removed from
Android in 2020-01 as per the deprecation plan in:
https://android.googlesource.com/platform/prebuilts/clang/host/linux-x86/+/master/GCC_4_9_DEPRECATION.md


  CC      drivers/media/platform/exynos/hevc/hevc_pm.o
  CC      net/ipv4/ip_vti.o
  CC      fs/jbd2/revoke.o
Android GCC has been deprecated in favor of Clang, and will be removed from
Android in 2020-01 as per the deprecation plan in:
https://android.googlesource.com/platform/prebuilts/clang/host/linux-x86/+/master/GCC_4_9_DEPRECATION.md


Android GCC has been deprecated in favor of Clang, and will be removed from
Android in 2020-01 as per the deprecation plan in:
https://android.googlesource.com/platform/prebuilts/clang/host/linux-x86/+/master/GCC_4_9_DEPRECATION.md


Android GCC has been deprecated in favor of Clang, and will be removed from
Android in 2020-01 as per the deprecation plan in:
https://android.googlesource.com/platform/prebuilts/clang/host/linux-x86/+/master/GCC_4_9_DEPRECATION.md


  CC      drivers/md/dm-linear.o
  CC      fs/f2fs/node.o
Android GCC has been deprecated in favor of Clang, and will be removed from
Android in 2020-01 as per the deprecation plan in:
https://android.googlesource.com/platform/prebuilts/clang/host/linux-x86/+/master/GCC_4_9_DEPRECATION.md


  CC      kernel/pid_namespace.o
Android GCC has been deprecated in favor of Clang, and will be removed from
Android in 2020-01 as per the deprecation plan in:
https://android.googlesource.com/platform/prebuilts/clang/host/linux-x86/+/master/GCC_4_9_DEPRECATION.md


  CC      drivers/media/platform/exynos/hevc/hevc_cmd.o
Android GCC has been deprecated in favor of Clang, and will be removed from
Android in 2020-01 as per the deprecation plan in:
https://android.googlesource.com/platform/prebuilts/clang/host/linux-x86/+/master/GCC_4_9_DEPRECATION.md


Android GCC has been deprecated in favor of Clang, and will be removed from
Android in 2020-01 as per the deprecation plan in:
https://android.googlesource.com/platform/prebuilts/clang/host/linux-x86/+/master/GCC_4_9_DEPRECATION.md


  LD      fs/fuse/fuse.o
  LD      fs/fuse/built-in.o
  LD      net/ipv6/ipv6.o
  CC      drivers/media/platform/exynos/fimc-is/fimc-is-video-companion.o
Android GCC has been deprecated in favor of Clang, and will be removed from
Android in 2020-01 as per the deprecation plan in:
https://android.googlesource.com/platform/prebuilts/clang/host/linux-x86/+/master/GCC_4_9_DEPRECATION.md


  CC      fs/notify/fsnotify.o
  CC      drivers/hid/hid-roccat-savu.o
Android GCC has been deprecated in favor of Clang, and will be removed from
Android in 2020-01 as per the deprecation plan in:
https://android.googlesource.com/platform/prebuilts/clang/host/linux-x86/+/master/GCC_4_9_DEPRECATION.md


  CC      fs/ext4/namei.o
Android GCC has been deprecated in favor of Clang, and will be removed from
Android in 2020-01 as per the deprecation plan in:
https://android.googlesource.com/platform/prebuilts/clang/host/linux-x86/+/master/GCC_4_9_DEPRECATION.md


Android GCC has been deprecated in favor of Clang, and will be removed from
Android in 2020-01 as per the deprecation plan in:
https://android.googlesource.com/platform/prebuilts/clang/host/linux-x86/+/master/GCC_4_9_DEPRECATION.md


  CC      drivers/media/platform/exynos/fimg2d/fimg2d_clk.o
  CC      net/netfilter/xt_CT.o
  CC      fs/notify/notification.o
Android GCC has been deprecated in favor of Clang, and will be removed from
Android in 2020-01 as per the deprecation plan in:
https://android.googlesource.com/platform/prebuilts/clang/host/linux-x86/+/master/GCC_4_9_DEPRECATION.md


Android GCC has been deprecated in favor of Clang, and will be removed from
Android in 2020-01 as per the deprecation plan in:
https://android.googlesource.com/platform/prebuilts/clang/host/linux-x86/+/master/GCC_4_9_DEPRECATION.md


Android GCC has been deprecated in favor of Clang, and will be removed from
Android in 2020-01 as per the deprecation plan in:
https://android.googlesource.com/platform/prebuilts/clang/host/linux-x86/+/master/GCC_4_9_DEPRECATION.md


  LD      drivers/media/platform/exynos/jpeg/jpeg.o
  LD      net/ipv6/built-in.o
  LD      drivers/media/platform/exynos/jpeg/built-in.o
  CC      fs/f2fs/segment.o
  CC      drivers/md/dm-stripe.o
Android GCC has been deprecated in favor of Clang, and will be removed from
Android in 2020-01 as per the deprecation plan in:
https://android.googlesource.com/platform/prebuilts/clang/host/linux-x86/+/master/GCC_4_9_DEPRECATION.md


  CC      drivers/media/platform/exynos/mdev/exynos-mdev.o
Android GCC has been deprecated in favor of Clang, and will be removed from
Android in 2020-01 as per the deprecation plan in:
https://android.googlesource.com/platform/prebuilts/clang/host/linux-x86/+/master/GCC_4_9_DEPRECATION.md


Android GCC has been deprecated in favor of Clang, and will be removed from
Android in 2020-01 as per the deprecation plan in:
https://android.googlesource.com/platform/prebuilts/clang/host/linux-x86/+/master/GCC_4_9_DEPRECATION.md


  CC      fs/jbd2/journal.o
  LD      fs/exfat/exfat_core.o
Android GCC has been deprecated in favor of Clang, and will be removed from
Android in 2020-01 as per the deprecation plan in:
https://android.googlesource.com/platform/prebuilts/clang/host/linux-x86/+/master/GCC_4_9_DEPRECATION.md


  CC      drivers/media/platform/exynos/hevc/hevc_intr.o
Android GCC has been deprecated in favor of Clang, and will be removed from
Android in 2020-01 as per the deprecation plan in:
https://android.googlesource.com/platform/prebuilts/clang/host/linux-x86/+/master/GCC_4_9_DEPRECATION.md


  LD      fs/exfat/exfat_fs.o
Android GCC has been deprecated in favor of Clang, and will be removed from
Android in 2020-01 as per the deprecation plan in:
https://android.googlesource.com/platform/prebuilts/clang/host/linux-x86/+/master/GCC_4_9_DEPRECATION.md


  LD      fs/exfat/built-in.o
Android GCC has been deprecated in favor of Clang, and will be removed from
Android in 2020-01 as per the deprecation plan in:
https://android.googlesource.com/platform/prebuilts/clang/host/linux-x86/+/master/GCC_4_9_DEPRECATION.md


  CC      drivers/media/platform/exynos/fimc-is/fimc-is-core.o
  CC      drivers/gpu/arm/t7xx/r22p0/mali_kbase_as_fault_debugfs.o
  CC      net/netfilter/xt_LOG.o
Android GCC has been deprecated in favor of Clang, and will be removed from
Android in 2020-01 as per the deprecation plan in:
https://android.googlesource.com/platform/prebuilts/clang/host/linux-x86/+/master/GCC_4_9_DEPRECATION.md


Android GCC has been deprecated in favor of Clang, and will be removed from
Android in 2020-01 as per the deprecation plan in:
https://android.googlesource.com/platform/prebuilts/clang/host/linux-x86/+/master/GCC_4_9_DEPRECATION.md


Android GCC has been deprecated in favor of Clang, and will be removed from
Android in 2020-01 as per the deprecation plan in:
https://android.googlesource.com/platform/prebuilts/clang/host/linux-x86/+/master/GCC_4_9_DEPRECATION.md


  CC      drivers/media/platform/exynos/gsc/gsc-output.o
  CC      drivers/hid/hid-ovr.o
Android GCC has been deprecated in favor of Clang, and will be removed from
Android in 2020-01 as per the deprecation plan in:
https://android.googlesource.com/platform/prebuilts/clang/host/linux-x86/+/master/GCC_4_9_DEPRECATION.md


Android GCC has been deprecated in favor of Clang, and will be removed from
Android in 2020-01 as per the deprecation plan in:
https://android.googlesource.com/platform/prebuilts/clang/host/linux-x86/+/master/GCC_4_9_DEPRECATION.md


Android GCC has been deprecated in favor of Clang, and will be removed from
Android in 2020-01 as per the deprecation plan in:
https://android.googlesource.com/platform/prebuilts/clang/host/linux-x86/+/master/GCC_4_9_DEPRECATION.md


  LD      fs/cifs/cifs.o
  CC      drivers/md/dm-ioctl.o
Android GCC has been deprecated in favor of Clang, and will be removed from
Android in 2020-01 as per the deprecation plan in:
https://android.googlesource.com/platform/prebuilts/clang/host/linux-x86/+/master/GCC_4_9_DEPRECATION.md


  CC      drivers/media/platform/exynos/fimg2d/fimg2d_ctx.o
  CC      kernel/res_counter.o
  CC      net/ipv4/ah4.o
Android GCC has been deprecated in favor of Clang, and will be removed from
Android in 2020-01 as per the deprecation plan in:
https://android.googlesource.com/platform/prebuilts/clang/host/linux-x86/+/master/GCC_4_9_DEPRECATION.md


Android GCC has been deprecated in favor of Clang, and will be removed from
Android in 2020-01 as per the deprecation plan in:
https://android.googlesource.com/platform/prebuilts/clang/host/linux-x86/+/master/GCC_4_9_DEPRECATION.md


In file included from include/trace/define_trace.h:86:0,
                 from include/trace/events/jbd2.h:385,
                 from fs/jbd2/journal.c:48:
include/trace/events/jbd2.h: In function 'perf_trace_jbd2_checkpoint':
include/trace/ftrace.h:653:6: warning: unused variable '__addr' [-Wunused-variable]
  u64 __addr = 0, __count = 1;     \
      ^
include/trace/ftrace.h:32:2: note: in expansion of macro 'DECLARE_EVENT_CLASS'
  DECLARE_EVENT_CLASS(name,          \
  ^
include/trace/events/jbd2.h:13:1: note: in expansion of macro 'TRACE_EVENT'
 TRACE_EVENT(jbd2_checkpoint,
 ^
include/trace/events/jbd2.h: In function 'perf_trace_jbd2_commit':
include/trace/ftrace.h:653:6: warning: unused variable '__addr' [-Wunused-variable]
  u64 __addr = 0, __count = 1;     \
      ^
include/trace/events/jbd2.h:33:1: note: in expansion of macro 'DECLARE_EVENT_CLASS'
 DECLARE_EVENT_CLASS(jbd2_commit,
 ^
Android GCC has been deprecated in favor of Clang, and will be removed from
Android in 2020-01 as per the deprecation plan in:
https://android.googlesource.com/platform/prebuilts/clang/host/linux-x86/+/master/GCC_4_9_DEPRECATION.md


include/trace/events/jbd2.h: In function 'perf_trace_jbd2_end_commit':
include/trace/ftrace.h:653:6: warning: unused variable '__addr' [-Wunused-variable]
  u64 __addr = 0, __count = 1;     \
      ^
include/trace/ftrace.h:32:2: note: in expansion of macro 'DECLARE_EVENT_CLASS'
  DECLARE_EVENT_CLASS(name,          \
  ^
include/trace/events/jbd2.h:91:1: note: in expansion of macro 'TRACE_EVENT'
 TRACE_EVENT(jbd2_end_commit,
 ^
include/trace/events/jbd2.h: In function 'perf_trace_jbd2_submit_inode_data':
include/trace/ftrace.h:653:6: warning: unused variable '__addr' [-Wunused-variable]
  u64 __addr = 0, __count = 1;     \
      ^
include/trace/ftrace.h:32:2: note: in expansion of macro 'DECLARE_EVENT_CLASS'
  DECLARE_EVENT_CLASS(name,          \
  ^
include/trace/events/jbd2.h:115:1: note: in expansion of macro 'TRACE_EVENT'
 TRACE_EVENT(jbd2_submit_inode_data,
 ^
include/trace/events/jbd2.h: In function 'perf_trace_jbd2_handle_start':
include/trace/ftrace.h:653:6: warning: unused variable '__addr' [-Wunused-variable]
  u64 __addr = 0, __count = 1;     \
      ^
include/trace/ftrace.h:32:2: note: in expansion of macro 'DECLARE_EVENT_CLASS'
  DECLARE_EVENT_CLASS(name,          \
  ^
include/trace/events/jbd2.h:135:1: note: in expansion of macro 'TRACE_EVENT'
 TRACE_EVENT(jbd2_handle_start,
 ^
include/trace/events/jbd2.h: In function 'perf_trace_jbd2_handle_extend':
include/trace/ftrace.h:653:6: warning: unused variable '__addr' [-Wunused-variable]
  u64 __addr = 0, __count = 1;     \
      ^
include/trace/ftrace.h:32:2: note: in expansion of macro 'DECLARE_EVENT_CLASS'
  DECLARE_EVENT_CLASS(name,          \
  ^
include/trace/events/jbd2.h:163:1: note: in expansion of macro 'TRACE_EVENT'
 TRACE_EVENT(jbd2_handle_extend,
 ^
include/trace/events/jbd2.h: In function 'perf_trace_jbd2_handle_stats':
include/trace/ftrace.h:653:6: warning: unused variable '__addr' [-Wunused-variable]
  u64 __addr = 0, __count = 1;     \
      ^
include/trace/ftrace.h:32:2: note: in expansion of macro 'DECLARE_EVENT_CLASS'
  DECLARE_EVENT_CLASS(name,          \
  ^
include/trace/events/jbd2.h:195:1: note: in expansion of macro 'TRACE_EVENT'
 TRACE_EVENT(jbd2_handle_stats,
 ^
include/trace/events/jbd2.h: In function 'perf_trace_jbd2_run_stats':
include/trace/ftrace.h:653:6: warning: unused variable '__addr' [-Wunused-variable]
  u64 __addr = 0, __count = 1;     \
      ^
include/trace/ftrace.h:32:2: note: in expansion of macro 'DECLARE_EVENT_CLASS'
  DECLARE_EVENT_CLASS(name,          \
  ^
include/trace/events/jbd2.h:233:1: note: in expansion of macro 'TRACE_EVENT'
 TRACE_EVENT(jbd2_run_stats,
 ^
include/trace/events/jbd2.h: In function 'perf_trace_jbd2_checkpoint_stats':
include/trace/ftrace.h:653:6: warning: unused variable '__addr' [-Wunused-variable]
  u64 __addr = 0, __count = 1;     \
      ^
include/trace/ftrace.h:32:2: note: in expansion of macro 'DECLARE_EVENT_CLASS'
  DECLARE_EVENT_CLASS(name,          \
  ^
include/trace/events/jbd2.h:281:1: note: in expansion of macro 'TRACE_EVENT'
 TRACE_EVENT(jbd2_checkpoint_stats,
 ^
include/trace/events/jbd2.h: In function 'perf_trace_jbd2_update_log_tail':
include/trace/ftrace.h:653:6: warning: unused variable '__addr' [-Wunused-variable]
  u64 __addr = 0, __count = 1;     \
      ^
include/trace/ftrace.h:32:2: note: in expansion of macro 'DECLARE_EVENT_CLASS'
  DECLARE_EVENT_CLASS(name,          \
  ^
include/trace/events/jbd2.h:312:1: note: in expansion of macro 'TRACE_EVENT'
 TRACE_EVENT(jbd2_update_log_tail,
 ^
Android GCC has been deprecated in favor of Clang, and will be removed from
Android in 2020-01 as per the deprecation plan in:
https://android.googlesource.com/platform/prebuilts/clang/host/linux-x86/+/master/GCC_4_9_DEPRECATION.md


include/trace/events/jbd2.h: In function 'perf_trace_jbd2_write_superblock':
include/trace/ftrace.h:653:6: warning: unused variable '__addr' [-Wunused-variable]
  u64 __addr = 0, __count = 1;     \
      ^
include/trace/ftrace.h:32:2: note: in expansion of macro 'DECLARE_EVENT_CLASS'
  DECLARE_EVENT_CLASS(name,          \
  ^
include/trace/events/jbd2.h:341:1: note: in expansion of macro 'TRACE_EVENT'
 TRACE_EVENT(jbd2_write_superblock,
 ^
include/trace/events/jbd2.h: In function 'perf_trace_jbd2_lock_buffer_stall':
include/trace/ftrace.h:653:6: warning: unused variable '__addr' [-Wunused-variable]
  u64 __addr = 0, __count = 1;     \
      ^
include/trace/ftrace.h:32:2: note: in expansion of macro 'DECLARE_EVENT_CLASS'
  DECLARE_EVENT_CLASS(name,          \
  ^
include/trace/events/jbd2.h:361:1: note: in expansion of macro 'TRACE_EVENT'
 TRACE_EVENT(jbd2_lock_buffer_stall,
 ^
  LD      drivers/media/platform/exynos/mdev/mdev.o
  LD      drivers/media/platform/exynos/mdev/built-in.o
  CC      drivers/gpu/arm/t7xx/r22p0/mali_kbase_regs_history_debugfs.o
  CC      drivers/mfd/arizona-core.o
  CC      net/netfilter/xt_NETMAP.o
Android GCC has been deprecated in favor of Clang, and will be removed from
Android in 2020-01 as per the deprecation plan in:
https://android.googlesource.com/platform/prebuilts/clang/host/linux-x86/+/master/GCC_4_9_DEPRECATION.md


  CC      drivers/misc/uid_cputime.o
Android GCC has been deprecated in favor of Clang, and will be removed from
Android in 2020-01 as per the deprecation plan in:
https://android.googlesource.com/platform/prebuilts/clang/host/linux-x86/+/master/GCC_4_9_DEPRECATION.md


Android GCC has been deprecated in favor of Clang, and will be removed from
Android in 2020-01 as per the deprecation plan in:
https://android.googlesource.com/platform/prebuilts/clang/host/linux-x86/+/master/GCC_4_9_DEPRECATION.md


Android GCC has been deprecated in favor of Clang, and will be removed from
Android in 2020-01 as per the deprecation plan in:
https://android.googlesource.com/platform/prebuilts/clang/host/linux-x86/+/master/GCC_4_9_DEPRECATION.md


  CC      fs/notify/group.o
  CC      drivers/mfd/arizona-irq.o
  CC      fs/notify/inode_mark.o
  CC      fs/notify/mark.o
  LD      fs/cifs/built-in.o
  CC      drivers/mfd/arizona-i2c.o
Android GCC has been deprecated in favor of Clang, and will be removed from
Android in 2020-01 as per the deprecation plan in:
https://android.googlesource.com/platform/prebuilts/clang/host/linux-x86/+/master/GCC_4_9_DEPRECATION.md


Android GCC has been deprecated in favor of Clang, and will be removed from
Android in 2020-01 as per the deprecation plan in:
https://android.googlesource.com/platform/prebuilts/clang/host/linux-x86/+/master/GCC_4_9_DEPRECATION.md


Android GCC has been deprecated in favor of Clang, and will be removed from
Android in 2020-01 as per the deprecation plan in:
https://android.googlesource.com/platform/prebuilts/clang/host/linux-x86/+/master/GCC_4_9_DEPRECATION.md


Android GCC has been deprecated in favor of Clang, and will be removed from
Android in 2020-01 as per the deprecation plan in:
https://android.googlesource.com/platform/prebuilts/clang/host/linux-x86/+/master/GCC_4_9_DEPRECATION.md


Android GCC has been deprecated in favor of Clang, and will be removed from
Android in 2020-01 as per the deprecation plan in:
https://android.googlesource.com/platform/prebuilts/clang/host/linux-x86/+/master/GCC_4_9_DEPRECATION.md


  CC      drivers/media/platform/exynos/fimg2d/fimg2d_cache.o
Android GCC has been deprecated in favor of Clang, and will be removed from
Android in 2020-01 as per the deprecation plan in:
https://android.googlesource.com/platform/prebuilts/clang/host/linux-x86/+/master/GCC_4_9_DEPRECATION.md


  CC      kernel/stop_machine.o
Android GCC has been deprecated in favor of Clang, and will be removed from
Android in 2020-01 as per the deprecation plan in:
https://android.googlesource.com/platform/prebuilts/clang/host/linux-x86/+/master/GCC_4_9_DEPRECATION.md


  CC      drivers/media/platform/exynos/hevc/hevc_inst.o
Android GCC has been deprecated in favor of Clang, and will be removed from
Android in 2020-01 as per the deprecation plan in:
https://android.googlesource.com/platform/prebuilts/clang/host/linux-x86/+/master/GCC_4_9_DEPRECATION.md


  CC      drivers/mfd/arizona-spi.o
  CC      fs/notify/vfsmount_mark.o
Android GCC has been deprecated in favor of Clang, and will be removed from
Android in 2020-01 as per the deprecation plan in:
https://android.googlesource.com/platform/prebuilts/clang/host/linux-x86/+/master/GCC_4_9_DEPRECATION.md


Android GCC has been deprecated in favor of Clang, and will be removed from
Android in 2020-01 as per the deprecation plan in:
https://android.googlesource.com/platform/prebuilts/clang/host/linux-x86/+/master/GCC_4_9_DEPRECATION.md


  CC      drivers/media/platform/exynos/gsc/gsc-capture.o
  CC      drivers/gpu/arm/t7xx/r22p0/thirdparty/mali_kbase_mmap.o
Android GCC has been deprecated in favor of Clang, and will be removed from
Android in 2020-01 as per the deprecation plan in:
https://android.googlesource.com/platform/prebuilts/clang/host/linux-x86/+/master/GCC_4_9_DEPRECATION.md


Android GCC has been deprecated in favor of Clang, and will be removed from
Android in 2020-01 as per the deprecation plan in:
https://android.googlesource.com/platform/prebuilts/clang/host/linux-x86/+/master/GCC_4_9_DEPRECATION.md


  CC      drivers/media/platform/exynos/fimg2d/fimg2d_helper.o
  CC      drivers/media/platform/exynos/mfc/s5p_mfc.o
Android GCC has been deprecated in favor of Clang, and will be removed from
Android in 2020-01 as per the deprecation plan in:
https://android.googlesource.com/platform/prebuilts/clang/host/linux-x86/+/master/GCC_4_9_DEPRECATION.md


Android GCC has been deprecated in favor of Clang, and will be removed from
Android in 2020-01 as per the deprecation plan in:
https://android.googlesource.com/platform/prebuilts/clang/host/linux-x86/+/master/GCC_4_9_DEPRECATION.md


Android GCC has been deprecated in favor of Clang, and will be removed from
Android in 2020-01 as per the deprecation plan in:
https://android.googlesource.com/platform/prebuilts/clang/host/linux-x86/+/master/GCC_4_9_DEPRECATION.md


  CC      drivers/misc/dualwave/dualwave.o
  CC      drivers/media/platform/exynos/gsc/gsc-regs.o
Android GCC has been deprecated in favor of Clang, and will be removed from
Android in 2020-01 as per the deprecation plan in:
https://android.googlesource.com/platform/prebuilts/clang/host/linux-x86/+/master/GCC_4_9_DEPRECATION.md


  CC      drivers/media/platform/exynos/mfc/s5p_mfc_intr.o
  CC      fs/ext4/super.o
Android GCC has been deprecated in favor of Clang, and will be removed from
Android in 2020-01 as per the deprecation plan in:
https://android.googlesource.com/platform/prebuilts/clang/host/linux-x86/+/master/GCC_4_9_DEPRECATION.md


Android GCC has been deprecated in favor of Clang, and will be removed from
Android in 2020-01 as per the deprecation plan in:
https://android.googlesource.com/platform/prebuilts/clang/host/linux-x86/+/master/GCC_4_9_DEPRECATION.md


Android GCC has been deprecated in favor of Clang, and will be removed from
Android in 2020-01 as per the deprecation plan in:
https://android.googlesource.com/platform/prebuilts/clang/host/linux-x86/+/master/GCC_4_9_DEPRECATION.md


  CC      drivers/md/dm-io.o
Android GCC has been deprecated in favor of Clang, and will be removed from
Android in 2020-01 as per the deprecation plan in:
https://android.googlesource.com/platform/prebuilts/clang/host/linux-x86/+/master/GCC_4_9_DEPRECATION.md


  CC      drivers/hid/hid-samsung.o
  CC      drivers/media/platform/exynos/hevc/hevc_dec.o
  CC      drivers/media/platform/exynos/mfc/s5p_mfc_dec.o
  CC      net/ipv4/esp4.o
Android GCC has been deprecated in favor of Clang, and will be removed from
Android in 2020-01 as per the deprecation plan in:
https://android.googlesource.com/platform/prebuilts/clang/host/linux-x86/+/master/GCC_4_9_DEPRECATION.md


  CC      net/netfilter/xt_NFLOG.o
Android GCC has been deprecated in favor of Clang, and will be removed from
Android in 2020-01 as per the deprecation plan in:
https://android.googlesource.com/platform/prebuilts/clang/host/linux-x86/+/master/GCC_4_9_DEPRECATION.md


Android GCC has been deprecated in favor of Clang, and will be removed from
Android in 2020-01 as per the deprecation plan in:
https://android.googlesource.com/platform/prebuilts/clang/host/linux-x86/+/master/GCC_4_9_DEPRECATION.md


Android GCC has been deprecated in favor of Clang, and will be removed from
Android in 2020-01 as per the deprecation plan in:
https://android.googlesource.com/platform/prebuilts/clang/host/linux-x86/+/master/GCC_4_9_DEPRECATION.md


Android GCC has been deprecated in favor of Clang, and will be removed from
Android in 2020-01 as per the deprecation plan in:
https://android.googlesource.com/platform/prebuilts/clang/host/linux-x86/+/master/GCC_4_9_DEPRECATION.md


Android GCC has been deprecated in favor of Clang, and will be removed from
Android in 2020-01 as per the deprecation plan in:
https://android.googlesource.com/platform/prebuilts/clang/host/linux-x86/+/master/GCC_4_9_DEPRECATION.md


  CC      fs/f2fs/recovery.o
  CC      fs/ext4/symlink.o
  CC      fs/notify/fdinfo.o
Android GCC has been deprecated in favor of Clang, and will be removed from
Android in 2020-01 as per the deprecation plan in:
https://android.googlesource.com/platform/prebuilts/clang/host/linux-x86/+/master/GCC_4_9_DEPRECATION.md


Android GCC has been deprecated in favor of Clang, and will be removed from
Android in 2020-01 as per the deprecation plan in:
https://android.googlesource.com/platform/prebuilts/clang/host/linux-x86/+/master/GCC_4_9_DEPRECATION.md


Android GCC has been deprecated in favor of Clang, and will be removed from
Android in 2020-01 as per the deprecation plan in:
https://android.googlesource.com/platform/prebuilts/clang/host/linux-x86/+/master/GCC_4_9_DEPRECATION.md


  CC      kernel/audit.o
  CC      drivers/gpu/arm/t7xx/r22p0/mali_kbase_sync_android.o
Android GCC has been deprecated in favor of Clang, and will be removed from
Android in 2020-01 as per the deprecation plan in:
https://android.googlesource.com/platform/prebuilts/clang/host/linux-x86/+/master/GCC_4_9_DEPRECATION.md


Android GCC has been deprecated in favor of Clang, and will be removed from
Android in 2020-01 as per the deprecation plan in:
https://android.googlesource.com/platform/prebuilts/clang/host/linux-x86/+/master/GCC_4_9_DEPRECATION.md


  CC      drivers/media/platform/exynos/fimg2d/fimg2d4x_blt.o
Android GCC has been deprecated in favor of Clang, and will be removed from
Android in 2020-01 as per the deprecation plan in:
https://android.googlesource.com/platform/prebuilts/clang/host/linux-x86/+/master/GCC_4_9_DEPRECATION.md


  CC      drivers/media/platform/exynos/hevc/hevc_mem.o
Android GCC has been deprecated in favor of Clang, and will be removed from
Android in 2020-01 as per the deprecation plan in:
https://android.googlesource.com/platform/prebuilts/clang/host/linux-x86/+/master/GCC_4_9_DEPRECATION.md


Android GCC has been deprecated in favor of Clang, and will be removed from
Android in 2020-01 as per the deprecation plan in:
https://android.googlesource.com/platform/prebuilts/clang/host/linux-x86/+/master/GCC_4_9_DEPRECATION.md


  CC      fs/notify/dnotify/dnotify.o
  CC      drivers/hid/hid-sjoy.o
Android GCC has been deprecated in favor of Clang, and will be removed from
Android in 2020-01 as per the deprecation plan in:
https://android.googlesource.com/platform/prebuilts/clang/host/linux-x86/+/master/GCC_4_9_DEPRECATION.md


  CC      drivers/hid/hid-sony.o
Android GCC has been deprecated in favor of Clang, and will be removed from
Android in 2020-01 as per the deprecation plan in:
https://android.googlesource.com/platform/prebuilts/clang/host/linux-x86/+/master/GCC_4_9_DEPRECATION.md


  CC      drivers/media/platform/exynos/fimc-is/fimc-is-mem.o
Android GCC has been deprecated in favor of Clang, and will be removed from
Android in 2020-01 as per the deprecation plan in:
https://android.googlesource.com/platform/prebuilts/clang/host/linux-x86/+/master/GCC_4_9_DEPRECATION.md


Android GCC has been deprecated in favor of Clang, and will be removed from
Android in 2020-01 as per the deprecation plan in:
https://android.googlesource.com/platform/prebuilts/clang/host/linux-x86/+/master/GCC_4_9_DEPRECATION.md


In file included from include/trace/define_trace.h:86:0,
                 from include/trace/events/ext4.h:2297,
                 from fs/ext4/super.c:56:
include/trace/events/ext4.h: In function 'perf_trace_ext4_free_inode':
include/trace/ftrace.h:653:6: warning: unused variable '__addr' [-Wunused-variable]
  u64 __addr = 0, __count = 1;     \
      ^
include/trace/ftrace.h:32:2: note: in expansion of macro 'DECLARE_EVENT_CLASS'
  DECLARE_EVENT_CLASS(name,          \
  ^
include/trace/events/ext4.h:22:1: note: in expansion of macro 'TRACE_EVENT'
 TRACE_EVENT(ext4_free_inode,
 ^
include/trace/events/ext4.h: In function 'perf_trace_ext4_request_inode':
include/trace/ftrace.h:653:6: warning: unused variable '__addr' [-Wunused-variable]
  u64 __addr = 0, __count = 1;     \
      ^
include/trace/ftrace.h:32:2: note: in expansion of macro 'DECLARE_EVENT_CLASS'
  DECLARE_EVENT_CLASS(name,          \
  ^
include/trace/events/ext4.h:51:1: note: in expansion of macro 'TRACE_EVENT'
 TRACE_EVENT(ext4_request_inode,
 ^
include/trace/events/ext4.h: In function 'perf_trace_ext4_allocate_inode':
include/trace/ftrace.h:653:6: warning: unused variable '__addr' [-Wunused-variable]
  u64 __addr = 0, __count = 1;     \
      ^
include/trace/ftrace.h:32:2: note: in expansion of macro 'DECLARE_EVENT_CLASS'
  DECLARE_EVENT_CLASS(name,          \
  ^
include/trace/events/ext4.h:73:1: note: in expansion of macro 'TRACE_EVENT'
 TRACE_EVENT(ext4_allocate_inode,
 ^
include/trace/events/ext4.h: In function 'perf_trace_ext4_evict_inode':
include/trace/ftrace.h:653:6: warning: unused variable '__addr' [-Wunused-variable]
  u64 __addr = 0, __count = 1;     \
      ^
include/trace/ftrace.h:32:2: note: in expansion of macro 'DECLARE_EVENT_CLASS'
  DECLARE_EVENT_CLASS(name,          \
  ^
include/trace/events/ext4.h:98:1: note: in expansion of macro 'TRACE_EVENT'
 TRACE_EVENT(ext4_evict_inode,
 ^
include/trace/events/ext4.h: In function 'perf_trace_ext4_drop_inode':
include/trace/ftrace.h:653:6: warning: unused variable '__addr' [-Wunused-variable]
  u64 __addr = 0, __count = 1;     \
      ^
include/trace/ftrace.h:32:2: note: in expansion of macro 'DECLARE_EVENT_CLASS'
  DECLARE_EVENT_CLASS(name,          \
  ^
include/trace/events/ext4.h:120:1: note: in expansion of macro 'TRACE_EVENT'
 TRACE_EVENT(ext4_drop_inode,
 ^
include/trace/events/ext4.h: In function 'perf_trace_ext4_mark_inode_dirty':
include/trace/ftrace.h:653:6: warning: unused variable '__addr' [-Wunused-variable]
  u64 __addr = 0, __count = 1;     \
      ^
include/trace/ftrace.h:32:2: note: in expansion of macro 'DECLARE_EVENT_CLASS'
  DECLARE_EVENT_CLASS(name,          \
  ^
include/trace/events/ext4.h:142:1: note: in expansion of macro 'TRACE_EVENT'
 TRACE_EVENT(ext4_mark_inode_dirty,
 ^
include/trace/events/ext4.h: In function 'perf_trace_ext4_begin_ordered_truncate':
include/trace/ftrace.h:653:6: warning: unused variable '__addr' [-Wunused-variable]
  u64 __addr = 0, __count = 1;     \
      ^
include/trace/ftrace.h:32:2: note: in expansion of macro 'DECLARE_EVENT_CLASS'
  DECLARE_EVENT_CLASS(name,          \
  ^
include/trace/events/ext4.h:164:1: note: in expansion of macro 'TRACE_EVENT'
 TRACE_EVENT(ext4_begin_ordered_truncate,
 ^
include/trace/events/ext4.h: In function 'perf_trace_ext4__write_begin':
include/trace/ftrace.h:653:6: warning: unused variable '__addr' [-Wunused-variable]
  u64 __addr = 0, __count = 1;     \
      ^
include/trace/events/ext4.h:187:1: note: in expansion of macro 'DECLARE_EVENT_CLASS'
 DECLARE_EVENT_CLASS(ext4__write_begin,
 ^
include/trace/events/ext4.h: In function 'perf_trace_ext4__write_end':
include/trace/ftrace.h:653:6: warning: unused variable '__addr' [-Wunused-variable]
  u64 __addr = 0, __count = 1;     \
      ^
include/trace/events/ext4.h:232:1: note: in expansion of macro 'DECLARE_EVENT_CLASS'
 DECLARE_EVENT_CLASS(ext4__write_end,
 ^
Android GCC has been deprecated in favor of Clang, and will be removed from
Android in 2020-01 as per the deprecation plan in:
https://android.googlesource.com/platform/prebuilts/clang/host/linux-x86/+/master/GCC_4_9_DEPRECATION.md


include/trace/events/ext4.h: In function 'perf_trace_ext4_da_writepages':
include/trace/ftrace.h:653:6: warning: unused variable '__addr' [-Wunused-variable]
  u64 __addr = 0, __count = 1;     \
      ^
include/trace/ftrace.h:32:2: note: in expansion of macro 'DECLARE_EVENT_CLASS'
  DECLARE_EVENT_CLASS(name,          \
  ^
include/trace/events/ext4.h:284:1: note: in expansion of macro 'TRACE_EVENT'
 TRACE_EVENT(ext4_da_writepages,
 ^
include/trace/events/ext4.h: In function 'perf_trace_ext4_da_write_pages':
include/trace/ftrace.h:653:6: warning: unused variable '__addr' [-Wunused-variable]
  u64 __addr = 0, __count = 1;     \
      ^
include/trace/ftrace.h:32:2: note: in expansion of macro 'DECLARE_EVENT_CLASS'
  DECLARE_EVENT_CLASS(name,          \
  ^
include/trace/events/ext4.h:326:1: note: in expansion of macro 'TRACE_EVENT'
 TRACE_EVENT(ext4_da_write_pages,
 ^
include/trace/events/ext4.h: In function 'perf_trace_ext4_da_writepages_result':
include/trace/ftrace.h:653:6: warning: unused variable '__addr' [-Wunused-variable]
  u64 __addr = 0, __count = 1;     \
      ^
include/trace/ftrace.h:32:2: note: in expansion of macro 'DECLARE_EVENT_CLASS'
  DECLARE_EVENT_CLASS(name,          \
  ^
include/trace/events/ext4.h:366:1: note: in expansion of macro 'TRACE_EVENT'
 TRACE_EVENT(ext4_da_writepages_result,
 ^
include/trace/events/ext4.h: In function 'perf_trace_ext4__page_op':
include/trace/ftrace.h:653:6: warning: unused variable '__addr' [-Wunused-variable]
  u64 __addr = 0, __count = 1;     \
      ^
include/trace/events/ext4.h:401:1: note: in expansion of macro 'DECLARE_EVENT_CLASS'
 DECLARE_EVENT_CLASS(ext4__page_op,
 ^
include/trace/events/ext4.h: In function 'perf_trace_ext4_invalidatepage_op':
include/trace/ftrace.h:653:6: warning: unused variable '__addr' [-Wunused-variable]
  u64 __addr = 0, __count = 1;     \
      ^
include/trace/events/ext4.h:446:1: note: in expansion of macro 'DECLARE_EVENT_CLASS'
 DECLARE_EVENT_CLASS(ext4_invalidatepage_op,
 ^
include/trace/events/ext4.h: In function 'perf_trace_ext4_discard_blocks':
include/trace/ftrace.h:653:6: warning: unused variable '__addr' [-Wunused-variable]
  u64 __addr = 0, __count = 1;     \
      ^
include/trace/ftrace.h:32:2: note: in expansion of macro 'DECLARE_EVENT_CLASS'
  DECLARE_EVENT_CLASS(name,          \
  ^
include/trace/events/ext4.h:484:1: note: in expansion of macro 'TRACE_EVENT'
 TRACE_EVENT(ext4_discard_blocks,
 ^
include/trace/events/ext4.h: In function 'perf_trace_ext4__mb_new_pa':
include/trace/ftrace.h:653:6: warning: unused variable '__addr' [-Wunused-variable]
  u64 __addr = 0, __count = 1;     \
      ^
include/trace/events/ext4.h:508:1: note: in expansion of macro 'DECLARE_EVENT_CLASS'
 DECLARE_EVENT_CLASS(ext4__mb_new_pa,
 ^
include/trace/events/ext4.h: In function 'perf_trace_ext4_mb_release_inode_pa':
include/trace/ftrace.h:653:6: warning: unused variable '__addr' [-Wunused-variable]
  u64 __addr = 0, __count = 1;     \
      ^
include/trace/ftrace.h:32:2: note: in expansion of macro 'DECLARE_EVENT_CLASS'
  DECLARE_EVENT_CLASS(name,          \
  ^
include/trace/events/ext4.h:553:1: note: in expansion of macro 'TRACE_EVENT'
 TRACE_EVENT(ext4_mb_release_inode_pa,
 ^
include/trace/events/ext4.h: In function 'perf_trace_ext4_mb_release_group_pa':
include/trace/ftrace.h:653:6: warning: unused variable '__addr' [-Wunused-variable]
  u64 __addr = 0, __count = 1;     \
      ^
include/trace/ftrace.h:32:2: note: in expansion of macro 'DECLARE_EVENT_CLASS'
  DECLARE_EVENT_CLASS(name,          \
  ^
include/trace/events/ext4.h:580:1: note: in expansion of macro 'TRACE_EVENT'
 TRACE_EVENT(ext4_mb_release_group_pa,
 ^
include/trace/events/ext4.h: In function 'perf_trace_ext4_discard_preallocations':
include/trace/ftrace.h:653:6: warning: unused variable '__addr' [-Wunused-variable]
  u64 __addr = 0, __count = 1;     \
      ^
include/trace/ftrace.h:32:2: note: in expansion of macro 'DECLARE_EVENT_CLASS'
  DECLARE_EVENT_CLASS(name,          \
  ^
include/trace/events/ext4.h:603:1: note: in expansion of macro 'TRACE_EVENT'
 TRACE_EVENT(ext4_discard_preallocations,
 ^
include/trace/events/ext4.h: In function 'perf_trace_ext4_mb_discard_preallocations':
include/trace/ftrace.h:653:6: warning: unused variable '__addr' [-Wunused-variable]
  u64 __addr = 0, __count = 1;     \
      ^
include/trace/ftrace.h:32:2: note: in expansion of macro 'DECLARE_EVENT_CLASS'
  DECLARE_EVENT_CLASS(name,          \
  ^
include/trace/events/ext4.h:624:1: note: in expansion of macro 'TRACE_EVENT'
 TRACE_EVENT(ext4_mb_discard_preallocations,
 ^
include/trace/events/ext4.h: In function 'perf_trace_ext4_request_blocks':
include/trace/ftrace.h:653:6: warning: unused variable '__addr' [-Wunused-variable]
  u64 __addr = 0, __count = 1;     \
      ^
include/trace/ftrace.h:32:2: note: in expansion of macro 'DECLARE_EVENT_CLASS'
  DECLARE_EVENT_CLASS(name,          \
  ^
include/trace/events/ext4.h:645:1: note: in expansion of macro 'TRACE_EVENT'
 TRACE_EVENT(ext4_request_blocks,
 ^
include/trace/events/ext4.h: In function 'perf_trace_ext4_allocate_blocks':
include/trace/ftrace.h:653:6: warning: unused variable '__addr' [-Wunused-variable]
  u64 __addr = 0, __count = 1;     \
      ^
include/trace/ftrace.h:32:2: note: in expansion of macro 'DECLARE_EVENT_CLASS'
  DECLARE_EVENT_CLASS(name,          \
  ^
include/trace/events/ext4.h:685:1: note: in expansion of macro 'TRACE_EVENT'
 TRACE_EVENT(ext4_allocate_blocks,
 ^
include/trace/events/ext4.h: In function 'perf_trace_ext4_free_blocks':
include/trace/ftrace.h:653:6: warning: unused variable '__addr' [-Wunused-variable]
  u64 __addr = 0, __count = 1;     \
      ^
include/trace/ftrace.h:32:2: note: in expansion of macro 'DECLARE_EVENT_CLASS'
  DECLARE_EVENT_CLASS(name,          \
  ^
include/trace/events/ext4.h:727:1: note: in expansion of macro 'TRACE_EVENT'
 TRACE_EVENT(ext4_free_blocks,
 ^
include/trace/events/ext4.h: In function 'perf_trace_ext4_sync_file_enter':
include/trace/ftrace.h:653:6: warning: unused variable '__addr' [-Wunused-variable]
  u64 __addr = 0, __count = 1;     \
      ^
include/trace/ftrace.h:32:2: note: in expansion of macro 'DECLARE_EVENT_CLASS'
  DECLARE_EVENT_CLASS(name,          \
  ^
include/trace/events/ext4.h:758:1: note: in expansion of macro 'TRACE_EVENT'
 TRACE_EVENT(ext4_sync_file_enter,
 ^
include/trace/events/ext4.h: In function 'perf_trace_ext4_sync_file_exit':
include/trace/ftrace.h:653:6: warning: unused variable '__addr' [-Wunused-variable]
  u64 __addr = 0, __count = 1;     \
      ^
include/trace/ftrace.h:32:2: note: in expansion of macro 'DECLARE_EVENT_CLASS'
  DECLARE_EVENT_CLASS(name,          \
  ^
include/trace/events/ext4.h:785:1: note: in expansion of macro 'TRACE_EVENT'
 TRACE_EVENT(ext4_sync_file_exit,
 ^
include/trace/events/ext4.h: In function 'perf_trace_ext4_sync_fs':
include/trace/ftrace.h:653:6: warning: unused variable '__addr' [-Wunused-variable]
  u64 __addr = 0, __count = 1;     \
      ^
include/trace/ftrace.h:32:2: note: in expansion of macro 'DECLARE_EVENT_CLASS'
  DECLARE_EVENT_CLASS(name,          \
  ^
include/trace/events/ext4.h:808:1: note: in expansion of macro 'TRACE_EVENT'
 TRACE_EVENT(ext4_sync_fs,
 ^
include/trace/events/ext4.h: In function 'perf_trace_ext4_alloc_da_blocks':
include/trace/ftrace.h:653:6: warning: unused variable '__addr' [-Wunused-variable]
  u64 __addr = 0, __count = 1;     \
      ^
include/trace/ftrace.h:32:2: note: in expansion of macro 'DECLARE_EVENT_CLASS'
  DECLARE_EVENT_CLASS(name,          \
  ^
include/trace/events/ext4.h:829:1: note: in expansion of macro 'TRACE_EVENT'
 TRACE_EVENT(ext4_alloc_da_blocks,
 ^
include/trace/events/ext4.h: In function 'perf_trace_ext4_mballoc_alloc':
include/trace/ftrace.h:653:6: warning: unused variable '__addr' [-Wunused-variable]
  u64 __addr = 0, __count = 1;     \
      ^
include/trace/ftrace.h:32:2: note: in expansion of macro 'DECLARE_EVENT_CLASS'
  DECLARE_EVENT_CLASS(name,          \
  ^
include/trace/events/ext4.h:854:1: note: in expansion of macro 'TRACE_EVENT'
 TRACE_EVENT(ext4_mballoc_alloc,
 ^
include/trace/events/ext4.h: In function 'perf_trace_ext4_mballoc_prealloc':
include/trace/ftrace.h:653:6: warning: unused variable '__addr' [-Wunused-variable]
  u64 __addr = 0, __count = 1;     \
      ^
include/trace/ftrace.h:32:2: note: in expansion of macro 'DECLARE_EVENT_CLASS'
  DECLARE_EVENT_CLASS(name,          \
  ^
include/trace/events/ext4.h:921:1: note: in expansion of macro 'TRACE_EVENT'
 TRACE_EVENT(ext4_mballoc_prealloc,
 ^
include/trace/events/ext4.h: In function 'perf_trace_ext4__mballoc':
include/trace/ftrace.h:653:6: warning: unused variable '__addr' [-Wunused-variable]
  u64 __addr = 0, __count = 1;     \
      ^
include/trace/events/ext4.h:961:1: note: in expansion of macro 'DECLARE_EVENT_CLASS'
 DECLARE_EVENT_CLASS(ext4__mballoc,
 ^
include/trace/events/ext4.h: In function 'perf_trace_ext4_forget':
include/trace/ftrace.h:653:6: warning: unused variable '__addr' [-Wunused-variable]
  u64 __addr = 0, __count = 1;     \
      ^
include/trace/ftrace.h:32:2: note: in expansion of macro 'DECLARE_EVENT_CLASS'
  DECLARE_EVENT_CLASS(name,          \
  ^
include/trace/events/ext4.h:1015:1: note: in expansion of macro 'TRACE_EVENT'
 TRACE_EVENT(ext4_forget,
 ^
include/trace/events/ext4.h: In function 'perf_trace_ext4_da_update_reserve_space':
include/trace/ftrace.h:653:6: warning: unused variable '__addr' [-Wunused-variable]
  u64 __addr = 0, __count = 1;     \
      ^
include/trace/ftrace.h:32:2: note: in expansion of macro 'DECLARE_EVENT_CLASS'
  DECLARE_EVENT_CLASS(name,          \
  ^
include/trace/events/ext4.h:1042:1: note: in expansion of macro 'TRACE_EVENT'
 TRACE_EVENT(ext4_da_update_reserve_space,
 ^
include/trace/events/ext4.h: In function 'perf_trace_ext4_da_reserve_space':
include/trace/ftrace.h:653:6: warning: unused variable '__addr' [-Wunused-variable]
  u64 __addr = 0, __count = 1;     \
      ^
include/trace/ftrace.h:32:2: note: in expansion of macro 'DECLARE_EVENT_CLASS'
  DECLARE_EVENT_CLASS(name,          \
  ^
include/trace/events/ext4.h:1085:1: note: in expansion of macro 'TRACE_EVENT'
 TRACE_EVENT(ext4_da_reserve_space,
 ^
include/trace/events/ext4.h: In function 'perf_trace_ext4_da_release_space':
include/trace/ftrace.h:653:6: warning: unused variable '__addr' [-Wunused-variable]
  u64 __addr = 0, __count = 1;     \
      ^
include/trace/ftrace.h:32:2: note: in expansion of macro 'DECLARE_EVENT_CLASS'
  DECLARE_EVENT_CLASS(name,          \
  ^
include/trace/events/ext4.h:1119:1: note: in expansion of macro 'TRACE_EVENT'
 TRACE_EVENT(ext4_da_release_space,
 ^
include/trace/events/ext4.h: In function 'perf_trace_ext4__bitmap_load':
include/trace/ftrace.h:653:6: warning: unused variable '__addr' [-Wunused-variable]
  u64 __addr = 0, __count = 1;     \
      ^
include/trace/events/ext4.h:1156:1: note: in expansion of macro 'DECLARE_EVENT_CLASS'
 DECLARE_EVENT_CLASS(ext4__bitmap_load,
 ^
include/trace/events/ext4.h: In function 'perf_trace_ext4_direct_IO_enter':
include/trace/ftrace.h:653:6: warning: unused variable '__addr' [-Wunused-variable]
  u64 __addr = 0, __count = 1;     \
      ^
include/trace/ftrace.h:32:2: note: in expansion of macro 'DECLARE_EVENT_CLASS'
  DECLARE_EVENT_CLASS(name,          \
  ^
include/trace/events/ext4.h:1205:1: note: in expansion of macro 'TRACE_EVENT'
 TRACE_EVENT(ext4_direct_IO_enter,
 ^
include/trace/events/ext4.h: In function 'perf_trace_ext4_direct_IO_exit':
include/trace/ftrace.h:653:6: warning: unused variable '__addr' [-Wunused-variable]
  u64 __addr = 0, __count = 1;     \
      ^
include/trace/ftrace.h:32:2: note: in expansion of macro 'DECLARE_EVENT_CLASS'
  DECLARE_EVENT_CLASS(name,          \
  ^
include/trace/events/ext4.h:1232:1: note: in expansion of macro 'TRACE_EVENT'
 TRACE_EVENT(ext4_direct_IO_exit,
 ^
include/trace/events/ext4.h: In function 'perf_trace_ext4_fallocate_enter':
include/trace/ftrace.h:653:6: warning: unused variable '__addr' [-Wunused-variable]
  u64 __addr = 0, __count = 1;     \
      ^
include/trace/ftrace.h:32:2: note: in expansion of macro 'DECLARE_EVENT_CLASS'
  DECLARE_EVENT_CLASS(name,          \
  ^
include/trace/events/ext4.h:1263:1: note: in expansion of macro 'TRACE_EVENT'
 TRACE_EVENT(ext4_fallocate_enter,
 ^
include/trace/events/ext4.h: In function 'perf_trace_ext4_fallocate_exit':
include/trace/ftrace.h:653:6: warning: unused variable '__addr' [-Wunused-variable]
  u64 __addr = 0, __count = 1;     \
      ^
include/trace/ftrace.h:32:2: note: in expansion of macro 'DECLARE_EVENT_CLASS'
  DECLARE_EVENT_CLASS(name,          \
  ^
include/trace/events/ext4.h:1290:1: note: in expansion of macro 'TRACE_EVENT'
 TRACE_EVENT(ext4_fallocate_exit,
 ^
include/trace/events/ext4.h: In function 'perf_trace_ext4_punch_hole':
include/trace/ftrace.h:653:6: warning: unused variable '__addr' [-Wunused-variable]
  u64 __addr = 0, __count = 1;     \
      ^
include/trace/ftrace.h:32:2: note: in expansion of macro 'DECLARE_EVENT_CLASS'
  DECLARE_EVENT_CLASS(name,          \
  ^
include/trace/events/ext4.h:1319:1: note: in expansion of macro 'TRACE_EVENT'
 TRACE_EVENT(ext4_punch_hole,
 ^
include/trace/events/ext4.h: In function 'perf_trace_ext4_unlink_enter':
include/trace/ftrace.h:653:6: warning: unused variable '__addr' [-Wunused-variable]
  u64 __addr = 0, __count = 1;     \
      ^
include/trace/ftrace.h:32:2: note: in expansion of macro 'DECLARE_EVENT_CLASS'
  DECLARE_EVENT_CLASS(name,          \
  ^
include/trace/events/ext4.h:1344:1: note: in expansion of macro 'TRACE_EVENT'
 TRACE_EVENT(ext4_unlink_enter,
 ^
include/trace/events/ext4.h: In function 'perf_trace_ext4_unlink_exit':
include/trace/ftrace.h:653:6: warning: unused variable '__addr' [-Wunused-variable]
  u64 __addr = 0, __count = 1;     \
      ^
include/trace/ftrace.h:32:2: note: in expansion of macro 'DECLARE_EVENT_CLASS'
  DECLARE_EVENT_CLASS(name,          \
  ^
include/trace/events/ext4.h:1369:1: note: in expansion of macro 'TRACE_EVENT'
 TRACE_EVENT(ext4_unlink_exit,
 ^
include/trace/events/ext4.h: In function 'perf_trace_ext4__truncate':
include/trace/ftrace.h:653:6: warning: unused variable '__addr' [-Wunused-variable]
  u64 __addr = 0, __count = 1;     \
      ^
include/trace/events/ext4.h:1392:1: note: in expansion of macro 'DECLARE_EVENT_CLASS'
 DECLARE_EVENT_CLASS(ext4__truncate,
 ^
include/trace/events/ext4.h: In function 'perf_trace_ext4_ext_convert_to_initialized_enter':
include/trace/ftrace.h:653:6: warning: unused variable '__addr' [-Wunused-variable]
  u64 __addr = 0, __count = 1;     \
      ^
include/trace/ftrace.h:32:2: note: in expansion of macro 'DECLARE_EVENT_CLASS'
  DECLARE_EVENT_CLASS(name,          \
  ^
include/trace/events/ext4.h:1429:1: note: in expansion of macro 'TRACE_EVENT'
 TRACE_EVENT(ext4_ext_convert_to_initialized_enter,
 ^
include/trace/events/ext4.h: In function 'perf_trace_ext4_ext_convert_to_initialized_fastpath':
include/trace/ftrace.h:653:6: warning: unused variable '__addr' [-Wunused-variable]
  u64 __addr = 0, __count = 1;     \
      ^
include/trace/ftrace.h:32:2: note: in expansion of macro 'DECLARE_EVENT_CLASS'
  DECLARE_EVENT_CLASS(name,          \
  ^
include/trace/events/ext4.h:1467:1: note: in expansion of macro 'TRACE_EVENT'
 TRACE_EVENT(ext4_ext_convert_to_initialized_fastpath,
 ^
include/trace/events/ext4.h: In function 'perf_trace_ext4__map_blocks_enter':
include/trace/ftrace.h:653:6: warning: unused variable '__addr' [-Wunused-variable]
  u64 __addr = 0, __count = 1;     \
      ^
include/trace/events/ext4.h:1509:1: note: in expansion of macro 'DECLARE_EVENT_CLASS'
 DECLARE_EVENT_CLASS(ext4__map_blocks_enter,
 ^
include/trace/events/ext4.h: In function 'perf_trace_ext4__map_blocks_exit':
include/trace/ftrace.h:653:6: warning: unused variable '__addr' [-Wunused-variable]
  u64 __addr = 0, __count = 1;     \
      ^
include/trace/events/ext4.h:1551:1: note: in expansion of macro 'DECLARE_EVENT_CLASS'
 DECLARE_EVENT_CLASS(ext4__map_blocks_exit,
 ^
include/trace/events/ext4.h: In function 'perf_trace_ext4_ext_load_extent':
include/trace/ftrace.h:653:6: warning: unused variable '__addr' [-Wunused-variable]
  u64 __addr = 0, __count = 1;     \
      ^
include/trace/ftrace.h:32:2: note: in expansion of macro 'DECLARE_EVENT_CLASS'
  DECLARE_EVENT_CLASS(name,          \
  ^
include/trace/events/ext4.h:1595:1: note: in expansion of macro 'TRACE_EVENT'
 TRACE_EVENT(ext4_ext_load_extent,
 ^
include/trace/events/ext4.h: In function 'perf_trace_ext4_load_inode':
include/trace/ftrace.h:653:6: warning: unused variable '__addr' [-Wunused-variable]
  u64 __addr = 0, __count = 1;     \
      ^
include/trace/ftrace.h:32:2: note: in expansion of macro 'DECLARE_EVENT_CLASS'
  DECLARE_EVENT_CLASS(name,          \
  ^
include/trace/events/ext4.h:1620:1: note: in expansion of macro 'TRACE_EVENT'
 TRACE_EVENT(ext4_load_inode,
 ^
include/trace/events/ext4.h: In function 'perf_trace_ext4_journal_start':
include/trace/ftrace.h:653:6: warning: unused variable '__addr' [-Wunused-variable]
  u64 __addr = 0, __count = 1;     \
      ^
include/trace/ftrace.h:32:2: note: in expansion of macro 'DECLARE_EVENT_CLASS'
  DECLARE_EVENT_CLASS(name,          \
  ^
include/trace/events/ext4.h:1640:1: note: in expansion of macro 'TRACE_EVENT'
 TRACE_EVENT(ext4_journal_start,
 ^
  CC      net/netfilter/xt_NFQUEUE.o
include/trace/events/ext4.h: In function 'perf_trace_ext4__trim':
include/trace/ftrace.h:653:6: warning: unused variable '__addr' [-Wunused-variable]
  u64 __addr = 0, __count = 1;     \
      ^
include/trace/events/ext4.h:1662:1: note: in expansion of macro 'DECLARE_EVENT_CLASS'
 DECLARE_EVENT_CLASS(ext4__trim,
 ^
include/trace/events/ext4.h: In function 'perf_trace_ext4_ext_handle_uninitialized_extents':
include/trace/ftrace.h:653:6: warning: unused variable '__addr' [-Wunused-variable]
  u64 __addr = 0, __count = 1;     \
      ^
include/trace/ftrace.h:32:2: note: in expansion of macro 'DECLARE_EVENT_CLASS'
  DECLARE_EVENT_CLASS(name,          \
  ^
include/trace/events/ext4.h:1711:1: note: in expansion of macro 'TRACE_EVENT'
 TRACE_EVENT(ext4_ext_handle_uninitialized_extents,
 ^
include/trace/events/ext4.h: In function 'perf_trace_ext4_get_implied_cluster_alloc_exit':
include/trace/ftrace.h:653:6: warning: unused variable '__addr' [-Wunused-variable]
  u64 __addr = 0, __count = 1;     \
      ^
include/trace/ftrace.h:32:2: note: in expansion of macro 'DECLARE_EVENT_CLASS'
  DECLARE_EVENT_CLASS(name,          \
  ^
include/trace/events/ext4.h:1749:1: note: in expansion of macro 'TRACE_EVENT'
 TRACE_EVENT(ext4_get_implied_cluster_alloc_exit,
 ^
include/trace/events/ext4.h: In function 'perf_trace_ext4_ext_put_in_cache':
include/trace/ftrace.h:653:6: warning: unused variable '__addr' [-Wunused-variable]
  u64 __addr = 0, __count = 1;     \
      ^
include/trace/ftrace.h:32:2: note: in expansion of macro 'DECLARE_EVENT_CLASS'
  DECLARE_EVENT_CLASS(name,          \
  ^
include/trace/events/ext4.h:1778:1: note: in expansion of macro 'TRACE_EVENT'
 TRACE_EVENT(ext4_ext_put_in_cache,
 ^
include/trace/events/ext4.h: In function 'perf_trace_ext4_ext_in_cache':
include/trace/ftrace.h:653:6: warning: unused variable '__addr' [-Wunused-variable]
  u64 __addr = 0, __count = 1;     \
      ^
include/trace/ftrace.h:32:2: note: in expansion of macro 'DECLARE_EVENT_CLASS'
  DECLARE_EVENT_CLASS(name,          \
  ^
include/trace/events/ext4.h:1808:1: note: in expansion of macro 'TRACE_EVENT'
 TRACE_EVENT(ext4_ext_in_cache,
 ^
include/trace/events/ext4.h: In function 'perf_trace_ext4_find_delalloc_range':
include/trace/ftrace.h:653:6: warning: unused variable '__addr' [-Wunused-variable]
  u64 __addr = 0, __count = 1;     \
      ^
include/trace/ftrace.h:32:2: note: in expansion of macro 'DECLARE_EVENT_CLASS'
  DECLARE_EVENT_CLASS(name,          \
  ^
include/trace/events/ext4.h:1835:1: note: in expansion of macro 'TRACE_EVENT'
 TRACE_EVENT(ext4_find_delalloc_range,
 ^
include/trace/events/ext4.h: In function 'perf_trace_ext4_get_reserved_cluster_alloc':
include/trace/ftrace.h:653:6: warning: unused variable '__addr' [-Wunused-variable]
  u64 __addr = 0, __count = 1;     \
      ^
include/trace/ftrace.h:32:2: note: in expansion of macro 'DECLARE_EVENT_CLASS'
  DECLARE_EVENT_CLASS(name,          \
  ^
include/trace/events/ext4.h:1870:1: note: in expansion of macro 'TRACE_EVENT'
 TRACE_EVENT(ext4_get_reserved_cluster_alloc,
 ^
include/trace/events/ext4.h: In function 'perf_trace_ext4_ext_show_extent':
include/trace/ftrace.h:653:6: warning: unused variable '__addr' [-Wunused-variable]
  u64 __addr = 0, __count = 1;     \
      ^
include/trace/ftrace.h:32:2: note: in expansion of macro 'DECLARE_EVENT_CLASS'
  DECLARE_EVENT_CLASS(name,          \
  ^
include/trace/events/ext4.h:1896:1: note: in expansion of macro 'TRACE_EVENT'
 TRACE_EVENT(ext4_ext_show_extent,
 ^
include/trace/events/ext4.h: In function 'perf_trace_ext4_remove_blocks':
include/trace/ftrace.h:653:6: warning: unused variable '__addr' [-Wunused-variable]
  u64 __addr = 0, __count = 1;     \
      ^
include/trace/ftrace.h:32:2: note: in expansion of macro 'DECLARE_EVENT_CLASS'
  DECLARE_EVENT_CLASS(name,          \
  ^
include/trace/events/ext4.h:1926:1: note: in expansion of macro 'TRACE_EVENT'
 TRACE_EVENT(ext4_remove_blocks,
 ^
include/trace/events/ext4.h: In function 'perf_trace_ext4_ext_rm_leaf':
include/trace/ftrace.h:653:6: warning: unused variable '__addr' [-Wunused-variable]
  u64 __addr = 0, __count = 1;     \
      ^
include/trace/ftrace.h:32:2: note: in expansion of macro 'DECLARE_EVENT_CLASS'
  DECLARE_EVENT_CLASS(name,          \
  ^
include/trace/events/ext4.h:1967:1: note: in expansion of macro 'TRACE_EVENT'
 TRACE_EVENT(ext4_ext_rm_leaf,
 ^
include/trace/events/ext4.h: In function 'perf_trace_ext4_ext_rm_idx':
include/trace/ftrace.h:653:6: warning: unused variable '__addr' [-Wunused-variable]
  u64 __addr = 0, __count = 1;     \
      ^
include/trace/ftrace.h:32:2: note: in expansion of macro 'DECLARE_EVENT_CLASS'
  DECLARE_EVENT_CLASS(name,          \
  ^
include/trace/events/ext4.h:2004:1: note: in expansion of macro 'TRACE_EVENT'
 TRACE_EVENT(ext4_ext_rm_idx,
 ^
include/trace/events/ext4.h: In function 'perf_trace_ext4_ext_remove_space':
include/trace/ftrace.h:653:6: warning: unused variable '__addr' [-Wunused-variable]
  u64 __addr = 0, __count = 1;     \
      ^
include/trace/ftrace.h:32:2: note: in expansion of macro 'DECLARE_EVENT_CLASS'
  DECLARE_EVENT_CLASS(name,          \
  ^
include/trace/events/ext4.h:2027:1: note: in expansion of macro 'TRACE_EVENT'
 TRACE_EVENT(ext4_ext_remove_space,
 ^
include/trace/events/ext4.h: In function 'perf_trace_ext4_ext_remove_space_done':
include/trace/ftrace.h:653:6: warning: unused variable '__addr' [-Wunused-variable]
  u64 __addr = 0, __count = 1;     \
      ^
include/trace/ftrace.h:32:2: note: in expansion of macro 'DECLARE_EVENT_CLASS'
  DECLARE_EVENT_CLASS(name,          \
  ^
include/trace/events/ext4.h:2053:1: note: in expansion of macro 'TRACE_EVENT'
 TRACE_EVENT(ext4_ext_remove_space_done,
 ^
include/trace/events/ext4.h: In function 'perf_trace_ext4_es_insert_extent':
include/trace/ftrace.h:653:6: warning: unused variable '__addr' [-Wunused-variable]
  u64 __addr = 0, __count = 1;     \
      ^
include/trace/ftrace.h:32:2: note: in expansion of macro 'DECLARE_EVENT_CLASS'
  DECLARE_EVENT_CLASS(name,          \
  ^
include/trace/events/ext4.h:2087:1: note: in expansion of macro 'TRACE_EVENT'
 TRACE_EVENT(ext4_es_insert_extent,
 ^
include/trace/events/ext4.h: In function 'perf_trace_ext4_es_remove_extent':
include/trace/ftrace.h:653:6: warning: unused variable '__addr' [-Wunused-variable]
  u64 __addr = 0, __count = 1;     \
      ^
include/trace/ftrace.h:32:2: note: in expansion of macro 'DECLARE_EVENT_CLASS'
  DECLARE_EVENT_CLASS(name,          \
  ^
include/trace/events/ext4.h:2117:1: note: in expansion of macro 'TRACE_EVENT'
 TRACE_EVENT(ext4_es_remove_extent,
 ^
include/trace/events/ext4.h: In function 'perf_trace_ext4_es_find_delayed_extent_range_enter':
include/trace/ftrace.h:653:6: warning: unused variable '__addr' [-Wunused-variable]
  u64 __addr = 0, __count = 1;     \
      ^
include/trace/ftrace.h:32:2: note: in expansion of macro 'DECLARE_EVENT_CLASS'
  DECLARE_EVENT_CLASS(name,          \
  ^
include/trace/events/ext4.h:2142:1: note: in expansion of macro 'TRACE_EVENT'
 TRACE_EVENT(ext4_es_find_delayed_extent_range_enter,
 ^
include/trace/events/ext4.h: In function 'perf_trace_ext4_es_find_delayed_extent_range_exit':
include/trace/ftrace.h:653:6: warning: unused variable '__addr' [-Wunused-variable]
  u64 __addr = 0, __count = 1;     \
      ^
include/trace/ftrace.h:32:2: note: in expansion of macro 'DECLARE_EVENT_CLASS'
  DECLARE_EVENT_CLASS(name,          \
  ^
include/trace/events/ext4.h:2164:1: note: in expansion of macro 'TRACE_EVENT'
 TRACE_EVENT(ext4_es_find_delayed_extent_range_exit,
 ^
include/trace/events/ext4.h: In function 'perf_trace_ext4_es_lookup_extent_enter':
include/trace/ftrace.h:653:6: warning: unused variable '__addr' [-Wunused-variable]
  u64 __addr = 0, __count = 1;     \
      ^
include/trace/ftrace.h:32:2: note: in expansion of macro 'DECLARE_EVENT_CLASS'
  DECLARE_EVENT_CLASS(name,          \
  ^
include/trace/events/ext4.h:2194:1: note: in expansion of macro 'TRACE_EVENT'
 TRACE_EVENT(ext4_es_lookup_extent_enter,
 ^
include/trace/events/ext4.h: In function 'perf_trace_ext4_es_lookup_extent_exit':
include/trace/ftrace.h:653:6: warning: unused variable '__addr' [-Wunused-variable]
  u64 __addr = 0, __count = 1;     \
      ^
include/trace/ftrace.h:32:2: note: in expansion of macro 'DECLARE_EVENT_CLASS'
  DECLARE_EVENT_CLASS(name,          \
  ^
include/trace/events/ext4.h:2216:1: note: in expansion of macro 'TRACE_EVENT'
 TRACE_EVENT(ext4_es_lookup_extent_exit,
 ^
  CC      drivers/media/platform/exynos/scaler/scaler-core.o
include/trace/events/ext4.h: In function 'perf_trace_ext4_es_shrink_enter':
include/trace/ftrace.h:653:6: warning: unused variable '__addr' [-Wunused-variable]
  u64 __addr = 0, __count = 1;     \
      ^
include/trace/ftrace.h:32:2: note: in expansion of macro 'DECLARE_EVENT_CLASS'
  DECLARE_EVENT_CLASS(name,          \
  ^
include/trace/events/ext4.h:2250:1: note: in expansion of macro 'TRACE_EVENT'
 TRACE_EVENT(ext4_es_shrink_enter,
 ^
include/trace/events/ext4.h: In function 'perf_trace_ext4_es_shrink_exit':
include/trace/ftrace.h:653:6: warning: unused variable '__addr' [-Wunused-variable]
  u64 __addr = 0, __count = 1;     \
      ^
include/trace/ftrace.h:32:2: note: in expansion of macro 'DECLARE_EVENT_CLASS'
  DECLARE_EVENT_CLASS(name,          \
  ^
include/trace/events/ext4.h:2272:1: note: in expansion of macro 'TRACE_EVENT'
 TRACE_EVENT(ext4_es_shrink_exit,
 ^
  CC      fs/proc/task_mmu.o
Android GCC has been deprecated in favor of Clang, and will be removed from
Android in 2020-01 as per the deprecation plan in:
https://android.googlesource.com/platform/prebuilts/clang/host/linux-x86/+/master/GCC_4_9_DEPRECATION.md


Android GCC has been deprecated in favor of Clang, and will be removed from
Android in 2020-01 as per the deprecation plan in:
https://android.googlesource.com/platform/prebuilts/clang/host/linux-x86/+/master/GCC_4_9_DEPRECATION.md


Android GCC has been deprecated in favor of Clang, and will be removed from
Android in 2020-01 as per the deprecation plan in:
https://android.googlesource.com/platform/prebuilts/clang/host/linux-x86/+/master/GCC_4_9_DEPRECATION.md


Android GCC has been deprecated in favor of Clang, and will be removed from
Android in 2020-01 as per the deprecation plan in:
https://android.googlesource.com/platform/prebuilts/clang/host/linux-x86/+/master/GCC_4_9_DEPRECATION.md


  CC      drivers/mfd/wm5102-tables.o
  CC      fs/ext4/hash.o
Android GCC has been deprecated in favor of Clang, and will be removed from
Android in 2020-01 as per the deprecation plan in:
https://android.googlesource.com/platform/prebuilts/clang/host/linux-x86/+/master/GCC_4_9_DEPRECATION.md


  LD      drivers/misc/dualwave/built-in.o
  CC      drivers/media/platform/exynos/scaler/scaler-regs.o
Android GCC has been deprecated in favor of Clang, and will be removed from
Android in 2020-01 as per the deprecation plan in:
https://android.googlesource.com/platform/prebuilts/clang/host/linux-x86/+/master/GCC_4_9_DEPRECATION.md


Android GCC has been deprecated in favor of Clang, and will be removed from
Android in 2020-01 as per the deprecation plan in:
https://android.googlesource.com/platform/prebuilts/clang/host/linux-x86/+/master/GCC_4_9_DEPRECATION.md


  CC      drivers/hid/hid-sunplus.o
  CC      drivers/md/dm-kcopyd.o
  CC      fs/f2fs/debug.o
Android GCC has been deprecated in favor of Clang, and will be removed from
Android in 2020-01 as per the deprecation plan in:
https://android.googlesource.com/platform/prebuilts/clang/host/linux-x86/+/master/GCC_4_9_DEPRECATION.md


  CC      drivers/misc/modem_v2/sipc5_modem.o
  CC      drivers/gpu/arm/t7xx/r22p0/mali_kbase_sync_common.o
Android GCC has been deprecated in favor of Clang, and will be removed from
Android in 2020-01 as per the deprecation plan in:
https://android.googlesource.com/platform/prebuilts/clang/host/linux-x86/+/master/GCC_4_9_DEPRECATION.md


Android GCC has been deprecated in favor of Clang, and will be removed from
Android in 2020-01 as per the deprecation plan in:
https://android.googlesource.com/platform/prebuilts/clang/host/linux-x86/+/master/GCC_4_9_DEPRECATION.md


Android GCC has been deprecated in favor of Clang, and will be removed from
Android in 2020-01 as per the deprecation plan in:
https://android.googlesource.com/platform/prebuilts/clang/host/linux-x86/+/master/GCC_4_9_DEPRECATION.md


Android GCC has been deprecated in favor of Clang, and will be removed from
Android in 2020-01 as per the deprecation plan in:
https://android.googlesource.com/platform/prebuilts/clang/host/linux-x86/+/master/GCC_4_9_DEPRECATION.md


  LD      fs/notify/dnotify/built-in.o
  CC      drivers/media/platform/exynos/mfc/s5p_mfc_enc.o
  CC      drivers/media/platform/exynos/fimg2d/fimg2d4x_hw.o
  CC      fs/notify/inotify/inotify_fsnotify.o
  CC      drivers/mmc/card/block.o
Android GCC has been deprecated in favor of Clang, and will be removed from
Android in 2020-01 as per the deprecation plan in:
https://android.googlesource.com/platform/prebuilts/clang/host/linux-x86/+/master/GCC_4_9_DEPRECATION.md


Android GCC has been deprecated in favor of Clang, and will be removed from
Android in 2020-01 as per the deprecation plan in:
https://android.googlesource.com/platform/prebuilts/clang/host/linux-x86/+/master/GCC_4_9_DEPRECATION.md


  CC      drivers/media/platform/exynos/gsc/coef.o
Android GCC has been deprecated in favor of Clang, and will be removed from
Android in 2020-01 as per the deprecation plan in:
https://android.googlesource.com/platform/prebuilts/clang/host/linux-x86/+/master/GCC_4_9_DEPRECATION.md


Android GCC has been deprecated in favor of Clang, and will be removed from
Android in 2020-01 as per the deprecation plan in:
https://android.googlesource.com/platform/prebuilts/clang/host/linux-x86/+/master/GCC_4_9_DEPRECATION.md


Android GCC has been deprecated in favor of Clang, and will be removed from
Android in 2020-01 as per the deprecation plan in:
https://android.googlesource.com/platform/prebuilts/clang/host/linux-x86/+/master/GCC_4_9_DEPRECATION.md


  CC      drivers/media/platform/exynos/fimc-is/fimc-is-framemgr.o
  CC      net/ipv4/ipcomp.o
Android GCC has been deprecated in favor of Clang, and will be removed from
Android in 2020-01 as per the deprecation plan in:
https://android.googlesource.com/platform/prebuilts/clang/host/linux-x86/+/master/GCC_4_9_DEPRECATION.md


Android GCC has been deprecated in favor of Clang, and will be removed from
Android in 2020-01 as per the deprecation plan in:
https://android.googlesource.com/platform/prebuilts/clang/host/linux-x86/+/master/GCC_4_9_DEPRECATION.md


  CC      drivers/hid/hid-gaff.o
Android GCC has been deprecated in favor of Clang, and will be removed from
Android in 2020-01 as per the deprecation plan in:
https://android.googlesource.com/platform/prebuilts/clang/host/linux-x86/+/master/GCC_4_9_DEPRECATION.md


Android GCC has been deprecated in favor of Clang, and will be removed from
Android in 2020-01 as per the deprecation plan in:
https://android.googlesource.com/platform/prebuilts/clang/host/linux-x86/+/master/GCC_4_9_DEPRECATION.md


  CC      net/netfilter/xt_REDIRECT.o
Android GCC has been deprecated in favor of Clang, and will be removed from
Android in 2020-01 as per the deprecation plan in:
https://android.googlesource.com/platform/prebuilts/clang/host/linux-x86/+/master/GCC_4_9_DEPRECATION.md


  CC      fs/notify/inotify/inotify_user.o
In file included from include/trace/define_trace.h:86:0,
                 from include/trace/events/mmc.h:91,
                 from drivers/mmc/card/block.c:39:
include/trace/events/mmc.h: In function 'perf_trace_mmc_blk_erase_class':
include/trace/ftrace.h:653:6: warning: unused variable '__addr' [-Wunused-variable]
  u64 __addr = 0, __count = 1;     \
      ^
include/trace/events/mmc.h:29:1: note: in expansion of macro 'DECLARE_EVENT_CLASS'
 DECLARE_EVENT_CLASS(mmc_blk_erase_class,
 ^
include/trace/events/mmc.h: In function 'perf_trace_mmc_blk_rw_class':
include/trace/ftrace.h:653:6: warning: unused variable '__addr' [-Wunused-variable]
  u64 __addr = 0, __count = 1;     \
      ^
include/trace/events/mmc.h:58:1: note: in expansion of macro 'DECLARE_EVENT_CLASS'
 DECLARE_EVENT_CLASS(mmc_blk_rw_class,
 ^
Android GCC has been deprecated in favor of Clang, and will be removed from
Android in 2020-01 as per the deprecation plan in:
https://android.googlesource.com/platform/prebuilts/clang/host/linux-x86/+/master/GCC_4_9_DEPRECATION.md


  CC      drivers/mfd/florida-tables.o
  CC      drivers/mmc/core/core.o
  CC      drivers/gpu/arm/t7xx/r22p0/backend/gpu/mali_kbase_cache_policy_backend.o
Android GCC has been deprecated in favor of Clang, and will be removed from
Android in 2020-01 as per the deprecation plan in:
https://android.googlesource.com/platform/prebuilts/clang/host/linux-x86/+/master/GCC_4_9_DEPRECATION.md


Android GCC has been deprecated in favor of Clang, and will be removed from
Android in 2020-01 as per the deprecation plan in:
https://android.googlesource.com/platform/prebuilts/clang/host/linux-x86/+/master/GCC_4_9_DEPRECATION.md


Android GCC has been deprecated in favor of Clang, and will be removed from
Android in 2020-01 as per the deprecation plan in:
https://android.googlesource.com/platform/prebuilts/clang/host/linux-x86/+/master/GCC_4_9_DEPRECATION.md


  CC      drivers/mmc/core/bus.o
  LD      drivers/media/platform/exynos/gsc/gsc.o
Android GCC has been deprecated in favor of Clang, and will be removed from
Android in 2020-01 as per the deprecation plan in:
https://android.googlesource.com/platform/prebuilts/clang/host/linux-x86/+/master/GCC_4_9_DEPRECATION.md


  CC      drivers/hid/hid-tmff.o
Android GCC has been deprecated in favor of Clang, and will be removed from
Android in 2020-01 as per the deprecation plan in:
https://android.googlesource.com/platform/prebuilts/clang/host/linux-x86/+/master/GCC_4_9_DEPRECATION.md


  CC      fs/proc/inode.o
  LD      drivers/media/platform/exynos/gsc/built-in.o
  CC      fs/f2fs/xattr.o
Android GCC has been deprecated in favor of Clang, and will be removed from
Android in 2020-01 as per the deprecation plan in:
https://android.googlesource.com/platform/prebuilts/clang/host/linux-x86/+/master/GCC_4_9_DEPRECATION.md


Android GCC has been deprecated in favor of Clang, and will be removed from
Android in 2020-01 as per the deprecation plan in:
https://android.googlesource.com/platform/prebuilts/clang/host/linux-x86/+/master/GCC_4_9_DEPRECATION.md


Android GCC has been deprecated in favor of Clang, and will be removed from
Android in 2020-01 as per the deprecation plan in:
https://android.googlesource.com/platform/prebuilts/clang/host/linux-x86/+/master/GCC_4_9_DEPRECATION.md


Android GCC has been deprecated in favor of Clang, and will be removed from
Android in 2020-01 as per the deprecation plan in:
https://android.googlesource.com/platform/prebuilts/clang/host/linux-x86/+/master/GCC_4_9_DEPRECATION.md


  AS      drivers/media/platform/exynos/fimg2d/fimg2d_cache_asm.o
drivers/mmc/core/core.c: In function 'mmc_wait_data_done':
drivers/mmc/core/core.c:502:2: warning: ISO C90 forbids mixed declarations and code [-Wdeclaration-after-statement]
  struct mmc_context_info *context_info = &mrq->host->context_info;
  ^
Android GCC has been deprecated in favor of Clang, and will be removed from
Android in 2020-01 as per the deprecation plan in:
https://android.googlesource.com/platform/prebuilts/clang/host/linux-x86/+/master/GCC_4_9_DEPRECATION.md


  CC      drivers/mmc/core/host.o
  CC      drivers/misc/modem_v2/sipc5_io_device.o
  LD      drivers/media/platform/exynos/fimg2d/built-in.o
Android GCC has been deprecated in favor of Clang, and will be removed from
Android in 2020-01 as per the deprecation plan in:
https://android.googlesource.com/platform/prebuilts/clang/host/linux-x86/+/master/GCC_4_9_DEPRECATION.md


Android GCC has been deprecated in favor of Clang, and will be removed from
Android in 2020-01 as per the deprecation plan in:
https://android.googlesource.com/platform/prebuilts/clang/host/linux-x86/+/master/GCC_4_9_DEPRECATION.md


  CC      net/ipv4/xfrm4_tunnel.o
  CC      drivers/hid/hid-topseed.o
Android GCC has been deprecated in favor of Clang, and will be removed from
Android in 2020-01 as per the deprecation plan in:
https://android.googlesource.com/platform/prebuilts/clang/host/linux-x86/+/master/GCC_4_9_DEPRECATION.md


Android GCC has been deprecated in favor of Clang, and will be removed from
Android in 2020-01 as per the deprecation plan in:
https://android.googlesource.com/platform/prebuilts/clang/host/linux-x86/+/master/GCC_4_9_DEPRECATION.md


  CC      drivers/media/platform/exynos/fimc-is/fimc-is-groupmgr.o
Android GCC has been deprecated in favor of Clang, and will be removed from
Android in 2020-01 as per the deprecation plan in:
https://android.googlesource.com/platform/prebuilts/clang/host/linux-x86/+/master/GCC_4_9_DEPRECATION.md


  CC      drivers/gpu/arm/t7xx/r22p0/backend/gpu/mali_kbase_device_hw.o
  CC      fs/ext4/resize.o
Android GCC has been deprecated in favor of Clang, and will be removed from
Android in 2020-01 as per the deprecation plan in:
https://android.googlesource.com/platform/prebuilts/clang/host/linux-x86/+/master/GCC_4_9_DEPRECATION.md


Android GCC has been deprecated in favor of Clang, and will be removed from
Android in 2020-01 as per the deprecation plan in:
https://android.googlesource.com/platform/prebuilts/clang/host/linux-x86/+/master/GCC_4_9_DEPRECATION.md


Android GCC has been deprecated in favor of Clang, and will be removed from
Android in 2020-01 as per the deprecation plan in:
https://android.googlesource.com/platform/prebuilts/clang/host/linux-x86/+/master/GCC_4_9_DEPRECATION.md


  CC      drivers/md/dm-sysfs.o
Android GCC has been deprecated in favor of Clang, and will be removed from
Android in 2020-01 as per the deprecation plan in:
https://android.googlesource.com/platform/prebuilts/clang/host/linux-x86/+/master/GCC_4_9_DEPRECATION.md


Android GCC has been deprecated in favor of Clang, and will be removed from
Android in 2020-01 as per the deprecation plan in:
https://android.googlesource.com/platform/prebuilts/clang/host/linux-x86/+/master/GCC_4_9_DEPRECATION.md


Android GCC has been deprecated in favor of Clang, and will be removed from
Android in 2020-01 as per the deprecation plan in:
https://android.googlesource.com/platform/prebuilts/clang/host/linux-x86/+/master/GCC_4_9_DEPRECATION.md


  CC      kernel/auditfilter.o
  LD      fs/notify/inotify/built-in.o
  CC      drivers/media/platform/exynos/hevc/hevc_reg.o
Android GCC has been deprecated in favor of Clang, and will be removed from
Android in 2020-01 as per the deprecation plan in:
https://android.googlesource.com/platform/prebuilts/clang/host/linux-x86/+/master/GCC_4_9_DEPRECATION.md


Android GCC has been deprecated in favor of Clang, and will be removed from
Android in 2020-01 as per the deprecation plan in:
https://android.googlesource.com/platform/prebuilts/clang/host/linux-x86/+/master/GCC_4_9_DEPRECATION.md


  LD      fs/notify/built-in.o
  CC      net/netfilter/xt_SECMARK.o
  CC      drivers/mfd/wm8997-tables.o
  CC      drivers/mfd/vegas-tables.o
  CC      fs/proc/root.o
Android GCC has been deprecated in favor of Clang, and will be removed from
Android in 2020-01 as per the deprecation plan in:
https://android.googlesource.com/platform/prebuilts/clang/host/linux-x86/+/master/GCC_4_9_DEPRECATION.md


Android GCC has been deprecated in favor of Clang, and will be removed from
Android in 2020-01 as per the deprecation plan in:
https://android.googlesource.com/platform/prebuilts/clang/host/linux-x86/+/master/GCC_4_9_DEPRECATION.md


Android GCC has been deprecated in favor of Clang, and will be removed from
Android in 2020-01 as per the deprecation plan in:
https://android.googlesource.com/platform/prebuilts/clang/host/linux-x86/+/master/GCC_4_9_DEPRECATION.md


Android GCC has been deprecated in favor of Clang, and will be removed from
Android in 2020-01 as per the deprecation plan in:
https://android.googlesource.com/platform/prebuilts/clang/host/linux-x86/+/master/GCC_4_9_DEPRECATION.md


  CC      fs/proc/base.o
Android GCC has been deprecated in favor of Clang, and will be removed from
Android in 2020-01 as per the deprecation plan in:
https://android.googlesource.com/platform/prebuilts/clang/host/linux-x86/+/master/GCC_4_9_DEPRECATION.md


  CC      drivers/mmc/host/dw_mmc.o
  CC      drivers/media/platform/exynos/hevc/hevc_ctrl.o
  CC      drivers/hid/hid-twinhan.o
Android GCC has been deprecated in favor of Clang, and will be removed from
Android in 2020-01 as per the deprecation plan in:
https://android.googlesource.com/platform/prebuilts/clang/host/linux-x86/+/master/GCC_4_9_DEPRECATION.md


  LD      fs/jbd2/jbd2.o
Android GCC has been deprecated in favor of Clang, and will be removed from
Android in 2020-01 as per the deprecation plan in:
https://android.googlesource.com/platform/prebuilts/clang/host/linux-x86/+/master/GCC_4_9_DEPRECATION.md


  CC      fs/f2fs/acl.o
Android GCC has been deprecated in favor of Clang, and will be removed from
Android in 2020-01 as per the deprecation plan in:
https://android.googlesource.com/platform/prebuilts/clang/host/linux-x86/+/master/GCC_4_9_DEPRECATION.md


Android GCC has been deprecated in favor of Clang, and will be removed from
Android in 2020-01 as per the deprecation plan in:
https://android.googlesource.com/platform/prebuilts/clang/host/linux-x86/+/master/GCC_4_9_DEPRECATION.md


  CC      drivers/motor/max77843_haptic.o
Android GCC has been deprecated in favor of Clang, and will be removed from
Android in 2020-01 as per the deprecation plan in:
https://android.googlesource.com/platform/prebuilts/clang/host/linux-x86/+/master/GCC_4_9_DEPRECATION.md


  LD      fs/jbd2/built-in.o
  CC      drivers/md/dm-builtin.o
  CC      drivers/gpu/arm/t7xx/r22p0/backend/gpu/mali_kbase_gpu.o
  LD      drivers/media/platform/exynos/scaler/scaler.o
Android GCC has been deprecated in favor of Clang, and will be removed from
Android in 2020-01 as per the deprecation plan in:
https://android.googlesource.com/platform/prebuilts/clang/host/linux-x86/+/master/GCC_4_9_DEPRECATION.md


Android GCC has been deprecated in favor of Clang, and will be removed from
Android in 2020-01 as per the deprecation plan in:
https://android.googlesource.com/platform/prebuilts/clang/host/linux-x86/+/master/GCC_4_9_DEPRECATION.md


Android GCC has been deprecated in favor of Clang, and will be removed from
Android in 2020-01 as per the deprecation plan in:
https://android.googlesource.com/platform/prebuilts/clang/host/linux-x86/+/master/GCC_4_9_DEPRECATION.md


  LD      drivers/media/platform/exynos/scaler/built-in.o
Android GCC has been deprecated in favor of Clang, and will be removed from
Android in 2020-01 as per the deprecation plan in:
https://android.googlesource.com/platform/prebuilts/clang/host/linux-x86/+/master/GCC_4_9_DEPRECATION.md


Android GCC has been deprecated in favor of Clang, and will be removed from
Android in 2020-01 as per the deprecation plan in:
https://android.googlesource.com/platform/prebuilts/clang/host/linux-x86/+/master/GCC_4_9_DEPRECATION.md


  CC      net/ipv4/xfrm4_mode_beet.o
  CC      drivers/muic/muic-core.o
  CC      drivers/net/dummy.o
  CC      drivers/mmc/host/dw_mmc-pltfm.o
Android GCC has been deprecated in favor of Clang, and will be removed from
Android in 2020-01 as per the deprecation plan in:
https://android.googlesource.com/platform/prebuilts/clang/host/linux-x86/+/master/GCC_4_9_DEPRECATION.md


Android GCC has been deprecated in favor of Clang, and will be removed from
Android in 2020-01 as per the deprecation plan in:
https://android.googlesource.com/platform/prebuilts/clang/host/linux-x86/+/master/GCC_4_9_DEPRECATION.md


Android GCC has been deprecated in favor of Clang, and will be removed from
Android in 2020-01 as per the deprecation plan in:
https://android.googlesource.com/platform/prebuilts/clang/host/linux-x86/+/master/GCC_4_9_DEPRECATION.md


Android GCC has been deprecated in favor of Clang, and will be removed from
Android in 2020-01 as per the deprecation plan in:
https://android.googlesource.com/platform/prebuilts/clang/host/linux-x86/+/master/GCC_4_9_DEPRECATION.md


  CC      drivers/muic/muic_notifier.o
  CC      drivers/hid/hid-uclogic.o
  CC      drivers/net/mii.o
Android GCC has been deprecated in favor of Clang, and will be removed from
Android in 2020-01 as per the deprecation plan in:
https://android.googlesource.com/platform/prebuilts/clang/host/linux-x86/+/master/GCC_4_9_DEPRECATION.md


  CC      drivers/mfd/clearwater-tables.o
  CC      net/netfilter/xt_TPROXY.o
Android GCC has been deprecated in favor of Clang, and will be removed from
Android in 2020-01 as per the deprecation plan in:
https://android.googlesource.com/platform/prebuilts/clang/host/linux-x86/+/master/GCC_4_9_DEPRECATION.md


Android GCC has been deprecated in favor of Clang, and will be removed from
Android in 2020-01 as per the deprecation plan in:
https://android.googlesource.com/platform/prebuilts/clang/host/linux-x86/+/master/GCC_4_9_DEPRECATION.md


Android GCC has been deprecated in favor of Clang, and will be removed from
Android in 2020-01 as per the deprecation plan in:
https://android.googlesource.com/platform/prebuilts/clang/host/linux-x86/+/master/GCC_4_9_DEPRECATION.md


Android GCC has been deprecated in favor of Clang, and will be removed from
Android in 2020-01 as per the deprecation plan in:
https://android.googlesource.com/platform/prebuilts/clang/host/linux-x86/+/master/GCC_4_9_DEPRECATION.md


Android GCC has been deprecated in favor of Clang, and will be removed from
Android in 2020-01 as per the deprecation plan in:
https://android.googlesource.com/platform/prebuilts/clang/host/linux-x86/+/master/GCC_4_9_DEPRECATION.md


  CC      drivers/gpu/arm/t7xx/r22p0/backend/gpu/mali_kbase_gpuprops_backend.o
  LD      fs/f2fs/f2fs.o
Android GCC has been deprecated in favor of Clang, and will be removed from
Android in 2020-01 as per the deprecation plan in:
https://android.googlesource.com/platform/prebuilts/clang/host/linux-x86/+/master/GCC_4_9_DEPRECATION.md


  CC      drivers/media/platform/exynos/hevc/hevc_qos.o
Android GCC has been deprecated in favor of Clang, and will be removed from
Android in 2020-01 as per the deprecation plan in:
https://android.googlesource.com/platform/prebuilts/clang/host/linux-x86/+/master/GCC_4_9_DEPRECATION.md


  LD      drivers/motor/built-in.o
  CC      drivers/gpu/arm/t7xx/r22p0/backend/gpu/mali_kbase_debug_job_fault_backend.o
  CC      drivers/gpu/arm/t7xx/r22p0/backend/gpu/mali_kbase_irq_linux.o
Android GCC has been deprecated in favor of Clang, and will be removed from
Android in 2020-01 as per the deprecation plan in:
https://android.googlesource.com/platform/prebuilts/clang/host/linux-x86/+/master/GCC_4_9_DEPRECATION.md


Android GCC has been deprecated in favor of Clang, and will be removed from
Android in 2020-01 as per the deprecation plan in:
https://android.googlesource.com/platform/prebuilts/clang/host/linux-x86/+/master/GCC_4_9_DEPRECATION.md


  CC      drivers/md/dm-bufio.o
  CC      drivers/mmc/card/queue.o
Android GCC has been deprecated in favor of Clang, and will be removed from
Android in 2020-01 as per the deprecation plan in:
https://android.googlesource.com/platform/prebuilts/clang/host/linux-x86/+/master/GCC_4_9_DEPRECATION.md


Android GCC has been deprecated in favor of Clang, and will be removed from
Android in 2020-01 as per the deprecation plan in:
https://android.googlesource.com/platform/prebuilts/clang/host/linux-x86/+/master/GCC_4_9_DEPRECATION.md


Android GCC has been deprecated in favor of Clang, and will be removed from
Android in 2020-01 as per the deprecation plan in:
https://android.googlesource.com/platform/prebuilts/clang/host/linux-x86/+/master/GCC_4_9_DEPRECATION.md


  CC      kernel/auditsc.o
  CC      drivers/hid/hid-zagg.o
Android GCC has been deprecated in favor of Clang, and will be removed from
Android in 2020-01 as per the deprecation plan in:
https://android.googlesource.com/platform/prebuilts/clang/host/linux-x86/+/master/GCC_4_9_DEPRECATION.md


Android GCC has been deprecated in favor of Clang, and will be removed from
Android in 2020-01 as per the deprecation plan in:
https://android.googlesource.com/platform/prebuilts/clang/host/linux-x86/+/master/GCC_4_9_DEPRECATION.md


  CC      drivers/muic/max77843-muic.o
  CC      drivers/misc/modem_v2/sipc4_modem.o
  CC      drivers/muic/max77843-muic-afc.o
Android GCC has been deprecated in favor of Clang, and will be removed from
Android in 2020-01 as per the deprecation plan in:
https://android.googlesource.com/platform/prebuilts/clang/host/linux-x86/+/master/GCC_4_9_DEPRECATION.md


Android GCC has been deprecated in favor of Clang, and will be removed from
Android in 2020-01 as per the deprecation plan in:
https://android.googlesource.com/platform/prebuilts/clang/host/linux-x86/+/master/GCC_4_9_DEPRECATION.md


  CC      drivers/media/platform/exynos/fimc-is/fimc-is-resourcemgr.o
Android GCC has been deprecated in favor of Clang, and will be removed from
Android in 2020-01 as per the deprecation plan in:
https://android.googlesource.com/platform/prebuilts/clang/host/linux-x86/+/master/GCC_4_9_DEPRECATION.md


Android GCC has been deprecated in favor of Clang, and will be removed from
Android in 2020-01 as per the deprecation plan in:
https://android.googlesource.com/platform/prebuilts/clang/host/linux-x86/+/master/GCC_4_9_DEPRECATION.md


Android GCC has been deprecated in favor of Clang, and will be removed from
Android in 2020-01 as per the deprecation plan in:
https://android.googlesource.com/platform/prebuilts/clang/host/linux-x86/+/master/GCC_4_9_DEPRECATION.md


  CC      drivers/media/platform/exynos/mfc/s5p_mfc_ctrl.o
Android GCC has been deprecated in favor of Clang, and will be removed from
Android in 2020-01 as per the deprecation plan in:
https://android.googlesource.com/platform/prebuilts/clang/host/linux-x86/+/master/GCC_4_9_DEPRECATION.md


  CC      net/ipv4/tunnel4.o
Android GCC has been deprecated in favor of Clang, and will be removed from
Android in 2020-01 as per the deprecation plan in:
https://android.googlesource.com/platform/prebuilts/clang/host/linux-x86/+/master/GCC_4_9_DEPRECATION.md


Android GCC has been deprecated in favor of Clang, and will be removed from
Android in 2020-01 as per the deprecation plan in:
https://android.googlesource.com/platform/prebuilts/clang/host/linux-x86/+/master/GCC_4_9_DEPRECATION.md


  CC      drivers/mmc/core/mmc.o
  LD      fs/f2fs/built-in.o
Android GCC has been deprecated in favor of Clang, and will be removed from
Android in 2020-01 as per the deprecation plan in:
https://android.googlesource.com/platform/prebuilts/clang/host/linux-x86/+/master/GCC_4_9_DEPRECATION.md


Android GCC has been deprecated in favor of Clang, and will be removed from
Android in 2020-01 as per the deprecation plan in:
https://android.googlesource.com/platform/prebuilts/clang/host/linux-x86/+/master/GCC_4_9_DEPRECATION.md


  CC      drivers/media/v4l2-core/v4l2-dev.o
  CC      drivers/mfd/cs47l24-tables.o
Android GCC has been deprecated in favor of Clang, and will be removed from
Android in 2020-01 as per the deprecation plan in:
https://android.googlesource.com/platform/prebuilts/clang/host/linux-x86/+/master/GCC_4_9_DEPRECATION.md


  LD      drivers/media/platform/exynos/hevc/exynos-hevc.o
Android GCC has been deprecated in favor of Clang, and will be removed from
Android in 2020-01 as per the deprecation plan in:
https://android.googlesource.com/platform/prebuilts/clang/host/linux-x86/+/master/GCC_4_9_DEPRECATION.md


  CC      drivers/mfd/mfd-core.o
  CC      kernel/audit_watch.o
Android GCC has been deprecated in favor of Clang, and will be removed from
Android in 2020-01 as per the deprecation plan in:
https://android.googlesource.com/platform/prebuilts/clang/host/linux-x86/+/master/GCC_4_9_DEPRECATION.md


  CC      drivers/net/Space.o
Android GCC has been deprecated in favor of Clang, and will be removed from
Android in 2020-01 as per the deprecation plan in:
https://android.googlesource.com/platform/prebuilts/clang/host/linux-x86/+/master/GCC_4_9_DEPRECATION.md


Android GCC has been deprecated in favor of Clang, and will be removed from
Android in 2020-01 as per the deprecation plan in:
https://android.googlesource.com/platform/prebuilts/clang/host/linux-x86/+/master/GCC_4_9_DEPRECATION.md


  CC      drivers/hid/hid-zpff.o
  CC      drivers/gpu/arm/t7xx/r22p0/backend/gpu/mali_kbase_instr_backend.o
  CC      kernel/audit_tree.o
  CC      fs/proc/generic.o
Android GCC has been deprecated in favor of Clang, and will be removed from
Android in 2020-01 as per the deprecation plan in:
https://android.googlesource.com/platform/prebuilts/clang/host/linux-x86/+/master/GCC_4_9_DEPRECATION.md


Android GCC has been deprecated in favor of Clang, and will be removed from
Android in 2020-01 as per the deprecation plan in:
https://android.googlesource.com/platform/prebuilts/clang/host/linux-x86/+/master/GCC_4_9_DEPRECATION.md


  CC      net/netfilter/xt_TCPMSS.o
Android GCC has been deprecated in favor of Clang, and will be removed from
Android in 2020-01 as per the deprecation plan in:
https://android.googlesource.com/platform/prebuilts/clang/host/linux-x86/+/master/GCC_4_9_DEPRECATION.md

Android GCC has been deprecated in favor of Clang, and will be removed from
Android in 2020-01 as per the deprecation plan in:
https://android.googlesource.com/platform/prebuilts/clang/host/linux-x86/+/master/GCC_4_9_DEPRECATION.md



Android GCC has been deprecated in favor of Clang, and will be removed from
Android in 2020-01 as per the deprecation plan in:
https://android.googlesource.com/platform/prebuilts/clang/host/linux-x86/+/master/GCC_4_9_DEPRECATION.md


  LD      drivers/media/platform/exynos/hevc/built-in.o
  CC      drivers/misc/modem_v2/sipc4_io_device.o
Android GCC has been deprecated in favor of Clang, and will be removed from
Android in 2020-01 as per the deprecation plan in:
https://android.googlesource.com/platform/prebuilts/clang/host/linux-x86/+/master/GCC_4_9_DEPRECATION.md


  CC      drivers/media/platform/exynos/fimc-is/fimc-is-video.o
Android GCC has been deprecated in favor of Clang, and will be removed from
Android in 2020-01 as per the deprecation plan in:
https://android.googlesource.com/platform/prebuilts/clang/host/linux-x86/+/master/GCC_4_9_DEPRECATION.md


  CC      fs/pstore/inode.o
Android GCC has been deprecated in favor of Clang, and will be removed from
Android in 2020-01 as per the deprecation plan in:
https://android.googlesource.com/platform/prebuilts/clang/host/linux-x86/+/master/GCC_4_9_DEPRECATION.md


Android GCC has been deprecated in favor of Clang, and will be removed from
Android in 2020-01 as per the deprecation plan in:
https://android.googlesource.com/platform/prebuilts/clang/host/linux-x86/+/master/GCC_4_9_DEPRECATION.md


Android GCC has been deprecated in favor of Clang, and will be removed from
Android in 2020-01 as per the deprecation plan in:
https://android.googlesource.com/platform/prebuilts/clang/host/linux-x86/+/master/GCC_4_9_DEPRECATION.md


Android GCC has been deprecated in favor of Clang, and will be removed from
Android in 2020-01 as per the deprecation plan in:
https://android.googlesource.com/platform/prebuilts/clang/host/linux-x86/+/master/GCC_4_9_DEPRECATION.md


  CC      drivers/hid/hid-zydacron.o
Android GCC has been deprecated in favor of Clang, and will be removed from
Android in 2020-01 as per the deprecation plan in:
https://android.googlesource.com/platform/prebuilts/clang/host/linux-x86/+/master/GCC_4_9_DEPRECATION.md


Android GCC has been deprecated in favor of Clang, and will be removed from
Android in 2020-01 as per the deprecation plan in:
https://android.googlesource.com/platform/prebuilts/clang/host/linux-x86/+/master/GCC_4_9_DEPRECATION.md


  CC      drivers/net/loopback.o
  CC      drivers/gpu/arm/t7xx/r22p0/backend/gpu/mali_kbase_jm_as.o
Android GCC has been deprecated in favor of Clang, and will be removed from
Android in 2020-01 as per the deprecation plan in:
https://android.googlesource.com/platform/prebuilts/clang/host/linux-x86/+/master/GCC_4_9_DEPRECATION.md


Android GCC has been deprecated in favor of Clang, and will be removed from
Android in 2020-01 as per the deprecation plan in:
https://android.googlesource.com/platform/prebuilts/clang/host/linux-x86/+/master/GCC_4_9_DEPRECATION.md


  CC      drivers/gpu/arm/t7xx/r22p0/backend/gpu/mali_kbase_jm_hw.o
  LD      drivers/mmc/card/mmc_block.o
Android GCC has been deprecated in favor of Clang, and will be removed from
Android in 2020-01 as per the deprecation plan in:
https://android.googlesource.com/platform/prebuilts/clang/host/linux-x86/+/master/GCC_4_9_DEPRECATION.md


  CC      drivers/mfd/max77843.o
  CC      drivers/media/platform/exynos/mfc/s5p_mfc_inst.o
Android GCC has been deprecated in favor of Clang, and will be removed from
Android in 2020-01 as per the deprecation plan in:
https://android.googlesource.com/platform/prebuilts/clang/host/linux-x86/+/master/GCC_4_9_DEPRECATION.md


Android GCC has been deprecated in favor of Clang, and will be removed from
Android in 2020-01 as per the deprecation plan in:
https://android.googlesource.com/platform/prebuilts/clang/host/linux-x86/+/master/GCC_4_9_DEPRECATION.md


Android GCC has been deprecated in favor of Clang, and will be removed from
Android in 2020-01 as per the deprecation plan in:
https://android.googlesource.com/platform/prebuilts/clang/host/linux-x86/+/master/GCC_4_9_DEPRECATION.md


  LD      drivers/mmc/card/built-in.o
  CC      drivers/net/phy/phy.o
Android GCC has been deprecated in favor of Clang, and will be removed from
Android in 2020-01 as per the deprecation plan in:
https://android.googlesource.com/platform/prebuilts/clang/host/linux-x86/+/master/GCC_4_9_DEPRECATION.md


Android GCC has been deprecated in favor of Clang, and will be removed from
Android in 2020-01 as per the deprecation plan in:
https://android.googlesource.com/platform/prebuilts/clang/host/linux-x86/+/master/GCC_4_9_DEPRECATION.md


Android GCC has been deprecated in favor of Clang, and will be removed from
Android in 2020-01 as per the deprecation plan in:
https://android.googlesource.com/platform/prebuilts/clang/host/linux-x86/+/master/GCC_4_9_DEPRECATION.md


Android GCC has been deprecated in favor of Clang, and will be removed from
Android in 2020-01 as per the deprecation plan in:
https://android.googlesource.com/platform/prebuilts/clang/host/linux-x86/+/master/GCC_4_9_DEPRECATION.md


  LD      drivers/muic/built-in.o
  CC      net/ipv4/xfrm4_mode_transport.o
  CC      drivers/net/ppp/ppp_generic.o
Android GCC has been deprecated in favor of Clang, and will be removed from
Android in 2020-01 as per the deprecation plan in:
https://android.googlesource.com/platform/prebuilts/clang/host/linux-x86/+/master/GCC_4_9_DEPRECATION.md


Android GCC has been deprecated in favor of Clang, and will be removed from
Android in 2020-01 as per the deprecation plan in:
https://android.googlesource.com/platform/prebuilts/clang/host/linux-x86/+/master/GCC_4_9_DEPRECATION.md


  CC      drivers/hid/hid-wacom.o
  CC      fs/pstore/platform.o
Android GCC has been deprecated in favor of Clang, and will be removed from
Android in 2020-01 as per the deprecation plan in:
https://android.googlesource.com/platform/prebuilts/clang/host/linux-x86/+/master/GCC_4_9_DEPRECATION.md


  CC      net/netfilter/xt_TRACE.o
Android GCC has been deprecated in favor of Clang, and will be removed from
Android in 2020-01 as per the deprecation plan in:
https://android.googlesource.com/platform/prebuilts/clang/host/linux-x86/+/master/GCC_4_9_DEPRECATION.md


Android GCC has been deprecated in favor of Clang, and will be removed from
Android in 2020-01 as per the deprecation plan in:
https://android.googlesource.com/platform/prebuilts/clang/host/linux-x86/+/master/GCC_4_9_DEPRECATION.md


  CC      fs/proc/array.o
  CC      drivers/media/media-device.o
Android GCC has been deprecated in favor of Clang, and will be removed from
Android in 2020-01 as per the deprecation plan in:
https://android.googlesource.com/platform/prebuilts/clang/host/linux-x86/+/master/GCC_4_9_DEPRECATION.md


  CC      fs/pstore/ram.o
Android GCC has been deprecated in favor of Clang, and will be removed from
Android in 2020-01 as per the deprecation plan in:
https://android.googlesource.com/platform/prebuilts/clang/host/linux-x86/+/master/GCC_4_9_DEPRECATION.md


Android GCC has been deprecated in favor of Clang, and will be removed from
Android in 2020-01 as per the deprecation plan in:
https://android.googlesource.com/platform/prebuilts/clang/host/linux-x86/+/master/GCC_4_9_DEPRECATION.md


Android GCC has been deprecated in favor of Clang, and will be removed from
Android in 2020-01 as per the deprecation plan in:
https://android.googlesource.com/platform/prebuilts/clang/host/linux-x86/+/master/GCC_4_9_DEPRECATION.md


Android GCC has been deprecated in favor of Clang, and will be removed from
Android in 2020-01 as per the deprecation plan in:
https://android.googlesource.com/platform/prebuilts/clang/host/linux-x86/+/master/GCC_4_9_DEPRECATION.md


  CC      drivers/md/dm-crypt.o
Android GCC has been deprecated in favor of Clang, and will be removed from
Android in 2020-01 as per the deprecation plan in:
https://android.googlesource.com/platform/prebuilts/clang/host/linux-x86/+/master/GCC_4_9_DEPRECATION.md


  CC      drivers/media/media-devnode.o
  CC      drivers/media/v4l2-core/v4l2-ioctl.o
Android GCC has been deprecated in favor of Clang, and will be removed from
Android in 2020-01 as per the deprecation plan in:
https://android.googlesource.com/platform/prebuilts/clang/host/linux-x86/+/master/GCC_4_9_DEPRECATION.md


  CC      kernel/hung_task.o
Android GCC has been deprecated in favor of Clang, and will be removed from
Android in 2020-01 as per the deprecation plan in:
https://android.googlesource.com/platform/prebuilts/clang/host/linux-x86/+/master/GCC_4_9_DEPRECATION.md


Android GCC has been deprecated in favor of Clang, and will be removed from
Android in 2020-01 as per the deprecation plan in:
https://android.googlesource.com/platform/prebuilts/clang/host/linux-x86/+/master/GCC_4_9_DEPRECATION.md


  CC      drivers/media/platform/exynos/mfc/s5p_mfc_mem.o
Android GCC has been deprecated in favor of Clang, and will be removed from
Android in 2020-01 as per the deprecation plan in:
https://android.googlesource.com/platform/prebuilts/clang/host/linux-x86/+/master/GCC_4_9_DEPRECATION.md


Android GCC has been deprecated in favor of Clang, and will be removed from
Android in 2020-01 as per the deprecation plan in:
https://android.googlesource.com/platform/prebuilts/clang/host/linux-x86/+/master/GCC_4_9_DEPRECATION.md


  CC      drivers/mmc/core/mmc_ops.o
Android GCC has been deprecated in favor of Clang, and will be removed from
Android in 2020-01 as per the deprecation plan in:
https://android.googlesource.com/platform/prebuilts/clang/host/linux-x86/+/master/GCC_4_9_DEPRECATION.md


Android GCC has been deprecated in favor of Clang, and will be removed from
Android in 2020-01 as per the deprecation plan in:
https://android.googlesource.com/platform/prebuilts/clang/host/linux-x86/+/master/GCC_4_9_DEPRECATION.md


  CC      fs/ext4/extents.o
Android GCC has been deprecated in favor of Clang, and will be removed from
Android in 2020-01 as per the deprecation plan in:
https://android.googlesource.com/platform/prebuilts/clang/host/linux-x86/+/master/GCC_4_9_DEPRECATION.md


drivers/net/ppp/ppp_generic.c: In function '__unit_alloc':
drivers/net/ppp/ppp_generic.c:2949:2: warning: 'idr_pre_get' is deprecated (declared at include/linux/idr.h:151) [-Wdeprecated-declarations]
  if (!idr_pre_get(p, GFP_KERNEL)) {
  ^
drivers/net/ppp/ppp_generic.c:2954:2: warning: 'idr_get_new_above' is deprecated (declared at include/linux/idr.h:166) [-Wdeprecated-declarations]
  err = idr_get_new_above(p, ptr, n, &unit);
  ^
  CC      drivers/media/media-entity.o
Android GCC has been deprecated in favor of Clang, and will be removed from
Android in 2020-01 as per the deprecation plan in:
https://android.googlesource.com/platform/prebuilts/clang/host/linux-x86/+/master/GCC_4_9_DEPRECATION.md


  CC      drivers/mmc/host/dw_mmc-exynos.o
Android GCC has been deprecated in favor of Clang, and will be removed from
Android in 2020-01 as per the deprecation plan in:
https://android.googlesource.com/platform/prebuilts/clang/host/linux-x86/+/master/GCC_4_9_DEPRECATION.md


Android GCC has been deprecated in favor of Clang, and will be removed from
Android in 2020-01 as per the deprecation plan in:
https://android.googlesource.com/platform/prebuilts/clang/host/linux-x86/+/master/GCC_4_9_DEPRECATION.md


Android GCC has been deprecated in favor of Clang, and will be removed from
Android in 2020-01 as per the deprecation plan in:
https://android.googlesource.com/platform/prebuilts/clang/host/linux-x86/+/master/GCC_4_9_DEPRECATION.md


  CC      drivers/media/platform/exynos/fimc-is/fimc-is-video-sensor.o
  CC      net/netfilter/xt_IDLETIMER.o
Android GCC has been deprecated in favor of Clang, and will be removed from
Android in 2020-01 as per the deprecation plan in:
https://android.googlesource.com/platform/prebuilts/clang/host/linux-x86/+/master/GCC_4_9_DEPRECATION.md


  CC      drivers/misc/modem_v2/modem_net_flowcontrol_device.o
Android GCC has been deprecated in favor of Clang, and will be removed from
Android in 2020-01 as per the deprecation plan in:
https://android.googlesource.com/platform/prebuilts/clang/host/linux-x86/+/master/GCC_4_9_DEPRECATION.md


Android GCC has been deprecated in favor of Clang, and will be removed from
Android in 2020-01 as per the deprecation plan in:
https://android.googlesource.com/platform/prebuilts/clang/host/linux-x86/+/master/GCC_4_9_DEPRECATION.md


  CC      drivers/hid/hid-waltop.o
  CC      drivers/mfd/max77843-irq.o
  CC      drivers/gpu/arm/t7xx/r22p0/backend/gpu/mali_kbase_jm_rb.o
  CC      kernel/watchdog.o
  CC      drivers/media/platform/exynos/mfc/s5p_mfc_reg.o
  CC      fs/pstore/ram_core.o
Android GCC has been deprecated in favor of Clang, and will be removed from
Android in 2020-01 as per the deprecation plan in:
https://android.googlesource.com/platform/prebuilts/clang/host/linux-x86/+/master/GCC_4_9_DEPRECATION.md


Android GCC has been deprecated in favor of Clang, and will be removed from
Android in 2020-01 as per the deprecation plan in:
https://android.googlesource.com/platform/prebuilts/clang/host/linux-x86/+/master/GCC_4_9_DEPRECATION.md


  CC      fs/pstore/pmsg.o
Android GCC has been deprecated in favor of Clang, and will be removed from
Android in 2020-01 as per the deprecation plan in:
https://android.googlesource.com/platform/prebuilts/clang/host/linux-x86/+/master/GCC_4_9_DEPRECATION.md


Android GCC has been deprecated in favor of Clang, and will be removed from
Android in 2020-01 as per the deprecation plan in:
https://android.googlesource.com/platform/prebuilts/clang/host/linux-x86/+/master/GCC_4_9_DEPRECATION.md


  CC      net/ipv4/xfrm4_mode_tunnel.o
Android GCC has been deprecated in favor of Clang, and will be removed from
Android in 2020-01 as per the deprecation plan in:
https://android.googlesource.com/platform/prebuilts/clang/host/linux-x86/+/master/GCC_4_9_DEPRECATION.md


Android GCC has been deprecated in favor of Clang, and will be removed from
Android in 2020-01 as per the deprecation plan in:
https://android.googlesource.com/platform/prebuilts/clang/host/linux-x86/+/master/GCC_4_9_DEPRECATION.md


Android GCC has been deprecated in favor of Clang, and will be removed from
Android in 2020-01 as per the deprecation plan in:
https://android.googlesource.com/platform/prebuilts/clang/host/linux-x86/+/master/GCC_4_9_DEPRECATION.md


Android GCC has been deprecated in favor of Clang, and will be removed from
Android in 2020-01 as per the deprecation plan in:
https://android.googlesource.com/platform/prebuilts/clang/host/linux-x86/+/master/GCC_4_9_DEPRECATION.md


Android GCC has been deprecated in favor of Clang, and will be removed from
Android in 2020-01 as per the deprecation plan in:
https://android.googlesource.com/platform/prebuilts/clang/host/linux-x86/+/master/GCC_4_9_DEPRECATION.md


  CC      drivers/hid/hid-synaptics-bt.o
  CC      drivers/mmc/core/sd.o
Android GCC has been deprecated in favor of Clang, and will be removed from
Android in 2020-01 as per the deprecation plan in:
https://android.googlesource.com/platform/prebuilts/clang/host/linux-x86/+/master/GCC_4_9_DEPRECATION.md


Android GCC has been deprecated in favor of Clang, and will be removed from
Android in 2020-01 as per the deprecation plan in:
https://android.googlesource.com/platform/prebuilts/clang/host/linux-x86/+/master/GCC_4_9_DEPRECATION.md


  CC      fs/proc/fd.o
  CC      drivers/hid/usbhid/hid-core.o
Android GCC has been deprecated in favor of Clang, and will be removed from
Android in 2020-01 as per the deprecation plan in:
https://android.googlesource.com/platform/prebuilts/clang/host/linux-x86/+/master/GCC_4_9_DEPRECATION.md


Android GCC has been deprecated in favor of Clang, and will be removed from
Android in 2020-01 as per the deprecation plan in:
https://android.googlesource.com/platform/prebuilts/clang/host/linux-x86/+/master/GCC_4_9_DEPRECATION.md


Android GCC has been deprecated in favor of Clang, and will be removed from
Android in 2020-01 as per the deprecation plan in:
https://android.googlesource.com/platform/prebuilts/clang/host/linux-x86/+/master/GCC_4_9_DEPRECATION.md


  CC      drivers/net/phy/phy_device.o
  CC      drivers/hid/usbhid/hid-quirks.o
  CC      fs/proc/proc_tty.o
Android GCC has been deprecated in favor of Clang, and will be removed from
Android in 2020-01 as per the deprecation plan in:
https://android.googlesource.com/platform/prebuilts/clang/host/linux-x86/+/master/GCC_4_9_DEPRECATION.md


Android GCC has been deprecated in favor of Clang, and will be removed from
Android in 2020-01 as per the deprecation plan in:
https://android.googlesource.com/platform/prebuilts/clang/host/linux-x86/+/master/GCC_4_9_DEPRECATION.md

Android GCC has been deprecated in favor of Clang, and will be removed from
Android in 2020-01 as per the deprecation plan in:
https://android.googlesource.com/platform/prebuilts/clang/host/linux-x86/+/master/GCC_4_9_DEPRECATION.md



Android GCC has been deprecated in favor of Clang, and will be removed from
Android in 2020-01 as per the deprecation plan in:
https://android.googlesource.com/platform/prebuilts/clang/host/linux-x86/+/master/GCC_4_9_DEPRECATION.md


  CC      drivers/media/platform/exynos/mfc/s5p_mfc_pm.o
  CC      fs/proc/cmdline.o
Android GCC has been deprecated in favor of Clang, and will be removed from
Android in 2020-01 as per the deprecation plan in:
https://android.googlesource.com/platform/prebuilts/clang/host/linux-x86/+/master/GCC_4_9_DEPRECATION.md


  CC      drivers/misc/modem_v2/modem_utils.o
Android GCC has been deprecated in favor of Clang, and will be removed from
Android in 2020-01 as per the deprecation plan in:
https://android.googlesource.com/platform/prebuilts/clang/host/linux-x86/+/master/GCC_4_9_DEPRECATION.md


Android GCC has been deprecated in favor of Clang, and will be removed from
Android in 2020-01 as per the deprecation plan in:
https://android.googlesource.com/platform/prebuilts/clang/host/linux-x86/+/master/GCC_4_9_DEPRECATION.md


Android GCC has been deprecated in favor of Clang, and will be removed from
Android in 2020-01 as per the deprecation plan in:
https://android.googlesource.com/platform/prebuilts/clang/host/linux-x86/+/master/GCC_4_9_DEPRECATION.md


  CC      drivers/mfd/sec-core.o
  LD      fs/pstore/pstore.o
  CC      drivers/media/m2m1shot.o
  CC      net/netfilter/xt_bpf.o
  LD      fs/pstore/ramoops.o
Android GCC has been deprecated in favor of Clang, and will be removed from
Android in 2020-01 as per the deprecation plan in:
https://android.googlesource.com/platform/prebuilts/clang/host/linux-x86/+/master/GCC_4_9_DEPRECATION.md


  LD      fs/pstore/built-in.o
Android GCC has been deprecated in favor of Clang, and will be removed from
Android in 2020-01 as per the deprecation plan in:
https://android.googlesource.com/platform/prebuilts/clang/host/linux-x86/+/master/GCC_4_9_DEPRECATION.md


Android GCC has been deprecated in favor of Clang, and will be removed from
Android in 2020-01 as per the deprecation plan in:
https://android.googlesource.com/platform/prebuilts/clang/host/linux-x86/+/master/GCC_4_9_DEPRECATION.md


  CC      drivers/net/slip/slhc.o
  CC      drivers/media/platform/exynos/fimc-is/fimc-is-video-3aa.o
Android GCC has been deprecated in favor of Clang, and will be removed from
Android in 2020-01 as per the deprecation plan in:
https://android.googlesource.com/platform/prebuilts/clang/host/linux-x86/+/master/GCC_4_9_DEPRECATION.md


Android GCC has been deprecated in favor of Clang, and will be removed from
Android in 2020-01 as per the deprecation plan in:
https://android.googlesource.com/platform/prebuilts/clang/host/linux-x86/+/master/GCC_4_9_DEPRECATION.md


Android GCC has been deprecated in favor of Clang, and will be removed from
Android in 2020-01 as per the deprecation plan in:
https://android.googlesource.com/platform/prebuilts/clang/host/linux-x86/+/master/GCC_4_9_DEPRECATION.md


  CC      kernel/seccomp.o
  CC      drivers/md/dm-verity.o
Android GCC has been deprecated in favor of Clang, and will be removed from
Android in 2020-01 as per the deprecation plan in:
https://android.googlesource.com/platform/prebuilts/clang/host/linux-x86/+/master/GCC_4_9_DEPRECATION.md


  CC      drivers/media/m2m1shot-helper.o
  CC      kernel/rcutree.o
Android GCC has been deprecated in favor of Clang, and will be removed from
Android in 2020-01 as per the deprecation plan in:
https://android.googlesource.com/platform/prebuilts/clang/host/linux-x86/+/master/GCC_4_9_DEPRECATION.md


  CC      fs/proc/consoles.o
Android GCC has been deprecated in favor of Clang, and will be removed from
Android in 2020-01 as per the deprecation plan in:
https://android.googlesource.com/platform/prebuilts/clang/host/linux-x86/+/master/GCC_4_9_DEPRECATION.md


  LD      drivers/media/media.o
Android GCC has been deprecated in favor of Clang, and will be removed from
Android in 2020-01 as per the deprecation plan in:
https://android.googlesource.com/platform/prebuilts/clang/host/linux-x86/+/master/GCC_4_9_DEPRECATION.md


Android GCC has been deprecated in favor of Clang, and will be removed from
Android in 2020-01 as per the deprecation plan in:
https://android.googlesource.com/platform/prebuilts/clang/host/linux-x86/+/master/GCC_4_9_DEPRECATION.md


Android GCC has been deprecated in favor of Clang, and will be removed from
Android in 2020-01 as per the deprecation plan in:
https://android.googlesource.com/platform/prebuilts/clang/host/linux-x86/+/master/GCC_4_9_DEPRECATION.md


  CC      fs/proc/cpuinfo.o
  CC      fs/proc/devices.o
Android GCC has been deprecated in favor of Clang, and will be removed from
Android in 2020-01 as per the deprecation plan in:
https://android.googlesource.com/platform/prebuilts/clang/host/linux-x86/+/master/GCC_4_9_DEPRECATION.md


Android GCC has been deprecated in favor of Clang, and will be removed from
Android in 2020-01 as per the deprecation plan in:
https://android.googlesource.com/platform/prebuilts/clang/host/linux-x86/+/master/GCC_4_9_DEPRECATION.md


  CC      drivers/mmc/core/sd_ops.o
Android GCC has been deprecated in favor of Clang, and will be removed from
Android in 2020-01 as per the deprecation plan in:
https://android.googlesource.com/platform/prebuilts/clang/host/linux-x86/+/master/GCC_4_9_DEPRECATION.md


Android GCC has been deprecated in favor of Clang, and will be removed from
Android in 2020-01 as per the deprecation plan in:
https://android.googlesource.com/platform/prebuilts/clang/host/linux-x86/+/master/GCC_4_9_DEPRECATION.md


Android GCC has been deprecated in favor of Clang, and will be removed from
Android in 2020-01 as per the deprecation plan in:
https://android.googlesource.com/platform/prebuilts/clang/host/linux-x86/+/master/GCC_4_9_DEPRECATION.md


  CC      fs/proc/interrupts.o
  LD      drivers/mmc/host/built-in.o
  CC      drivers/gpu/arm/t7xx/r22p0/backend/gpu/mali_kbase_js_affinity.o
  CC      drivers/media/platform/exynos/mfc/s5p_mfc_qos.o
  CC      drivers/misc/modem_v2/modem_modemctl_device_m74xx.o
Android GCC has been deprecated in favor of Clang, and will be removed from
Android in 2020-01 as per the deprecation plan in:
https://android.googlesource.com/platform/prebuilts/clang/host/linux-x86/+/master/GCC_4_9_DEPRECATION.md


  CC      fs/proc/loadavg.o
  CC      drivers/net/ppp/bsd_comp.o
Android GCC has been deprecated in favor of Clang, and will be removed from
Android in 2020-01 as per the deprecation plan in:
https://android.googlesource.com/platform/prebuilts/clang/host/linux-x86/+/master/GCC_4_9_DEPRECATION.md


  CC      fs/proc/meminfo.o
Android GCC has been deprecated in favor of Clang, and will be removed from
Android in 2020-01 as per the deprecation plan in:
https://android.googlesource.com/platform/prebuilts/clang/host/linux-x86/+/master/GCC_4_9_DEPRECATION.md


  CC      net/ipv4/netfilter.o
Android GCC has been deprecated in favor of Clang, and will be removed from
Android in 2020-01 as per the deprecation plan in:
https://android.googlesource.com/platform/prebuilts/clang/host/linux-x86/+/master/GCC_4_9_DEPRECATION.md


Android GCC has been deprecated in favor of Clang, and will be removed from
Android in 2020-01 as per the deprecation plan in:
https://android.googlesource.com/platform/prebuilts/clang/host/linux-x86/+/master/GCC_4_9_DEPRECATION.md


Android GCC has been deprecated in favor of Clang, and will be removed from
Android in 2020-01 as per the deprecation plan in:
https://android.googlesource.com/platform/prebuilts/clang/host/linux-x86/+/master/GCC_4_9_DEPRECATION.md


Android GCC has been deprecated in favor of Clang, and will be removed from
Android in 2020-01 as per the deprecation plan in:
https://android.googlesource.com/platform/prebuilts/clang/host/linux-x86/+/master/GCC_4_9_DEPRECATION.md


Android GCC has been deprecated in favor of Clang, and will be removed from
Android in 2020-01 as per the deprecation plan in:
https://android.googlesource.com/platform/prebuilts/clang/host/linux-x86/+/master/GCC_4_9_DEPRECATION.md


Android GCC has been deprecated in favor of Clang, and will be removed from
Android in 2020-01 as per the deprecation plan in:
https://android.googlesource.com/platform/prebuilts/clang/host/linux-x86/+/master/GCC_4_9_DEPRECATION.md


Android GCC has been deprecated in favor of Clang, and will be removed from
Android in 2020-01 as per the deprecation plan in:
https://android.googlesource.com/platform/prebuilts/clang/host/linux-x86/+/master/GCC_4_9_DEPRECATION.md


Android GCC has been deprecated in favor of Clang, and will be removed from
Android in 2020-01 as per the deprecation plan in:
https://android.googlesource.com/platform/prebuilts/clang/host/linux-x86/+/master/GCC_4_9_DEPRECATION.md


  CC      drivers/media/v4l2-core/v4l2-device.o
  CC      net/netfilter/xt_comment.o
Android GCC has been deprecated in favor of Clang, and will be removed from
Android in 2020-01 as per the deprecation plan in:
https://android.googlesource.com/platform/prebuilts/clang/host/linux-x86/+/master/GCC_4_9_DEPRECATION.md


  CC      drivers/mfd/sec-irq.o
Android GCC has been deprecated in favor of Clang, and will be removed from
Android in 2020-01 as per the deprecation plan in:
https://android.googlesource.com/platform/prebuilts/clang/host/linux-x86/+/master/GCC_4_9_DEPRECATION.md


Android GCC has been deprecated in favor of Clang, and will be removed from
Android in 2020-01 as per the deprecation plan in:
https://android.googlesource.com/platform/prebuilts/clang/host/linux-x86/+/master/GCC_4_9_DEPRECATION.md


Android GCC has been deprecated in favor of Clang, and will be removed from
Android in 2020-01 as per the deprecation plan in:
https://android.googlesource.com/platform/prebuilts/clang/host/linux-x86/+/master/GCC_4_9_DEPRECATION.md


  CC      net/ipv4/inet_diag.o
Android GCC has been deprecated in favor of Clang, and will be removed from
Android in 2020-01 as per the deprecation plan in:
https://android.googlesource.com/platform/prebuilts/clang/host/linux-x86/+/master/GCC_4_9_DEPRECATION.md


Android GCC has been deprecated in favor of Clang, and will be removed from
Android in 2020-01 as per the deprecation plan in:
https://android.googlesource.com/platform/prebuilts/clang/host/linux-x86/+/master/GCC_4_9_DEPRECATION.md


Android GCC has been deprecated in favor of Clang, and will be removed from
Android in 2020-01 as per the deprecation plan in:
https://android.googlesource.com/platform/prebuilts/clang/host/linux-x86/+/master/GCC_4_9_DEPRECATION.md


  CC      drivers/md/dm-dirty.o
  CC      drivers/net/phy/mdio_bus.o
  CC      net/ipv4/netfilter/nf_conntrack_l3proto_ipv4_compat.o
Android GCC has been deprecated in favor of Clang, and will be removed from
Android in 2020-01 as per the deprecation plan in:
https://android.googlesource.com/platform/prebuilts/clang/host/linux-x86/+/master/GCC_4_9_DEPRECATION.md


Android GCC has been deprecated in favor of Clang, and will be removed from
Android in 2020-01 as per the deprecation plan in:
https://android.googlesource.com/platform/prebuilts/clang/host/linux-x86/+/master/GCC_4_9_DEPRECATION.md


Android GCC has been deprecated in favor of Clang, and will be removed from
Android in 2020-01 as per the deprecation plan in:
https://android.googlesource.com/platform/prebuilts/clang/host/linux-x86/+/master/GCC_4_9_DEPRECATION.md


  CC      drivers/media/platform/exynos/fimc-is/fimc-is-video-3aac.o
  CC      fs/proc/stat.o
Android GCC has been deprecated in favor of Clang, and will be removed from
Android in 2020-01 as per the deprecation plan in:
https://android.googlesource.com/platform/prebuilts/clang/host/linux-x86/+/master/GCC_4_9_DEPRECATION.md


  LD      drivers/mfd/built-in.o
  CC      drivers/mmc/core/sdio.o
  CC      net/ipv4/netfilter/nf_conntrack_l3proto_ipv4.o
Android GCC has been deprecated in favor of Clang, and will be removed from
Android in 2020-01 as per the deprecation plan in:
https://android.googlesource.com/platform/prebuilts/clang/host/linux-x86/+/master/GCC_4_9_DEPRECATION.md


  CC      net/ipv4/tcp_diag.o
Android GCC has been deprecated in favor of Clang, and will be removed from
Android in 2020-01 as per the deprecation plan in:
https://android.googlesource.com/platform/prebuilts/clang/host/linux-x86/+/master/GCC_4_9_DEPRECATION.md


Android GCC has been deprecated in favor of Clang, and will be removed from
Android in 2020-01 as per the deprecation plan in:
https://android.googlesource.com/platform/prebuilts/clang/host/linux-x86/+/master/GCC_4_9_DEPRECATION.md


  CC      drivers/gpu/arm/t7xx/r22p0/backend/gpu/mali_kbase_js_backend.o
Android GCC has been deprecated in favor of Clang, and will be removed from
Android in 2020-01 as per the deprecation plan in:
https://android.googlesource.com/platform/prebuilts/clang/host/linux-x86/+/master/GCC_4_9_DEPRECATION.md


  LD      drivers/hid/hid.o
Android GCC has been deprecated in favor of Clang, and will be removed from
Android in 2020-01 as per the deprecation plan in:
https://android.googlesource.com/platform/prebuilts/clang/host/linux-x86/+/master/GCC_4_9_DEPRECATION.md


  CC      drivers/net/ppp/ppp_deflate.o
  CC      drivers/gpu/arm/t7xx/r22p0/backend/gpu/mali_kbase_mmu_hw_direct.o
  LD      drivers/hid/usbhid/usbhid.o
  CC      fs/ext4/ext4_jbd2.o
  LD      drivers/hid/usbhid/built-in.o
Android GCC has been deprecated in favor of Clang, and will be removed from
Android in 2020-01 as per the deprecation plan in:
https://android.googlesource.com/platform/prebuilts/clang/host/linux-x86/+/master/GCC_4_9_DEPRECATION.md


Android GCC has been deprecated in favor of Clang, and will be removed from
Android in 2020-01 as per the deprecation plan in:
https://android.googlesource.com/platform/prebuilts/clang/host/linux-x86/+/master/GCC_4_9_DEPRECATION.md


  LD      drivers/hid/built-in.o
Android GCC has been deprecated in favor of Clang, and will be removed from
Android in 2020-01 as per the deprecation plan in:
https://android.googlesource.com/platform/prebuilts/clang/host/linux-x86/+/master/GCC_4_9_DEPRECATION.md


Android GCC has been deprecated in favor of Clang, and will be removed from
Android in 2020-01 as per the deprecation plan in:
https://android.googlesource.com/platform/prebuilts/clang/host/linux-x86/+/master/GCC_4_9_DEPRECATION.md


  CC      drivers/nfc/sec_nfc.o
  CC      drivers/net/ppp/ppp_mppe.o
  CC      drivers/misc/modem_v2/modem_link_device_hsic_ncm.o
  CC      drivers/media/platform/exynos/mfc/s5p_mfc_opr_v6.o
Android GCC has been deprecated in favor of Clang, and will be removed from
Android in 2020-01 as per the deprecation plan in:
https://android.googlesource.com/platform/prebuilts/clang/host/linux-x86/+/master/GCC_4_9_DEPRECATION.md


Android GCC has been deprecated in favor of Clang, and will be removed from
Android in 2020-01 as per the deprecation plan in:
https://android.googlesource.com/platform/prebuilts/clang/host/linux-x86/+/master/GCC_4_9_DEPRECATION.md


Android GCC has been deprecated in favor of Clang, and will be removed from
Android in 2020-01 as per the deprecation plan in:
https://android.googlesource.com/platform/prebuilts/clang/host/linux-x86/+/master/GCC_4_9_DEPRECATION.md


Android GCC has been deprecated in favor of Clang, and will be removed from
Android in 2020-01 as per the deprecation plan in:
https://android.googlesource.com/platform/prebuilts/clang/host/linux-x86/+/master/GCC_4_9_DEPRECATION.md


Android GCC has been deprecated in favor of Clang, and will be removed from
Android in 2020-01 as per the deprecation plan in:
https://android.googlesource.com/platform/prebuilts/clang/host/linux-x86/+/master/GCC_4_9_DEPRECATION.md


  CC      net/netfilter/xt_connbytes.o
Android GCC has been deprecated in favor of Clang, and will be removed from
Android in 2020-01 as per the deprecation plan in:
https://android.googlesource.com/platform/prebuilts/clang/host/linux-x86/+/master/GCC_4_9_DEPRECATION.md


Android GCC has been deprecated in favor of Clang, and will be removed from
Android in 2020-01 as per the deprecation plan in:
https://android.googlesource.com/platform/prebuilts/clang/host/linux-x86/+/master/GCC_4_9_DEPRECATION.md


  LD      drivers/net/slip/built-in.o
  CC      drivers/media/v4l2-core/v4l2-fh.o
Android GCC has been deprecated in favor of Clang, and will be removed from
Android in 2020-01 as per the deprecation plan in:
https://android.googlesource.com/platform/prebuilts/clang/host/linux-x86/+/master/GCC_4_9_DEPRECATION.md


  CC      drivers/net/usb/asix_devices.o
  CC      drivers/of/base.o
  CC      fs/proc/uptime.o
Android GCC has been deprecated in favor of Clang, and will be removed from
Android in 2020-01 as per the deprecation plan in:
https://android.googlesource.com/platform/prebuilts/clang/host/linux-x86/+/master/GCC_4_9_DEPRECATION.md


Android GCC has been deprecated in favor of Clang, and will be removed from
Android in 2020-01 as per the deprecation plan in:
https://android.googlesource.com/platform/prebuilts/clang/host/linux-x86/+/master/GCC_4_9_DEPRECATION.md


Android GCC has been deprecated in favor of Clang, and will be removed from
Android in 2020-01 as per the deprecation plan in:
https://android.googlesource.com/platform/prebuilts/clang/host/linux-x86/+/master/GCC_4_9_DEPRECATION.md


  CC      drivers/pci/access.o
  CC      drivers/pci/bus.o
Android GCC has been deprecated in favor of Clang, and will be removed from
Android in 2020-01 as per the deprecation plan in:
https://android.googlesource.com/platform/prebuilts/clang/host/linux-x86/+/master/GCC_4_9_DEPRECATION.md


Android GCC has been deprecated in favor of Clang, and will be removed from
Android in 2020-01 as per the deprecation plan in:
https://android.googlesource.com/platform/prebuilts/clang/host/linux-x86/+/master/GCC_4_9_DEPRECATION.md


Android GCC has been deprecated in favor of Clang, and will be removed from
Android in 2020-01 as per the deprecation plan in:
https://android.googlesource.com/platform/prebuilts/clang/host/linux-x86/+/master/GCC_4_9_DEPRECATION.md


  CC      drivers/misc/cci400.o
  CC      drivers/gpu/arm/t7xx/r22p0/backend/gpu/mali_kbase_pm_backend.o
  CC      net/ipv4/netfilter/nf_conntrack_proto_icmp.o
Android GCC has been deprecated in favor of Clang, and will be removed from
Android in 2020-01 as per the deprecation plan in:
https://android.googlesource.com/platform/prebuilts/clang/host/linux-x86/+/master/GCC_4_9_DEPRECATION.md


  LD      drivers/md/dm-mod.o
Android GCC has been deprecated in favor of Clang, and will be removed from
Android in 2020-01 as per the deprecation plan in:
https://android.googlesource.com/platform/prebuilts/clang/host/linux-x86/+/master/GCC_4_9_DEPRECATION.md


Android GCC has been deprecated in favor of Clang, and will be removed from
Android in 2020-01 as per the deprecation plan in:
https://android.googlesource.com/platform/prebuilts/clang/host/linux-x86/+/master/GCC_4_9_DEPRECATION.md


  CC      drivers/media/v4l2-core/v4l2-event.o
  CC      drivers/media/platform/exynos/fimc-is/fimc-is-video-isp.o
Android GCC has been deprecated in favor of Clang, and will be removed from
Android in 2020-01 as per the deprecation plan in:
https://android.googlesource.com/platform/prebuilts/clang/host/linux-x86/+/master/GCC_4_9_DEPRECATION.md


Android GCC has been deprecated in favor of Clang, and will be removed from
Android in 2020-01 as per the deprecation plan in:
https://android.googlesource.com/platform/prebuilts/clang/host/linux-x86/+/master/GCC_4_9_DEPRECATION.md


  CC      drivers/net/ppp/pppox.o
Android GCC has been deprecated in favor of Clang, and will be removed from
Android in 2020-01 as per the deprecation plan in:
https://android.googlesource.com/platform/prebuilts/clang/host/linux-x86/+/master/GCC_4_9_DEPRECATION.md


  LD      drivers/md/built-in.o
  LD      drivers/nfc/built-in.o
  CC      drivers/gpu/arm/t7xx/r22p0/backend/gpu/mali_kbase_pm_driver.o
Android GCC has been deprecated in favor of Clang, and will be removed from
Android in 2020-01 as per the deprecation plan in:
https://android.googlesource.com/platform/prebuilts/clang/host/linux-x86/+/master/GCC_4_9_DEPRECATION.md


  CC      net/netfilter/xt_connlabel.o
  CC      drivers/gpu/arm/t7xx/r22p0/backend/gpu/mali_kbase_pm_metrics.o
Android GCC has been deprecated in favor of Clang, and will be removed from
Android in 2020-01 as per the deprecation plan in:
https://android.googlesource.com/platform/prebuilts/clang/host/linux-x86/+/master/GCC_4_9_DEPRECATION.md


Android GCC has been deprecated in favor of Clang, and will be removed from
Android in 2020-01 as per the deprecation plan in:
https://android.googlesource.com/platform/prebuilts/clang/host/linux-x86/+/master/GCC_4_9_DEPRECATION.md


Android GCC has been deprecated in favor of Clang, and will be removed from
Android in 2020-01 as per the deprecation plan in:
https://android.googlesource.com/platform/prebuilts/clang/host/linux-x86/+/master/GCC_4_9_DEPRECATION.md


Android GCC has been deprecated in favor of Clang, and will be removed from
Android in 2020-01 as per the deprecation plan in:
https://android.googlesource.com/platform/prebuilts/clang/host/linux-x86/+/master/GCC_4_9_DEPRECATION.md


  CC      fs/proc/version.o
Android GCC has been deprecated in favor of Clang, and will be removed from
Android in 2020-01 as per the deprecation plan in:
https://android.googlesource.com/platform/prebuilts/clang/host/linux-x86/+/master/GCC_4_9_DEPRECATION.md


Android GCC has been deprecated in favor of Clang, and will be removed from
Android in 2020-01 as per the deprecation plan in:
https://android.googlesource.com/platform/prebuilts/clang/host/linux-x86/+/master/GCC_4_9_DEPRECATION.md


  CC      drivers/misc/modem_v2/link_usb_cdc_ncm.o
  LD      drivers/net/phy/libphy.o
Android GCC has been deprecated in favor of Clang, and will be removed from
Android in 2020-01 as per the deprecation plan in:
https://android.googlesource.com/platform/prebuilts/clang/host/linux-x86/+/master/GCC_4_9_DEPRECATION.md


  CC      net/netfilter/xt_connlimit.o
  LD      drivers/net/phy/built-in.o
Android GCC has been deprecated in favor of Clang, and will be removed from
Android in 2020-01 as per the deprecation plan in:
https://android.googlesource.com/platform/prebuilts/clang/host/linux-x86/+/master/GCC_4_9_DEPRECATION.md


  CC      net/netfilter/xt_conntrack.o
Android GCC has been deprecated in favor of Clang, and will be removed from
Android in 2020-01 as per the deprecation plan in:
https://android.googlesource.com/platform/prebuilts/clang/host/linux-x86/+/master/GCC_4_9_DEPRECATION.md


  CC      drivers/mmc/core/sdio_ops.o
Android GCC has been deprecated in favor of Clang, and will be removed from
Android in 2020-01 as per the deprecation plan in:
https://android.googlesource.com/platform/prebuilts/clang/host/linux-x86/+/master/GCC_4_9_DEPRECATION.md


Android GCC has been deprecated in favor of Clang, and will be removed from
Android in 2020-01 as per the deprecation plan in:
https://android.googlesource.com/platform/prebuilts/clang/host/linux-x86/+/master/GCC_4_9_DEPRECATION.md


  CC      drivers/media/v4l2-core/v4l2-ctrls.o
  CC      fs/ext4/migrate.o
Android GCC has been deprecated in favor of Clang, and will be removed from
Android in 2020-01 as per the deprecation plan in:
https://android.googlesource.com/platform/prebuilts/clang/host/linux-x86/+/master/GCC_4_9_DEPRECATION.md


Android GCC has been deprecated in favor of Clang, and will be removed from
Android in 2020-01 as per the deprecation plan in:
https://android.googlesource.com/platform/prebuilts/clang/host/linux-x86/+/master/GCC_4_9_DEPRECATION.md


Android GCC has been deprecated in favor of Clang, and will be removed from
Android in 2020-01 as per the deprecation plan in:
https://android.googlesource.com/platform/prebuilts/clang/host/linux-x86/+/master/GCC_4_9_DEPRECATION.md


Android GCC has been deprecated in favor of Clang, and will be removed from
Android in 2020-01 as per the deprecation plan in:
https://android.googlesource.com/platform/prebuilts/clang/host/linux-x86/+/master/GCC_4_9_DEPRECATION.md


  CC      drivers/mmc/core/sdio_bus.o
  CC      kernel/utsname_sysctl.o
  CC      fs/proc/softirqs.o
Android GCC has been deprecated in favor of Clang, and will be removed from
Android in 2020-01 as per the deprecation plan in:
https://android.googlesource.com/platform/prebuilts/clang/host/linux-x86/+/master/GCC_4_9_DEPRECATION.md


Android GCC has been deprecated in favor of Clang, and will be removed from
Android in 2020-01 as per the deprecation plan in:
https://android.googlesource.com/platform/prebuilts/clang/host/linux-x86/+/master/GCC_4_9_DEPRECATION.md


Android GCC has been deprecated in favor of Clang, and will be removed from
Android in 2020-01 as per the deprecation plan in:
https://android.googlesource.com/platform/prebuilts/clang/host/linux-x86/+/master/GCC_4_9_DEPRECATION.md


Android GCC has been deprecated in favor of Clang, and will be removed from
Android in 2020-01 as per the deprecation plan in:
https://android.googlesource.com/platform/prebuilts/clang/host/linux-x86/+/master/GCC_4_9_DEPRECATION.md


Android GCC has been deprecated in favor of Clang, and will be removed from
Android in 2020-01 as per the deprecation plan in:
https://android.googlesource.com/platform/prebuilts/clang/host/linux-x86/+/master/GCC_4_9_DEPRECATION.md


  CC      fs/proc/namespaces.o
  CC      drivers/net/usb/asix_common.o
Android GCC has been deprecated in favor of Clang, and will be removed from
Android in 2020-01 as per the deprecation plan in:
https://android.googlesource.com/platform/prebuilts/clang/host/linux-x86/+/master/GCC_4_9_DEPRECATION.md


  CC      drivers/media/platform/exynos/mfc/s5p_mfc_cmd_v6.o
Android GCC has been deprecated in favor of Clang, and will be removed from
Android in 2020-01 as per the deprecation plan in:
https://android.googlesource.com/platform/prebuilts/clang/host/linux-x86/+/master/GCC_4_9_DEPRECATION.md


  CC      drivers/net/ppp/pppolac.o
Android GCC has been deprecated in favor of Clang, and will be removed from
Android in 2020-01 as per the deprecation plan in:
https://android.googlesource.com/platform/prebuilts/clang/host/linux-x86/+/master/GCC_4_9_DEPRECATION.md


  CC      drivers/of/fdt.o
Android GCC has been deprecated in favor of Clang, and will be removed from
Android in 2020-01 as per the deprecation plan in:
https://android.googlesource.com/platform/prebuilts/clang/host/linux-x86/+/master/GCC_4_9_DEPRECATION.md


  CC      drivers/misc/led_cover_pwr.o
Android GCC has been deprecated in favor of Clang, and will be removed from
Android in 2020-01 as per the deprecation plan in:
https://android.googlesource.com/platform/prebuilts/clang/host/linux-x86/+/master/GCC_4_9_DEPRECATION.md


Android GCC has been deprecated in favor of Clang, and will be removed from
Android in 2020-01 as per the deprecation plan in:
https://android.googlesource.com/platform/prebuilts/clang/host/linux-x86/+/master/GCC_4_9_DEPRECATION.md


  CC      net/ipv4/udp_diag.o
Android GCC has been deprecated in favor of Clang, and will be removed from
Android in 2020-01 as per the deprecation plan in:
https://android.googlesource.com/platform/prebuilts/clang/host/linux-x86/+/master/GCC_4_9_DEPRECATION.md


Android GCC has been deprecated in favor of Clang, and will be removed from
Android in 2020-01 as per the deprecation plan in:
https://android.googlesource.com/platform/prebuilts/clang/host/linux-x86/+/master/GCC_4_9_DEPRECATION.md


  CC      net/ipv4/netfilter/nf_nat_l3proto_ipv4.o
  CC      kernel/tracepoint.o
Android GCC has been deprecated in favor of Clang, and will be removed from
Android in 2020-01 as per the deprecation plan in:
https://android.googlesource.com/platform/prebuilts/clang/host/linux-x86/+/master/GCC_4_9_DEPRECATION.md


Android GCC has been deprecated in favor of Clang, and will be removed from
Android in 2020-01 as per the deprecation plan in:
https://android.googlesource.com/platform/prebuilts/clang/host/linux-x86/+/master/GCC_4_9_DEPRECATION.md


  CC      drivers/net/usb/ax88172a.o
  CC      drivers/media/platform/exynos/fimc-is/fimc-is-video-scc.o
Android GCC has been deprecated in favor of Clang, and will be removed from
Android in 2020-01 as per the deprecation plan in:
https://android.googlesource.com/platform/prebuilts/clang/host/linux-x86/+/master/GCC_4_9_DEPRECATION.md


  CC      drivers/pci/probe.o
Android GCC has been deprecated in favor of Clang, and will be removed from
Android in 2020-01 as per the deprecation plan in:
https://android.googlesource.com/platform/prebuilts/clang/host/linux-x86/+/master/GCC_4_9_DEPRECATION.md


Android GCC has been deprecated in favor of Clang, and will be removed from
Android in 2020-01 as per the deprecation plan in:
https://android.googlesource.com/platform/prebuilts/clang/host/linux-x86/+/master/GCC_4_9_DEPRECATION.md


Android GCC has been deprecated in favor of Clang, and will be removed from
Android in 2020-01 as per the deprecation plan in:
https://android.googlesource.com/platform/prebuilts/clang/host/linux-x86/+/master/GCC_4_9_DEPRECATION.md


  CC      drivers/misc/modem_v2/link_pm_hsic_m74xx.o
Android GCC has been deprecated in favor of Clang, and will be removed from
Android in 2020-01 as per the deprecation plan in:
https://android.googlesource.com/platform/prebuilts/clang/host/linux-x86/+/master/GCC_4_9_DEPRECATION.md


  CC      fs/proc/self.o
Android GCC has been deprecated in favor of Clang, and will be removed from
Android in 2020-01 as per the deprecation plan in:
https://android.googlesource.com/platform/prebuilts/clang/host/linux-x86/+/master/GCC_4_9_DEPRECATION.md


  CC      drivers/mmc/core/sdio_cis.o
Android GCC has been deprecated in favor of Clang, and will be removed from
Android in 2020-01 as per the deprecation plan in:
https://android.googlesource.com/platform/prebuilts/clang/host/linux-x86/+/master/GCC_4_9_DEPRECATION.md


Android GCC has been deprecated in favor of Clang, and will be removed from
Android in 2020-01 as per the deprecation plan in:
https://android.googlesource.com/platform/prebuilts/clang/host/linux-x86/+/master/GCC_4_9_DEPRECATION.md


  CC      drivers/gpu/arm/t7xx/r22p0/backend/gpu/mali_kbase_pm_ca.o
  CC      drivers/misc/tzic.o
Android GCC has been deprecated in favor of Clang, and will be removed from
Android in 2020-01 as per the deprecation plan in:
https://android.googlesource.com/platform/prebuilts/clang/host/linux-x86/+/master/GCC_4_9_DEPRECATION.md


  CC      kernel/elfcore.o
  CC      drivers/net/ppp/pppopns.o
Android GCC has been deprecated in favor of Clang, and will be removed from
Android in 2020-01 as per the deprecation plan in:
https://android.googlesource.com/platform/prebuilts/clang/host/linux-x86/+/master/GCC_4_9_DEPRECATION.md


Android GCC has been deprecated in favor of Clang, and will be removed from
Android in 2020-01 as per the deprecation plan in:
https://android.googlesource.com/platform/prebuilts/clang/host/linux-x86/+/master/GCC_4_9_DEPRECATION.md


  CC      net/netfilter/xt_ecn.o
Android GCC has been deprecated in favor of Clang, and will be removed from
Android in 2020-01 as per the deprecation plan in:
https://android.googlesource.com/platform/prebuilts/clang/host/linux-x86/+/master/GCC_4_9_DEPRECATION.md


Android GCC has been deprecated in favor of Clang, and will be removed from
Android in 2020-01 as per the deprecation plan in:
https://android.googlesource.com/platform/prebuilts/clang/host/linux-x86/+/master/GCC_4_9_DEPRECATION.md


  CC      net/netfilter/xt_hashlimit.o
  CC      fs/ext4/mballoc.o
Android GCC has been deprecated in favor of Clang, and will be removed from
Android in 2020-01 as per the deprecation plan in:
https://android.googlesource.com/platform/prebuilts/clang/host/linux-x86/+/master/GCC_4_9_DEPRECATION.md


  CC      fs/proc/stlog.o
Android GCC has been deprecated in favor of Clang, and will be removed from
Android in 2020-01 as per the deprecation plan in:
https://android.googlesource.com/platform/prebuilts/clang/host/linux-x86/+/master/GCC_4_9_DEPRECATION.md


  CC      drivers/pinctrl/core.o
Android GCC has been deprecated in favor of Clang, and will be removed from
Android in 2020-01 as per the deprecation plan in:
https://android.googlesource.com/platform/prebuilts/clang/host/linux-x86/+/master/GCC_4_9_DEPRECATION.md


Android GCC has been deprecated in favor of Clang, and will be removed from
Android in 2020-01 as per the deprecation plan in:
https://android.googlesource.com/platform/prebuilts/clang/host/linux-x86/+/master/GCC_4_9_DEPRECATION.md


Android GCC has been deprecated in favor of Clang, and will be removed from
Android in 2020-01 as per the deprecation plan in:
https://android.googlesource.com/platform/prebuilts/clang/host/linux-x86/+/master/GCC_4_9_DEPRECATION.md


  CC      drivers/net/usb/ax88179_178a.o
  CC      drivers/net/wireless/bcmdhd4358/dhd_pno.o
  CC      drivers/net/usb/cdc_ether.o
Android GCC has been deprecated in favor of Clang, and will be removed from
Android in 2020-01 as per the deprecation plan in:
https://android.googlesource.com/platform/prebuilts/clang/host/linux-x86/+/master/GCC_4_9_DEPRECATION.md


Android GCC has been deprecated in favor of Clang, and will be removed from
Android in 2020-01 as per the deprecation plan in:
https://android.googlesource.com/platform/prebuilts/clang/host/linux-x86/+/master/GCC_4_9_DEPRECATION.md


Android GCC has been deprecated in favor of Clang, and will be removed from
Android in 2020-01 as per the deprecation plan in:
https://android.googlesource.com/platform/prebuilts/clang/host/linux-x86/+/master/GCC_4_9_DEPRECATION.md


  CC      drivers/of/address.o
Android GCC has been deprecated in favor of Clang, and will be removed from
Android in 2020-01 as per the deprecation plan in:
https://android.googlesource.com/platform/prebuilts/clang/host/linux-x86/+/master/GCC_4_9_DEPRECATION.md


  CC      drivers/pinctrl/pinmux.o
Android GCC has been deprecated in favor of Clang, and will be removed from
Android in 2020-01 as per the deprecation plan in:
https://android.googlesource.com/platform/prebuilts/clang/host/linux-x86/+/master/GCC_4_9_DEPRECATION.md


  CC      drivers/mmc/core/sdio_io.o
  CC      net/ipv4/tcp_cubic.o
Android GCC has been deprecated in favor of Clang, and will be removed from
Android in 2020-01 as per the deprecation plan in:
https://android.googlesource.com/platform/prebuilts/clang/host/linux-x86/+/master/GCC_4_9_DEPRECATION.md


  CC      drivers/mmc/core/sdio_irq.o
Android GCC has been deprecated in favor of Clang, and will be removed from
Android in 2020-01 as per the deprecation plan in:
https://android.googlesource.com/platform/prebuilts/clang/host/linux-x86/+/master/GCC_4_9_DEPRECATION.md


Android GCC has been deprecated in favor of Clang, and will be removed from
Android in 2020-01 as per the deprecation plan in:
https://android.googlesource.com/platform/prebuilts/clang/host/linux-x86/+/master/GCC_4_9_DEPRECATION.md


  CC      net/netfilter/xt_helper.o
Android GCC has been deprecated in favor of Clang, and will be removed from
Android in 2020-01 as per the deprecation plan in:
https://android.googlesource.com/platform/prebuilts/clang/host/linux-x86/+/master/GCC_4_9_DEPRECATION.md


Android GCC has been deprecated in favor of Clang, and will be removed from
Android in 2020-01 as per the deprecation plan in:
https://android.googlesource.com/platform/prebuilts/clang/host/linux-x86/+/master/GCC_4_9_DEPRECATION.md


Android GCC has been deprecated in favor of Clang, and will be removed from
Android in 2020-01 as per the deprecation plan in:
https://android.googlesource.com/platform/prebuilts/clang/host/linux-x86/+/master/GCC_4_9_DEPRECATION.md


Android GCC has been deprecated in favor of Clang, and will be removed from
Android in 2020-01 as per the deprecation plan in:
https://android.googlesource.com/platform/prebuilts/clang/host/linux-x86/+/master/GCC_4_9_DEPRECATION.md


  CC      drivers/media/platform/exynos/fimc-is/fimc-is-video-scp.o
  CC      drivers/gpu/arm/t7xx/r22p0/backend/gpu/mali_kbase_pm_ca_fixed.o
  CC      kernel/irq_work.o
Android GCC has been deprecated in favor of Clang, and will be removed from
Android in 2020-01 as per the deprecation plan in:
https://android.googlesource.com/platform/prebuilts/clang/host/linux-x86/+/master/GCC_4_9_DEPRECATION.md


Android GCC has been deprecated in favor of Clang, and will be removed from
Android in 2020-01 as per the deprecation plan in:
https://android.googlesource.com/platform/prebuilts/clang/host/linux-x86/+/master/GCC_4_9_DEPRECATION.md


Android GCC has been deprecated in favor of Clang, and will be removed from
Android in 2020-01 as per the deprecation plan in:
https://android.googlesource.com/platform/prebuilts/clang/host/linux-x86/+/master/GCC_4_9_DEPRECATION.md


  CC      drivers/power/power_supply_core.o
Android GCC has been deprecated in favor of Clang, and will be removed from
Android in 2020-01 as per the deprecation plan in:
https://android.googlesource.com/platform/prebuilts/clang/host/linux-x86/+/master/GCC_4_9_DEPRECATION.md


  CC      kernel/cpu_pm.o
Android GCC has been deprecated in favor of Clang, and will be removed from
Android in 2020-01 as per the deprecation plan in:
https://android.googlesource.com/platform/prebuilts/clang/host/linux-x86/+/master/GCC_4_9_DEPRECATION.md


  LD      drivers/net/ppp/built-in.o
  CC      net/ipv4/netfilter/nf_nat_proto_icmp.o
Android GCC has been deprecated in favor of Clang, and will be removed from
Android in 2020-01 as per the deprecation plan in:
https://android.googlesource.com/platform/prebuilts/clang/host/linux-x86/+/master/GCC_4_9_DEPRECATION.md


Android GCC has been deprecated in favor of Clang, and will be removed from
Android in 2020-01 as per the deprecation plan in:
https://android.googlesource.com/platform/prebuilts/clang/host/linux-x86/+/master/GCC_4_9_DEPRECATION.md


Android GCC has been deprecated in favor of Clang, and will be removed from
Android in 2020-01 as per the deprecation plan in:
https://android.googlesource.com/platform/prebuilts/clang/host/linux-x86/+/master/GCC_4_9_DEPRECATION.md


  LD      drivers/misc/modem_v2/built-in.o
  CC      drivers/pwm/core.o
  CC      drivers/of/irq.o
Android GCC has been deprecated in favor of Clang, and will be removed from
Android in 2020-01 as per the deprecation plan in:
https://android.googlesource.com/platform/prebuilts/clang/host/linux-x86/+/master/GCC_4_9_DEPRECATION.md


Android GCC has been deprecated in favor of Clang, and will be removed from
Android in 2020-01 as per the deprecation plan in:
https://android.googlesource.com/platform/prebuilts/clang/host/linux-x86/+/master/GCC_4_9_DEPRECATION.md


Android GCC has been deprecated in favor of Clang, and will be removed from
Android in 2020-01 as per the deprecation plan in:
https://android.googlesource.com/platform/prebuilts/clang/host/linux-x86/+/master/GCC_4_9_DEPRECATION.md


Android GCC has been deprecated in favor of Clang, and will be removed from
Android in 2020-01 as per the deprecation plan in:
https://android.googlesource.com/platform/prebuilts/clang/host/linux-x86/+/master/GCC_4_9_DEPRECATION.md


Android GCC has been deprecated in favor of Clang, and will be removed from
Android in 2020-01 as per the deprecation plan in:
https://android.googlesource.com/platform/prebuilts/clang/host/linux-x86/+/master/GCC_4_9_DEPRECATION.md


  CC      drivers/misc/dmverity_query.o
Android GCC has been deprecated in favor of Clang, and will be removed from
Android in 2020-01 as per the deprecation plan in:
https://android.googlesource.com/platform/prebuilts/clang/host/linux-x86/+/master/GCC_4_9_DEPRECATION.md


  CC      drivers/gpu/arm/t7xx/r22p0/backend/gpu/mali_kbase_pm_always_on.o
Android GCC has been deprecated in favor of Clang, and will be removed from
Android in 2020-01 as per the deprecation plan in:
https://android.googlesource.com/platform/prebuilts/clang/host/linux-x86/+/master/GCC_4_9_DEPRECATION.md


Android GCC has been deprecated in favor of Clang, and will be removed from
Android in 2020-01 as per the deprecation plan in:
https://android.googlesource.com/platform/prebuilts/clang/host/linux-x86/+/master/GCC_4_9_DEPRECATION.md


Android GCC has been deprecated in favor of Clang, and will be removed from
Android in 2020-01 as per the deprecation plan in:
https://android.googlesource.com/platform/prebuilts/clang/host/linux-x86/+/master/GCC_4_9_DEPRECATION.md


Android GCC has been deprecated in favor of Clang, and will be removed from
Android in 2020-01 as per the deprecation plan in:
https://android.googlesource.com/platform/prebuilts/clang/host/linux-x86/+/master/GCC_4_9_DEPRECATION.md


Android GCC has been deprecated in favor of Clang, and will be removed from
Android in 2020-01 as per the deprecation plan in:
https://android.googlesource.com/platform/prebuilts/clang/host/linux-x86/+/master/GCC_4_9_DEPRECATION.md


  CC      drivers/media/platform/exynos/fimc-is/fimc-is-video-vdisc.o
  CC      drivers/pci/host-bridge.o
Android GCC has been deprecated in favor of Clang, and will be removed from
Android in 2020-01 as per the deprecation plan in:
https://android.googlesource.com/platform/prebuilts/clang/host/linux-x86/+/master/GCC_4_9_DEPRECATION.md


  CC      drivers/net/wireless/bcmdhd4358/dhd_common.o
Android GCC has been deprecated in favor of Clang, and will be removed from
Android in 2020-01 as per the deprecation plan in:
https://android.googlesource.com/platform/prebuilts/clang/host/linux-x86/+/master/GCC_4_9_DEPRECATION.md


Android GCC has been deprecated in favor of Clang, and will be removed from
Android in 2020-01 as per the deprecation plan in:
https://android.googlesource.com/platform/prebuilts/clang/host/linux-x86/+/master/GCC_4_9_DEPRECATION.md


  CC      fs/proc/proc_sysctl.o
Android GCC has been deprecated in favor of Clang, and will be removed from
Android in 2020-01 as per the deprecation plan in:
https://android.googlesource.com/platform/prebuilts/clang/host/linux-x86/+/master/GCC_4_9_DEPRECATION.md


  CC      drivers/mmc/core/quirks.o
Android GCC has been deprecated in favor of Clang, and will be removed from
Android in 2020-01 as per the deprecation plan in:
https://android.googlesource.com/platform/prebuilts/clang/host/linux-x86/+/master/GCC_4_9_DEPRECATION.md


Android GCC has been deprecated in favor of Clang, and will be removed from
Android in 2020-01 as per the deprecation plan in:
https://android.googlesource.com/platform/prebuilts/clang/host/linux-x86/+/master/GCC_4_9_DEPRECATION.md


  LD      kernel/built-in.o
Android GCC has been deprecated in favor of Clang, and will be removed from
Android in 2020-01 as per the deprecation plan in:
https://android.googlesource.com/platform/prebuilts/clang/host/linux-x86/+/master/GCC_4_9_DEPRECATION.md


  CC      drivers/pci/remove.o
  CC      drivers/power/power_supply_sysfs.o
Android GCC has been deprecated in favor of Clang, and will be removed from
Android in 2020-01 as per the deprecation plan in:
https://android.googlesource.com/platform/prebuilts/clang/host/linux-x86/+/master/GCC_4_9_DEPRECATION.md


  CC      drivers/pinctrl/pinconf.o
  CC      drivers/pinctrl/devicetree.o
Android GCC has been deprecated in favor of Clang, and will be removed from
Android in 2020-01 as per the deprecation plan in:
https://android.googlesource.com/platform/prebuilts/clang/host/linux-x86/+/master/GCC_4_9_DEPRECATION.md


  CC      net/netfilter/xt_hl.o
Android GCC has been deprecated in favor of Clang, and will be removed from
Android in 2020-01 as per the deprecation plan in:
https://android.googlesource.com/platform/prebuilts/clang/host/linux-x86/+/master/GCC_4_9_DEPRECATION.md


Android GCC has been deprecated in favor of Clang, and will be removed from
Android in 2020-01 as per the deprecation plan in:
https://android.googlesource.com/platform/prebuilts/clang/host/linux-x86/+/master/GCC_4_9_DEPRECATION.md


  CC      fs/ramfs/inode.o
  CC      drivers/media/v4l2-core/v4l2-subdev.o
Android GCC has been deprecated in favor of Clang, and will be removed from
Android in 2020-01 as per the deprecation plan in:
https://android.googlesource.com/platform/prebuilts/clang/host/linux-x86/+/master/GCC_4_9_DEPRECATION.md


Android GCC has been deprecated in favor of Clang, and will be removed from
Android in 2020-01 as per the deprecation plan in:
https://android.googlesource.com/platform/prebuilts/clang/host/linux-x86/+/master/GCC_4_9_DEPRECATION.md


Android GCC has been deprecated in favor of Clang, and will be removed from
Android in 2020-01 as per the deprecation plan in:
https://android.googlesource.com/platform/prebuilts/clang/host/linux-x86/+/master/GCC_4_9_DEPRECATION.md


  CC      fs/romfs/storage.o
  CC      drivers/net/tun.o
Android GCC has been deprecated in favor of Clang, and will be removed from
Android in 2020-01 as per the deprecation plan in:
https://android.googlesource.com/platform/prebuilts/clang/host/linux-x86/+/master/GCC_4_9_DEPRECATION.md


Android GCC has been deprecated in favor of Clang, and will be removed from
Android in 2020-01 as per the deprecation plan in:
https://android.googlesource.com/platform/prebuilts/clang/host/linux-x86/+/master/GCC_4_9_DEPRECATION.md


Android GCC has been deprecated in favor of Clang, and will be removed from
Android in 2020-01 as per the deprecation plan in:
https://android.googlesource.com/platform/prebuilts/clang/host/linux-x86/+/master/GCC_4_9_DEPRECATION.md


  CC      net/ipv4/netfilter/nf_defrag_ipv4.o
Android GCC has been deprecated in favor of Clang, and will be removed from
Android in 2020-01 as per the deprecation plan in:
https://android.googlesource.com/platform/prebuilts/clang/host/linux-x86/+/master/GCC_4_9_DEPRECATION.md


  LD      drivers/misc/built-in.o
Android GCC has been deprecated in favor of Clang, and will be removed from
Android in 2020-01 as per the deprecation plan in:
https://android.googlesource.com/platform/prebuilts/clang/host/linux-x86/+/master/GCC_4_9_DEPRECATION.md


  CC      drivers/of/device.o
  CC      drivers/net/usb/smsc75xx.o
Android GCC has been deprecated in favor of Clang, and will be removed from
Android in 2020-01 as per the deprecation plan in:
https://android.googlesource.com/platform/prebuilts/clang/host/linux-x86/+/master/GCC_4_9_DEPRECATION.md


Android GCC has been deprecated in favor of Clang, and will be removed from
Android in 2020-01 as per the deprecation plan in:
https://android.googlesource.com/platform/prebuilts/clang/host/linux-x86/+/master/GCC_4_9_DEPRECATION.md


Android GCC has been deprecated in favor of Clang, and will be removed from
Android in 2020-01 as per the deprecation plan in:
https://android.googlesource.com/platform/prebuilts/clang/host/linux-x86/+/master/GCC_4_9_DEPRECATION.md


  CC      drivers/mmc/core/slot-gpio.o
  CC      net/netfilter/xt_iprange.o
  CC      drivers/gpu/arm/t7xx/r22p0/backend/gpu/mali_kbase_pm_coarse_demand.o
  LD      drivers/power/power_supply.o
Android GCC has been deprecated in favor of Clang, and will be removed from
Android in 2020-01 as per the deprecation plan in:
https://android.googlesource.com/platform/prebuilts/clang/host/linux-x86/+/master/GCC_4_9_DEPRECATION.md

  LD      drivers/media/platform/exynos/mfc/s5p-mfc.o

Android GCC has been deprecated in favor of Clang, and will be removed from
Android in 2020-01 as per the deprecation plan in:
https://android.googlesource.com/platform/prebuilts/clang/host/linux-x86/+/master/GCC_4_9_DEPRECATION.md


Android GCC has been deprecated in favor of Clang, and will be removed from
Android in 2020-01 as per the deprecation plan in:
https://android.googlesource.com/platform/prebuilts/clang/host/linux-x86/+/master/GCC_4_9_DEPRECATION.md


Android GCC has been deprecated in favor of Clang, and will be removed from
Android in 2020-01 as per the deprecation plan in:
https://android.googlesource.com/platform/prebuilts/clang/host/linux-x86/+/master/GCC_4_9_DEPRECATION.md


Android GCC has been deprecated in favor of Clang, and will be removed from
Android in 2020-01 as per the deprecation plan in:
https://android.googlesource.com/platform/prebuilts/clang/host/linux-x86/+/master/GCC_4_9_DEPRECATION.md


  CC      net/netfilter/xt_length.o
  LD      drivers/power/built-in.o
  CC      drivers/net/wireless/bcmdhd4358/dhd_ip.o
  CC      fs/romfs/super.o
  CC      drivers/media/platform/exynos/fimc-is/fimc-is-video-vdiso.o
  CC      fs/ramfs/file-mmu.o
Android GCC has been deprecated in favor of Clang, and will be removed from
Android in 2020-01 as per the deprecation plan in:
https://android.googlesource.com/platform/prebuilts/clang/host/linux-x86/+/master/GCC_4_9_DEPRECATION.md

Android GCC has been deprecated in favor of Clang, and will be removed from
Android in 2020-01 as per the deprecation plan in:
https://android.googlesource.com/platform/prebuilts/clang/host/linux-x86/+/master/GCC_4_9_DEPRECATION.md



Android GCC has been deprecated in favor of Clang, and will be removed from
Android in 2020-01 as per the deprecation plan in:
https://android.googlesource.com/platform/prebuilts/clang/host/linux-x86/+/master/GCC_4_9_DEPRECATION.md

  CC      fs/sdcardfs/dentry.o
Android GCC has been deprecated in favor of Clang, and will be removed from
Android in 2020-01 as per the deprecation plan in:
https://android.googlesource.com/platform/prebuilts/clang/host/linux-x86/+/master/GCC_4_9_DEPRECATION.md

  CC      fs/sdcardfs/file.o


Android GCC has been deprecated in favor of Clang, and will be removed from
Android in 2020-01 as per the deprecation plan in:
https://android.googlesource.com/platform/prebuilts/clang/host/linux-x86/+/master/GCC_4_9_DEPRECATION.md

  CC      drivers/net/usb/smsc9500.o
  CC      drivers/net/usb/smscusbnet.o

  CC      drivers/net/usb/net1080.o
Android GCC has been deprecated in favor of Clang, and will be removed from
Android in 2020-01 as per the deprecation plan in:
https://android.googlesource.com/platform/prebuilts/clang/host/linux-x86/+/master/GCC_4_9_DEPRECATION.md


  CC      fs/ext4/block_validity.o
Android GCC has been deprecated in favor of Clang, and will be removed from
Android in 2020-01 as per the deprecation plan in:
https://android.googlesource.com/platform/prebuilts/clang/host/linux-x86/+/master/GCC_4_9_DEPRECATION.md


Android GCC has been deprecated in favor of Clang, and will be removed from
Android in 2020-01 as per the deprecation plan in:
https://android.googlesource.com/platform/prebuilts/clang/host/linux-x86/+/master/GCC_4_9_DEPRECATION.md

Android GCC has been deprecated in favor of Clang, and will be removed from
Android in 2020-01 as per the deprecation plan in:
https://android.googlesource.com/platform/prebuilts/clang/host/linux-x86/+/master/GCC_4_9_DEPRECATION.md



Android GCC has been deprecated in favor of Clang, and will be removed from
Android in 2020-01 as per the deprecation plan in:
https://android.googlesource.com/platform/prebuilts/clang/host/linux-x86/+/master/GCC_4_9_DEPRECATION.md


Android GCC has been deprecated in favor of Clang, and will be removed from
Android in 2020-01 as per the deprecation plan in:
https://android.googlesource.com/platform/prebuilts/clang/host/linux-x86/+/master/GCC_4_9_DEPRECATION.md


Android GCC has been deprecated in favor of Clang, and will be removed from
Android in 2020-01 as per the deprecation plan in:
https://android.googlesource.com/platform/prebuilts/clang/host/linux-x86/+/master/GCC_4_9_DEPRECATION.md


Android GCC has been deprecated in favor of Clang, and will be removed from
Android in 2020-01 as per the deprecation plan in:
https://android.googlesource.com/platform/prebuilts/clang/host/linux-x86/+/master/GCC_4_9_DEPRECATION.md


Android GCC has been deprecated in favor of Clang, and will be removed from
Android in 2020-01 as per the deprecation plan in:
https://android.googlesource.com/platform/prebuilts/clang/host/linux-x86/+/master/GCC_4_9_DEPRECATION.md

Android GCC has been deprecated in favor of Clang, and will be removed from
Android in 2020-01 as per the deprecation plan in:
https://android.googlesource.com/platform/prebuilts/clang/host/linux-x86/+/master/GCC_4_9_DEPRECATION.md



Android GCC has been deprecated in favor of Clang, and will be removed from
Android in 2020-01 as per the deprecation plan in:
https://android.googlesource.com/platform/prebuilts/clang/host/linux-x86/+/master/GCC_4_9_DEPRECATION.md


Android GCC has been deprecated in favor of Clang, and will be removed from
Android in 2020-01 as per the deprecation plan in:
https://android.googlesource.com/platform/prebuilts/clang/host/linux-x86/+/master/GCC_4_9_DEPRECATION.md


  LD      drivers/media/platform/exynos/mfc/built-in.o
  CC      drivers/regulator/core.o
  CC      net/ipv4/netfilter/nf_nat_h323.o
Android GCC has been deprecated in favor of Clang, and will be removed from
Android in 2020-01 as per the deprecation plan in:
https://android.googlesource.com/platform/prebuilts/clang/host/linux-x86/+/master/GCC_4_9_DEPRECATION.md


Android GCC has been deprecated in favor of Clang, and will be removed from
Android in 2020-01 as per the deprecation plan in:
https://android.googlesource.com/platform/prebuilts/clang/host/linux-x86/+/master/GCC_4_9_DEPRECATION.md


  CC      drivers/of/platform.o
  CC      drivers/pwm/pwm-samsung.o
Android GCC has been deprecated in favor of Clang, and will be removed from
Android in 2020-01 as per the deprecation plan in:
https://android.googlesource.com/platform/prebuilts/clang/host/linux-x86/+/master/GCC_4_9_DEPRECATION.md


  CC      drivers/pinctrl/pinctrl-samsung.o
Android GCC has been deprecated in favor of Clang, and will be removed from
Android in 2020-01 as per the deprecation plan in:
https://android.googlesource.com/platform/prebuilts/clang/host/linux-x86/+/master/GCC_4_9_DEPRECATION.md


  CC      drivers/media/v4l2-core/v4l2-of.o
Android GCC has been deprecated in favor of Clang, and will be removed from
Android in 2020-01 as per the deprecation plan in:
https://android.googlesource.com/platform/prebuilts/clang/host/linux-x86/+/master/GCC_4_9_DEPRECATION.md


  CC      fs/proc/proc_net.o
  CC      drivers/pci/pci.o
Android GCC has been deprecated in favor of Clang, and will be removed from
Android in 2020-01 as per the deprecation plan in:
https://android.googlesource.com/platform/prebuilts/clang/host/linux-x86/+/master/GCC_4_9_DEPRECATION.md


  CC      drivers/regulator/dummy.o
Android GCC has been deprecated in favor of Clang, and will be removed from
Android in 2020-01 as per the deprecation plan in:
https://android.googlesource.com/platform/prebuilts/clang/host/linux-x86/+/master/GCC_4_9_DEPRECATION.md


Android GCC has been deprecated in favor of Clang, and will be removed from
Android in 2020-01 as per the deprecation plan in:
https://android.googlesource.com/platform/prebuilts/clang/host/linux-x86/+/master/GCC_4_9_DEPRECATION.md


Android GCC has been deprecated in favor of Clang, and will be removed from
Android in 2020-01 as per the deprecation plan in:
https://android.googlesource.com/platform/prebuilts/clang/host/linux-x86/+/master/GCC_4_9_DEPRECATION.md


  CC      drivers/net/wireless/bcmdhd4358/dhd_custom_memprealloc.o
  LD      fs/ramfs/ramfs.o
Android GCC has been deprecated in favor of Clang, and will be removed from
Android in 2020-01 as per the deprecation plan in:
https://android.googlesource.com/platform/prebuilts/clang/host/linux-x86/+/master/GCC_4_9_DEPRECATION.md


  LD      fs/ramfs/built-in.o
Android GCC has been deprecated in favor of Clang, and will be removed from
Android in 2020-01 as per the deprecation plan in:
https://android.googlesource.com/platform/prebuilts/clang/host/linux-x86/+/master/GCC_4_9_DEPRECATION.md


  CC      drivers/gpu/arm/t7xx/r22p0/backend/gpu/mali_kbase_pm_demand.o
  CC      drivers/rtc/rtc-lib.o
Android GCC has been deprecated in favor of Clang, and will be removed from
Android in 2020-01 as per the deprecation plan in:
https://android.googlesource.com/platform/prebuilts/clang/host/linux-x86/+/master/GCC_4_9_DEPRECATION.md


In file included from include/trace/define_trace.h:86:0,
                 from include/trace/events/regulator.h:141,
                 from drivers/regulator/core.c:36:
include/trace/events/regulator.h: In function 'perf_trace_regulator_basic':
include/trace/ftrace.h:653:6: warning: unused variable '__addr' [-Wunused-variable]
  u64 __addr = 0, __count = 1;     \
      ^
include/trace/events/regulator.h:14:1: note: in expansion of macro 'DECLARE_EVENT_CLASS'
 DECLARE_EVENT_CLASS(regulator_basic,
 ^
include/trace/events/regulator.h: In function 'perf_trace_regulator_range':
include/trace/ftrace.h:653:6: warning: unused variable '__addr' [-Wunused-variable]
  u64 __addr = 0, __count = 1;     \
      ^
include/trace/events/regulator.h:76:1: note: in expansion of macro 'DECLARE_EVENT_CLASS'
 DECLARE_EVENT_CLASS(regulator_range,
 ^
include/trace/events/regulator.h: In function 'perf_trace_regulator_value':
include/trace/ftrace.h:653:6: warning: unused variable '__addr' [-Wunused-variable]
  u64 __addr = 0, __count = 1;     \
      ^
include/trace/events/regulator.h:110:1: note: in expansion of macro 'DECLARE_EVENT_CLASS'
 DECLARE_EVENT_CLASS(regulator_value,
 ^
Android GCC has been deprecated in favor of Clang, and will be removed from
Android in 2020-01 as per the deprecation plan in:
https://android.googlesource.com/platform/prebuilts/clang/host/linux-x86/+/master/GCC_4_9_DEPRECATION.md


  CC      fs/sdcardfs/inode.o
Android GCC has been deprecated in favor of Clang, and will be removed from
Android in 2020-01 as per the deprecation plan in:
https://android.googlesource.com/platform/prebuilts/clang/host/linux-x86/+/master/GCC_4_9_DEPRECATION.md


  CC      drivers/mmc/core/debugfs.o
Android GCC has been deprecated in favor of Clang, and will be removed from
Android in 2020-01 as per the deprecation plan in:
https://android.googlesource.com/platform/prebuilts/clang/host/linux-x86/+/master/GCC_4_9_DEPRECATION.md


  CC      fs/sdfat/sdfat.o
  CC      fs/ext4/move_extent.o
Android GCC has been deprecated in favor of Clang, and will be removed from
Android in 2020-01 as per the deprecation plan in:
https://android.googlesource.com/platform/prebuilts/clang/host/linux-x86/+/master/GCC_4_9_DEPRECATION.md


Android GCC has been deprecated in favor of Clang, and will be removed from
Android in 2020-01 as per the deprecation plan in:
https://android.googlesource.com/platform/prebuilts/clang/host/linux-x86/+/master/GCC_4_9_DEPRECATION.md


Android GCC has been deprecated in favor of Clang, and will be removed from
Android in 2020-01 as per the deprecation plan in:
https://android.googlesource.com/platform/prebuilts/clang/host/linux-x86/+/master/GCC_4_9_DEPRECATION.md


  CC      drivers/regulator/fixed-helper.o
  CC      net/netfilter/xt_limit.o
Android GCC has been deprecated in favor of Clang, and will be removed from
Android in 2020-01 as per the deprecation plan in:
https://android.googlesource.com/platform/prebuilts/clang/host/linux-x86/+/master/GCC_4_9_DEPRECATION.md


  CC      drivers/media/platform/exynos/fimc-is/fimc-is-hw-csi.o
  LD      fs/romfs/romfs.o
  CC      fs/sysfs/inode.o
Android GCC has been deprecated in favor of Clang, and will be removed from
Android in 2020-01 as per the deprecation plan in:
https://android.googlesource.com/platform/prebuilts/clang/host/linux-x86/+/master/GCC_4_9_DEPRECATION.md


  LD      fs/romfs/built-in.o
Android GCC has been deprecated in favor of Clang, and will be removed from
Android in 2020-01 as per the deprecation plan in:
https://android.googlesource.com/platform/prebuilts/clang/host/linux-x86/+/master/GCC_4_9_DEPRECATION.md


  CC      drivers/rtc/hctosys.o
Android GCC has been deprecated in favor of Clang, and will be removed from
Android in 2020-01 as per the deprecation plan in:
https://android.googlesource.com/platform/prebuilts/clang/host/linux-x86/+/master/GCC_4_9_DEPRECATION.md


  CC      drivers/media/v4l2-core/v4l2-common.o
  CC      drivers/regulator/of_regulator.o
Android GCC has been deprecated in favor of Clang, and will be removed from
Android in 2020-01 as per the deprecation plan in:
https://android.googlesource.com/platform/prebuilts/clang/host/linux-x86/+/master/GCC_4_9_DEPRECATION.md


Android GCC has been deprecated in favor of Clang, and will be removed from
Android in 2020-01 as per the deprecation plan in:
https://android.googlesource.com/platform/prebuilts/clang/host/linux-x86/+/master/GCC_4_9_DEPRECATION.md


Android GCC has been deprecated in favor of Clang, and will be removed from
Android in 2020-01 as per the deprecation plan in:
https://android.googlesource.com/platform/prebuilts/clang/host/linux-x86/+/master/GCC_4_9_DEPRECATION.md


Android GCC has been deprecated in favor of Clang, and will be removed from
Android in 2020-01 as per the deprecation plan in:
https://android.googlesource.com/platform/prebuilts/clang/host/linux-x86/+/master/GCC_4_9_DEPRECATION.md


Android GCC has been deprecated in favor of Clang, and will be removed from
Android in 2020-01 as per the deprecation plan in:
https://android.googlesource.com/platform/prebuilts/clang/host/linux-x86/+/master/GCC_4_9_DEPRECATION.md


Android GCC has been deprecated in favor of Clang, and will be removed from
Android in 2020-01 as per the deprecation plan in:
https://android.googlesource.com/platform/prebuilts/clang/host/linux-x86/+/master/GCC_4_9_DEPRECATION.md


Android GCC has been deprecated in favor of Clang, and will be removed from
Android in 2020-01 as per the deprecation plan in:
https://android.googlesource.com/platform/prebuilts/clang/host/linux-x86/+/master/GCC_4_9_DEPRECATION.md


Android GCC has been deprecated in favor of Clang, and will be removed from
Android in 2020-01 as per the deprecation plan in:
https://android.googlesource.com/platform/prebuilts/clang/host/linux-x86/+/master/GCC_4_9_DEPRECATION.md


  CC      drivers/gpu/arm/t7xx/r22p0/backend/gpu/mali_kbase_pm_policy.o
Android GCC has been deprecated in favor of Clang, and will be removed from
Android in 2020-01 as per the deprecation plan in:
https://android.googlesource.com/platform/prebuilts/clang/host/linux-x86/+/master/GCC_4_9_DEPRECATION.md


  LD      drivers/pwm/built-in.o
  CC      net/ipv4/netfilter/nf_nat_pptp.o
  CC      fs/sysfs/file.o
  CC      drivers/rtc/systohc.o
Android GCC has been deprecated in favor of Clang, and will be removed from
Android in 2020-01 as per the deprecation plan in:
https://android.googlesource.com/platform/prebuilts/clang/host/linux-x86/+/master/GCC_4_9_DEPRECATION.md


  CC      drivers/of/of_i2c.o
Android GCC has been deprecated in favor of Clang, and will be removed from
Android in 2020-01 as per the deprecation plan in:
https://android.googlesource.com/platform/prebuilts/clang/host/linux-x86/+/master/GCC_4_9_DEPRECATION.md


  CC      fs/proc/proc_devtree.o
Android GCC has been deprecated in favor of Clang, and will be removed from
Android in 2020-01 as per the deprecation plan in:
https://android.googlesource.com/platform/prebuilts/clang/host/linux-x86/+/master/GCC_4_9_DEPRECATION.md


  LD      drivers/mmc/core/mmc_core.o
Android GCC has been deprecated in favor of Clang, and will be removed from
Android in 2020-01 as per the deprecation plan in:
https://android.googlesource.com/platform/prebuilts/clang/host/linux-x86/+/master/GCC_4_9_DEPRECATION.md


  CC      drivers/media/platform/exynos/fimc-is/fimc-is-hw-ischain.o
Android GCC has been deprecated in favor of Clang, and will be removed from
Android in 2020-01 as per the deprecation plan in:
https://android.googlesource.com/platform/prebuilts/clang/host/linux-x86/+/master/GCC_4_9_DEPRECATION.md


  CC      drivers/regulator/fixed.o
  LD      drivers/mmc/core/built-in.o
Android GCC has been deprecated in favor of Clang, and will be removed from
Android in 2020-01 as per the deprecation plan in:
https://android.googlesource.com/platform/prebuilts/clang/host/linux-x86/+/master/GCC_4_9_DEPRECATION.md


  CC      drivers/pci/pci-driver.o
Android GCC has been deprecated in favor of Clang, and will be removed from
Android in 2020-01 as per the deprecation plan in:
https://android.googlesource.com/platform/prebuilts/clang/host/linux-x86/+/master/GCC_4_9_DEPRECATION.md


  LD      drivers/mmc/built-in.o
Android GCC has been deprecated in favor of Clang, and will be removed from
Android in 2020-01 as per the deprecation plan in:
https://android.googlesource.com/platform/prebuilts/clang/host/linux-x86/+/master/GCC_4_9_DEPRECATION.md


  CC      fs/sysfs/dir.o
  CC      drivers/rtc/class.o
Android GCC has been deprecated in favor of Clang, and will be removed from
Android in 2020-01 as per the deprecation plan in:
https://android.googlesource.com/platform/prebuilts/clang/host/linux-x86/+/master/GCC_4_9_DEPRECATION.md


Android GCC has been deprecated in favor of Clang, and will be removed from
Android in 2020-01 as per the deprecation plan in:
https://android.googlesource.com/platform/prebuilts/clang/host/linux-x86/+/master/GCC_4_9_DEPRECATION.md


  CC      net/netfilter/xt_mac.o
  CC      drivers/gpu/arm/t7xx/r22p0/backend/gpu/mali_kbase_time.o
Android GCC has been deprecated in favor of Clang, and will be removed from
Android in 2020-01 as per the deprecation plan in:
https://android.googlesource.com/platform/prebuilts/clang/host/linux-x86/+/master/GCC_4_9_DEPRECATION.md


Android GCC has been deprecated in favor of Clang, and will be removed from
Android in 2020-01 as per the deprecation plan in:
https://android.googlesource.com/platform/prebuilts/clang/host/linux-x86/+/master/GCC_4_9_DEPRECATION.md


  CC      drivers/net/wireless/bcmdhd4358/dhd_custom_gpio.o
Android GCC has been deprecated in favor of Clang, and will be removed from
Android in 2020-01 as per the deprecation plan in:
https://android.googlesource.com/platform/prebuilts/clang/host/linux-x86/+/master/GCC_4_9_DEPRECATION.md


Android GCC has been deprecated in favor of Clang, and will be removed from
Android in 2020-01 as per the deprecation plan in:
https://android.googlesource.com/platform/prebuilts/clang/host/linux-x86/+/master/GCC_4_9_DEPRECATION.md


  CC      drivers/net/wireless/bcmdhd4358/dhd_custom_sec.o
Android GCC has been deprecated in favor of Clang, and will be removed from
Android in 2020-01 as per the deprecation plan in:
https://android.googlesource.com/platform/prebuilts/clang/host/linux-x86/+/master/GCC_4_9_DEPRECATION.md


  CC      drivers/pinctrl/pinctrl-exynos.o
Android GCC has been deprecated in favor of Clang, and will be removed from
Android in 2020-01 as per the deprecation plan in:
https://android.googlesource.com/platform/prebuilts/clang/host/linux-x86/+/master/GCC_4_9_DEPRECATION.md


  CC      fs/sdcardfs/main.o
Android GCC has been deprecated in favor of Clang, and will be removed from
Android in 2020-01 as per the deprecation plan in:
https://android.googlesource.com/platform/prebuilts/clang/host/linux-x86/+/master/GCC_4_9_DEPRECATION.md


  CC      drivers/media/v4l2-core/v4l2-mem2mem.o
Android GCC has been deprecated in favor of Clang, and will be removed from
Android in 2020-01 as per the deprecation plan in:
https://android.googlesource.com/platform/prebuilts/clang/host/linux-x86/+/master/GCC_4_9_DEPRECATION.md


Android GCC has been deprecated in favor of Clang, and will be removed from
Android in 2020-01 as per the deprecation plan in:
https://android.googlesource.com/platform/prebuilts/clang/host/linux-x86/+/master/GCC_4_9_DEPRECATION.md


Android GCC has been deprecated in favor of Clang, and will be removed from
Android in 2020-01 as per the deprecation plan in:
https://android.googlesource.com/platform/prebuilts/clang/host/linux-x86/+/master/GCC_4_9_DEPRECATION.md


  CC      fs/proc/kmsg.o
Android GCC has been deprecated in favor of Clang, and will be removed from
Android in 2020-01 as per the deprecation plan in:
https://android.googlesource.com/platform/prebuilts/clang/host/linux-x86/+/master/GCC_4_9_DEPRECATION.md


Android GCC has been deprecated in favor of Clang, and will be removed from
Android in 2020-01 as per the deprecation plan in:
https://android.googlesource.com/platform/prebuilts/clang/host/linux-x86/+/master/GCC_4_9_DEPRECATION.md


  CC      drivers/net/wireless/bcmdhd4358/dhd_linux.o
  CC      drivers/of/of_net.o
Android GCC has been deprecated in favor of Clang, and will be removed from
Android in 2020-01 as per the deprecation plan in:
https://android.googlesource.com/platform/prebuilts/clang/host/linux-x86/+/master/GCC_4_9_DEPRECATION.md


Android GCC has been deprecated in favor of Clang, and will be removed from
Android in 2020-01 as per the deprecation plan in:
https://android.googlesource.com/platform/prebuilts/clang/host/linux-x86/+/master/GCC_4_9_DEPRECATION.md


Android GCC has been deprecated in favor of Clang, and will be removed from
Android in 2020-01 as per the deprecation plan in:
https://android.googlesource.com/platform/prebuilts/clang/host/linux-x86/+/master/GCC_4_9_DEPRECATION.md


  CC      net/ipv4/netfilter/nf_nat_proto_gre.o
  CC      net/ipv4/netfilter/ip_tables.o
Android GCC has been deprecated in favor of Clang, and will be removed from
Android in 2020-01 as per the deprecation plan in:
https://android.googlesource.com/platform/prebuilts/clang/host/linux-x86/+/master/GCC_4_9_DEPRECATION.md


Android GCC has been deprecated in favor of Clang, and will be removed from
Android in 2020-01 as per the deprecation plan in:
https://android.googlesource.com/platform/prebuilts/clang/host/linux-x86/+/master/GCC_4_9_DEPRECATION.md


  CC      drivers/media/platform/exynos/fimc-is/fimc-is-subdev-ctrl.o
Android GCC has been deprecated in favor of Clang, and will be removed from
Android in 2020-01 as per the deprecation plan in:
https://android.googlesource.com/platform/prebuilts/clang/host/linux-x86/+/master/GCC_4_9_DEPRECATION.md


  CC      drivers/net/wireless/bcmdhd4358/dhd_linux_sched.o
Android GCC has been deprecated in favor of Clang, and will be removed from
Android in 2020-01 as per the deprecation plan in:
https://android.googlesource.com/platform/prebuilts/clang/host/linux-x86/+/master/GCC_4_9_DEPRECATION.md


  CC      net/netfilter/xt_owner.o
  CC      fs/ext4/mmp.o
Android GCC has been deprecated in favor of Clang, and will be removed from
Android in 2020-01 as per the deprecation plan in:
https://android.googlesource.com/platform/prebuilts/clang/host/linux-x86/+/master/GCC_4_9_DEPRECATION.md


Android GCC has been deprecated in favor of Clang, and will be removed from
Android in 2020-01 as per the deprecation plan in:
https://android.googlesource.com/platform/prebuilts/clang/host/linux-x86/+/master/GCC_4_9_DEPRECATION.md


Android GCC has been deprecated in favor of Clang, and will be removed from
Android in 2020-01 as per the deprecation plan in:
https://android.googlesource.com/platform/prebuilts/clang/host/linux-x86/+/master/GCC_4_9_DEPRECATION.md


  CC      drivers/regulator/arizona-micsupp.o
  CC      drivers/rtc/interface.o
  CC      fs/proc/page.o
  CC      drivers/gpu/arm/t7xx/r22p0/platform/exynos/gpu_integration_callbacks.o
Android GCC has been deprecated in favor of Clang, and will be removed from
Android in 2020-01 as per the deprecation plan in:
https://android.googlesource.com/platform/prebuilts/clang/host/linux-x86/+/master/GCC_4_9_DEPRECATION.md


Android GCC has been deprecated in favor of Clang, and will be removed from
Android in 2020-01 as per the deprecation plan in:
https://android.googlesource.com/platform/prebuilts/clang/host/linux-x86/+/master/GCC_4_9_DEPRECATION.md


Android GCC has been deprecated in favor of Clang, and will be removed from
Android in 2020-01 as per the deprecation plan in:
https://android.googlesource.com/platform/prebuilts/clang/host/linux-x86/+/master/GCC_4_9_DEPRECATION.md


Android GCC has been deprecated in favor of Clang, and will be removed from
Android in 2020-01 as per the deprecation plan in:
https://android.googlesource.com/platform/prebuilts/clang/host/linux-x86/+/master/GCC_4_9_DEPRECATION.md


  CC      drivers/pinctrl/secgpio_dvs.o
  CC      drivers/gpu/arm/t7xx/r22p0/platform/exynos/mali_kbase_platform.o
Android GCC has been deprecated in favor of Clang, and will be removed from
Android in 2020-01 as per the deprecation plan in:
https://android.googlesource.com/platform/prebuilts/clang/host/linux-x86/+/master/GCC_4_9_DEPRECATION.md


Android GCC has been deprecated in favor of Clang, and will be removed from
Android in 2020-01 as per the deprecation plan in:
https://android.googlesource.com/platform/prebuilts/clang/host/linux-x86/+/master/GCC_4_9_DEPRECATION.md


Android GCC has been deprecated in favor of Clang, and will be removed from
Android in 2020-01 as per the deprecation plan in:
https://android.googlesource.com/platform/prebuilts/clang/host/linux-x86/+/master/GCC_4_9_DEPRECATION.md


Android GCC has been deprecated in favor of Clang, and will be removed from
Android in 2020-01 as per the deprecation plan in:
https://android.googlesource.com/platform/prebuilts/clang/host/linux-x86/+/master/GCC_4_9_DEPRECATION.md


Android GCC has been deprecated in favor of Clang, and will be removed from
Android in 2020-01 as per the deprecation plan in:
https://android.googlesource.com/platform/prebuilts/clang/host/linux-x86/+/master/GCC_4_9_DEPRECATION.md


Android GCC has been deprecated in favor of Clang, and will be removed from
Android in 2020-01 as per the deprecation plan in:
https://android.googlesource.com/platform/prebuilts/clang/host/linux-x86/+/master/GCC_4_9_DEPRECATION.md


  CC      drivers/gpu/arm/t7xx/r22p0/platform/exynos/gpu_notifier.o
Android GCC has been deprecated in favor of Clang, and will be removed from
Android in 2020-01 as per the deprecation plan in:
https://android.googlesource.com/platform/prebuilts/clang/host/linux-x86/+/master/GCC_4_9_DEPRECATION.md


Android GCC has been deprecated in favor of Clang, and will be removed from
Android in 2020-01 as per the deprecation plan in:
https://android.googlesource.com/platform/prebuilts/clang/host/linux-x86/+/master/GCC_4_9_DEPRECATION.md


  CC      fs/sdcardfs/super.o
Android GCC has been deprecated in favor of Clang, and will be removed from
Android in 2020-01 as per the deprecation plan in:
https://android.googlesource.com/platform/prebuilts/clang/host/linux-x86/+/master/GCC_4_9_DEPRECATION.md


Android GCC has been deprecated in favor of Clang, and will be removed from
Android in 2020-01 as per the deprecation plan in:
https://android.googlesource.com/platform/prebuilts/clang/host/linux-x86/+/master/GCC_4_9_DEPRECATION.md


Android GCC has been deprecated in favor of Clang, and will be removed from
Android in 2020-01 as per the deprecation plan in:
https://android.googlesource.com/platform/prebuilts/clang/host/linux-x86/+/master/GCC_4_9_DEPRECATION.md


  CC      fs/sysfs/symlink.o
Android GCC has been deprecated in favor of Clang, and will be removed from
Android in 2020-01 as per the deprecation plan in:
https://android.googlesource.com/platform/prebuilts/clang/host/linux-x86/+/master/GCC_4_9_DEPRECATION.md


  CC      drivers/net/usb/cdc_subset.o
  CC      drivers/media/platform/exynos/fimc-is/fimc-is-device-csi.o
Android GCC has been deprecated in favor of Clang, and will be removed from
Android in 2020-01 as per the deprecation plan in:
https://android.googlesource.com/platform/prebuilts/clang/host/linux-x86/+/master/GCC_4_9_DEPRECATION.md


Android GCC has been deprecated in favor of Clang, and will be removed from
Android in 2020-01 as per the deprecation plan in:
https://android.googlesource.com/platform/prebuilts/clang/host/linux-x86/+/master/GCC_4_9_DEPRECATION.md


Android GCC has been deprecated in favor of Clang, and will be removed from
Android in 2020-01 as per the deprecation plan in:
https://android.googlesource.com/platform/prebuilts/clang/host/linux-x86/+/master/GCC_4_9_DEPRECATION.md


  LD      fs/proc/proc.o
  CC      drivers/media/v4l2-core/videobuf2-core.o
Android GCC has been deprecated in favor of Clang, and will be removed from
Android in 2020-01 as per the deprecation plan in:
https://android.googlesource.com/platform/prebuilts/clang/host/linux-x86/+/master/GCC_4_9_DEPRECATION.md


  CC      drivers/media/platform/exynos/fimc-is/fimc-is-device-flite.o
Android GCC has been deprecated in favor of Clang, and will be removed from
Android in 2020-01 as per the deprecation plan in:
https://android.googlesource.com/platform/prebuilts/clang/host/linux-x86/+/master/GCC_4_9_DEPRECATION.md


  CC      drivers/media/platform/exynos/fimc-is/fimc-is-device-sensor.o
  LD      fs/proc/built-in.o
  CC      net/ipv4/xfrm4_policy.o
  CC      fs/ext4/indirect.o
  CC      net/netfilter/xt_pkttype.o
Android GCC has been deprecated in favor of Clang, and will be removed from
Android in 2020-01 as per the deprecation plan in:
https://android.googlesource.com/platform/prebuilts/clang/host/linux-x86/+/master/GCC_4_9_DEPRECATION.md


  CC      drivers/net/wireless/bcmdhd4358/dhd_custom_exynos.o
Android GCC has been deprecated in favor of Clang, and will be removed from
Android in 2020-01 as per the deprecation plan in:
https://android.googlesource.com/platform/prebuilts/clang/host/linux-x86/+/master/GCC_4_9_DEPRECATION.md


Android GCC has been deprecated in favor of Clang, and will be removed from
Android in 2020-01 as per the deprecation plan in:
https://android.googlesource.com/platform/prebuilts/clang/host/linux-x86/+/master/GCC_4_9_DEPRECATION.md


  CC      drivers/of/of_mdio.o
Android GCC has been deprecated in favor of Clang, and will be removed from
Android in 2020-01 as per the deprecation plan in:
https://android.googlesource.com/platform/prebuilts/clang/host/linux-x86/+/master/GCC_4_9_DEPRECATION.md


Android GCC has been deprecated in favor of Clang, and will be removed from
Android in 2020-01 as per the deprecation plan in:
https://android.googlesource.com/platform/prebuilts/clang/host/linux-x86/+/master/GCC_4_9_DEPRECATION.md


  LD      drivers/pinctrl/built-in.o
Android GCC has been deprecated in favor of Clang, and will be removed from
Android in 2020-01 as per the deprecation plan in:
https://android.googlesource.com/platform/prebuilts/clang/host/linux-x86/+/master/GCC_4_9_DEPRECATION.md


Android GCC has been deprecated in favor of Clang, and will be removed from
Android in 2020-01 as per the deprecation plan in:
https://android.googlesource.com/platform/prebuilts/clang/host/linux-x86/+/master/GCC_4_9_DEPRECATION.md


  LD      drivers/gpu/arm/t7xx/r22p0/mali_kbase.o
  CC      drivers/pci/search.o
Android GCC has been deprecated in favor of Clang, and will be removed from
Android in 2020-01 as per the deprecation plan in:
https://android.googlesource.com/platform/prebuilts/clang/host/linux-x86/+/master/GCC_4_9_DEPRECATION.md


  CC      drivers/media/v4l2-core/videobuf2-memops.o
Android GCC has been deprecated in favor of Clang, and will be removed from
Android in 2020-01 as per the deprecation plan in:
https://android.googlesource.com/platform/prebuilts/clang/host/linux-x86/+/master/GCC_4_9_DEPRECATION.md


  CC      net/ipv4/xfrm4_state.o
Android GCC has been deprecated in favor of Clang, and will be removed from
Android in 2020-01 as per the deprecation plan in:
https://android.googlesource.com/platform/prebuilts/clang/host/linux-x86/+/master/GCC_4_9_DEPRECATION.md


  CC      drivers/media/v4l2-core/videobuf2-ion.o
Android GCC has been deprecated in favor of Clang, and will be removed from
Android in 2020-01 as per the deprecation plan in:
https://android.googlesource.com/platform/prebuilts/clang/host/linux-x86/+/master/GCC_4_9_DEPRECATION.md


Android GCC has been deprecated in favor of Clang, and will be removed from
Android in 2020-01 as per the deprecation plan in:
https://android.googlesource.com/platform/prebuilts/clang/host/linux-x86/+/master/GCC_4_9_DEPRECATION.md


  CC      drivers/net/usb/zaurus.o
  CC      drivers/regulator/arizona-ldo1.o
Android GCC has been deprecated in favor of Clang, and will be removed from
Android in 2020-01 as per the deprecation plan in:
https://android.googlesource.com/platform/prebuilts/clang/host/linux-x86/+/master/GCC_4_9_DEPRECATION.md


  CC      drivers/rtc/rtc-dev.o
Android GCC has been deprecated in favor of Clang, and will be removed from
Android in 2020-01 as per the deprecation plan in:
https://android.googlesource.com/platform/prebuilts/clang/host/linux-x86/+/master/GCC_4_9_DEPRECATION.md


Android GCC has been deprecated in favor of Clang, and will be removed from
Android in 2020-01 as per the deprecation plan in:
https://android.googlesource.com/platform/prebuilts/clang/host/linux-x86/+/master/GCC_4_9_DEPRECATION.md


  CC      fs/sdfat/core.o
Android GCC has been deprecated in favor of Clang, and will be removed from
Android in 2020-01 as per the deprecation plan in:
https://android.googlesource.com/platform/prebuilts/clang/host/linux-x86/+/master/GCC_4_9_DEPRECATION.md


Android GCC has been deprecated in favor of Clang, and will be removed from
Android in 2020-01 as per the deprecation plan in:
https://android.googlesource.com/platform/prebuilts/clang/host/linux-x86/+/master/GCC_4_9_DEPRECATION.md


  CC      fs/sdcardfs/lookup.o
  CC      fs/sysfs/mount.o
Android GCC has been deprecated in favor of Clang, and will be removed from
Android in 2020-01 as per the deprecation plan in:
https://android.googlesource.com/platform/prebuilts/clang/host/linux-x86/+/master/GCC_4_9_DEPRECATION.md


  CC      drivers/gpu/arm/t7xx/r22p0/platform/exynos/gpu_exynos5433.o
Android GCC has been deprecated in favor of Clang, and will be removed from
Android in 2020-01 as per the deprecation plan in:
https://android.googlesource.com/platform/prebuilts/clang/host/linux-x86/+/master/GCC_4_9_DEPRECATION.md


Android GCC has been deprecated in favor of Clang, and will be removed from
Android in 2020-01 as per the deprecation plan in:
https://android.googlesource.com/platform/prebuilts/clang/host/linux-x86/+/master/GCC_4_9_DEPRECATION.md


Android GCC has been deprecated in favor of Clang, and will be removed from
Android in 2020-01 as per the deprecation plan in:
https://android.googlesource.com/platform/prebuilts/clang/host/linux-x86/+/master/GCC_4_9_DEPRECATION.md


  CC      drivers/of/of_pci.o
  CC      drivers/net/wireless/bcmdhd4358/dhd_cfg80211.o
Android GCC has been deprecated in favor of Clang, and will be removed from
Android in 2020-01 as per the deprecation plan in:
https://android.googlesource.com/platform/prebuilts/clang/host/linux-x86/+/master/GCC_4_9_DEPRECATION.md


Android GCC has been deprecated in favor of Clang, and will be removed from
Android in 2020-01 as per the deprecation plan in:
https://android.googlesource.com/platform/prebuilts/clang/host/linux-x86/+/master/GCC_4_9_DEPRECATION.md


Android GCC has been deprecated in favor of Clang, and will be removed from
Android in 2020-01 as per the deprecation plan in:
https://android.googlesource.com/platform/prebuilts/clang/host/linux-x86/+/master/GCC_4_9_DEPRECATION.md


Android GCC has been deprecated in favor of Clang, and will be removed from
Android in 2020-01 as per the deprecation plan in:
https://android.googlesource.com/platform/prebuilts/clang/host/linux-x86/+/master/GCC_4_9_DEPRECATION.md


Android GCC has been deprecated in favor of Clang, and will be removed from
Android in 2020-01 as per the deprecation plan in:
https://android.googlesource.com/platform/prebuilts/clang/host/linux-x86/+/master/GCC_4_9_DEPRECATION.md


  CC      net/netfilter/xt_policy.o
Android GCC has been deprecated in favor of Clang, and will be removed from
Android in 2020-01 as per the deprecation plan in:
https://android.googlesource.com/platform/prebuilts/clang/host/linux-x86/+/master/GCC_4_9_DEPRECATION.md


Android GCC has been deprecated in favor of Clang, and will be removed from
Android in 2020-01 as per the deprecation plan in:
https://android.googlesource.com/platform/prebuilts/clang/host/linux-x86/+/master/GCC_4_9_DEPRECATION.md


  CC      drivers/regulator/max77843.o
  CC      drivers/rtc/rtc-proc.o
  CC      fs/ext4/extents_status.o
Android GCC has been deprecated in favor of Clang, and will be removed from
Android in 2020-01 as per the deprecation plan in:
https://android.googlesource.com/platform/prebuilts/clang/host/linux-x86/+/master/GCC_4_9_DEPRECATION.md


  CC      drivers/net/wireless/bcmdhd4358/dhd_linux_wq.o
Android GCC has been deprecated in favor of Clang, and will be removed from
Android in 2020-01 as per the deprecation plan in:
https://android.googlesource.com/platform/prebuilts/clang/host/linux-x86/+/master/GCC_4_9_DEPRECATION.md


Android GCC has been deprecated in favor of Clang, and will be removed from
Android in 2020-01 as per the deprecation plan in:
https://android.googlesource.com/platform/prebuilts/clang/host/linux-x86/+/master/GCC_4_9_DEPRECATION.md


Android GCC has been deprecated in favor of Clang, and will be removed from
Android in 2020-01 as per the deprecation plan in:
https://android.googlesource.com/platform/prebuilts/clang/host/linux-x86/+/master/GCC_4_9_DEPRECATION.md


  CC      fs/eventpoll.o
  CC      drivers/pci/pci-sysfs.o
  CC      drivers/net/wireless/bcmdhd4358/aiutils.o
  CC      net/netfilter/xt_quota.o
Android GCC has been deprecated in favor of Clang, and will be removed from
Android in 2020-01 as per the deprecation plan in:
https://android.googlesource.com/platform/prebuilts/clang/host/linux-x86/+/master/GCC_4_9_DEPRECATION.md


Android GCC has been deprecated in favor of Clang, and will be removed from
Android in 2020-01 as per the deprecation plan in:
https://android.googlesource.com/platform/prebuilts/clang/host/linux-x86/+/master/GCC_4_9_DEPRECATION.md


  CC      drivers/net/wireless/bcmdhd4358/bcmevent.o
Android GCC has been deprecated in favor of Clang, and will be removed from
Android in 2020-01 as per the deprecation plan in:
https://android.googlesource.com/platform/prebuilts/clang/host/linux-x86/+/master/GCC_4_9_DEPRECATION.md


Android GCC has been deprecated in favor of Clang, and will be removed from
Android in 2020-01 as per the deprecation plan in:
https://android.googlesource.com/platform/prebuilts/clang/host/linux-x86/+/master/GCC_4_9_DEPRECATION.md


Android GCC has been deprecated in favor of Clang, and will be removed from
Android in 2020-01 as per the deprecation plan in:
https://android.googlesource.com/platform/prebuilts/clang/host/linux-x86/+/master/GCC_4_9_DEPRECATION.md


Android GCC has been deprecated in favor of Clang, and will be removed from
Android in 2020-01 as per the deprecation plan in:
https://android.googlesource.com/platform/prebuilts/clang/host/linux-x86/+/master/GCC_4_9_DEPRECATION.md


  CC      fs/sdcardfs/mmap.o
  CC      net/ipv4/netfilter/iptable_filter.o
Android GCC has been deprecated in favor of Clang, and will be removed from
Android in 2020-01 as per the deprecation plan in:
https://android.googlesource.com/platform/prebuilts/clang/host/linux-x86/+/master/GCC_4_9_DEPRECATION.md


Android GCC has been deprecated in favor of Clang, and will be removed from
Android in 2020-01 as per the deprecation plan in:
https://android.googlesource.com/platform/prebuilts/clang/host/linux-x86/+/master/GCC_4_9_DEPRECATION.md


Android GCC has been deprecated in favor of Clang, and will be removed from
Android in 2020-01 as per the deprecation plan in:
https://android.googlesource.com/platform/prebuilts/clang/host/linux-x86/+/master/GCC_4_9_DEPRECATION.md


Android GCC has been deprecated in favor of Clang, and will be removed from
Android in 2020-01 as per the deprecation plan in:
https://android.googlesource.com/platform/prebuilts/clang/host/linux-x86/+/master/GCC_4_9_DEPRECATION.md


  CC      fs/sysfs/bin.o
  CC      fs/sysfs/group.o
Android GCC has been deprecated in favor of Clang, and will be removed from
Android in 2020-01 as per the deprecation plan in:
https://android.googlesource.com/platform/prebuilts/clang/host/linux-x86/+/master/GCC_4_9_DEPRECATION.md


Android GCC has been deprecated in favor of Clang, and will be removed from
Android in 2020-01 as per the deprecation plan in:
https://android.googlesource.com/platform/prebuilts/clang/host/linux-x86/+/master/GCC_4_9_DEPRECATION.md


  CC      drivers/rtc/rtc-sysfs.o
  CC      drivers/of/of_pci_irq.o
Android GCC has been deprecated in favor of Clang, and will be removed from
Android in 2020-01 as per the deprecation plan in:
https://android.googlesource.com/platform/prebuilts/clang/host/linux-x86/+/master/GCC_4_9_DEPRECATION.md


  CC      drivers/gpu/arm/t7xx/r22p0/platform/exynos/gpu_control.o
Android GCC has been deprecated in favor of Clang, and will be removed from
Android in 2020-01 as per the deprecation plan in:
https://android.googlesource.com/platform/prebuilts/clang/host/linux-x86/+/master/GCC_4_9_DEPRECATION.md


Android GCC has been deprecated in favor of Clang, and will be removed from
Android in 2020-01 as per the deprecation plan in:
https://android.googlesource.com/platform/prebuilts/clang/host/linux-x86/+/master/GCC_4_9_DEPRECATION.md


  CC      fs/sdcardfs/packagelist.o
  CC      fs/sdcardfs/derived_perm.o
  CC      drivers/net/wireless/bcmdhd4358/bcmutils.o
Android GCC has been deprecated in favor of Clang, and will be removed from
Android in 2020-01 as per the deprecation plan in:
https://android.googlesource.com/platform/prebuilts/clang/host/linux-x86/+/master/GCC_4_9_DEPRECATION.md


Android GCC has been deprecated in favor of Clang, and will be removed from
Android in 2020-01 as per the deprecation plan in:
https://android.googlesource.com/platform/prebuilts/clang/host/linux-x86/+/master/GCC_4_9_DEPRECATION.md


  CC      drivers/regulator/s2mps13.o
Android GCC has been deprecated in favor of Clang, and will be removed from
Android in 2020-01 as per the deprecation plan in:
https://android.googlesource.com/platform/prebuilts/clang/host/linux-x86/+/master/GCC_4_9_DEPRECATION.md


  CC      net/netfilter/xt_quota2.o
Android GCC has been deprecated in favor of Clang, and will be removed from
Android in 2020-01 as per the deprecation plan in:
https://android.googlesource.com/platform/prebuilts/clang/host/linux-x86/+/master/GCC_4_9_DEPRECATION.md


  CC      drivers/media/platform/exynos/fimc-is/fimc-is-device-ischain.o
Android GCC has been deprecated in favor of Clang, and will be removed from
Android in 2020-01 as per the deprecation plan in:
https://android.googlesource.com/platform/prebuilts/clang/host/linux-x86/+/master/GCC_4_9_DEPRECATION.md


  CC      net/ipv4/xfrm4_input.o
  CC      drivers/gpu/arm/t7xx/r22p0/platform/exynos/gpu_pmqos.o
Android GCC has been deprecated in favor of Clang, and will be removed from
Android in 2020-01 as per the deprecation plan in:
https://android.googlesource.com/platform/prebuilts/clang/host/linux-x86/+/master/GCC_4_9_DEPRECATION.md


Android GCC has been deprecated in favor of Clang, and will be removed from
Android in 2020-01 as per the deprecation plan in:
https://android.googlesource.com/platform/prebuilts/clang/host/linux-x86/+/master/GCC_4_9_DEPRECATION.md


Android GCC has been deprecated in favor of Clang, and will be removed from
Android in 2020-01 as per the deprecation plan in:
https://android.googlesource.com/platform/prebuilts/clang/host/linux-x86/+/master/GCC_4_9_DEPRECATION.md


Android GCC has been deprecated in favor of Clang, and will be removed from
Android in 2020-01 as per the deprecation plan in:
https://android.googlesource.com/platform/prebuilts/clang/host/linux-x86/+/master/GCC_4_9_DEPRECATION.md


  CC      drivers/rtc/exynos_persistent_clock.o
  CC      net/ipv4/netfilter/iptable_mangle.o
Android GCC has been deprecated in favor of Clang, and will be removed from
Android in 2020-01 as per the deprecation plan in:
https://android.googlesource.com/platform/prebuilts/clang/host/linux-x86/+/master/GCC_4_9_DEPRECATION.md


Android GCC has been deprecated in favor of Clang, and will be removed from
Android in 2020-01 as per the deprecation plan in:
https://android.googlesource.com/platform/prebuilts/clang/host/linux-x86/+/master/GCC_4_9_DEPRECATION.md


Android GCC has been deprecated in favor of Clang, and will be removed from
Android in 2020-01 as per the deprecation plan in:
https://android.googlesource.com/platform/prebuilts/clang/host/linux-x86/+/master/GCC_4_9_DEPRECATION.md


  CC      fs/sdfat/core_fat.o
Android GCC has been deprecated in favor of Clang, and will be removed from
Android in 2020-01 as per the deprecation plan in:
https://android.googlesource.com/platform/prebuilts/clang/host/linux-x86/+/master/GCC_4_9_DEPRECATION.md


Android GCC has been deprecated in favor of Clang, and will be removed from
Android in 2020-01 as per the deprecation plan in:
https://android.googlesource.com/platform/prebuilts/clang/host/linux-x86/+/master/GCC_4_9_DEPRECATION.md


  CC      net/netfilter/xt_sctp.o
Android GCC has been deprecated in favor of Clang, and will be removed from
Android in 2020-01 as per the deprecation plan in:
https://android.googlesource.com/platform/prebuilts/clang/host/linux-x86/+/master/GCC_4_9_DEPRECATION.md


Android GCC has been deprecated in favor of Clang, and will be removed from
Android in 2020-01 as per the deprecation plan in:
https://android.googlesource.com/platform/prebuilts/clang/host/linux-x86/+/master/GCC_4_9_DEPRECATION.md


  CC      fs/ext4/xattr.o
  CC      drivers/net/usb/usbnet.o
Android GCC has been deprecated in favor of Clang, and will be removed from
Android in 2020-01 as per the deprecation plan in:
https://android.googlesource.com/platform/prebuilts/clang/host/linux-x86/+/master/GCC_4_9_DEPRECATION.md


  CC      drivers/scsi/scsi.o
  CC      drivers/pci/rom.o
Android GCC has been deprecated in favor of Clang, and will be removed from
Android in 2020-01 as per the deprecation plan in:
https://android.googlesource.com/platform/prebuilts/clang/host/linux-x86/+/master/GCC_4_9_DEPRECATION.md


  LD      drivers/of/built-in.o
  CC      drivers/pci/setup-res.o
  LD      fs/sysfs/built-in.o
Android GCC has been deprecated in favor of Clang, and will be removed from
Android in 2020-01 as per the deprecation plan in:
https://android.googlesource.com/platform/prebuilts/clang/host/linux-x86/+/master/GCC_4_9_DEPRECATION.md


Android GCC has been deprecated in favor of Clang, and will be removed from
Android in 2020-01 as per the deprecation plan in:
https://android.googlesource.com/platform/prebuilts/clang/host/linux-x86/+/master/GCC_4_9_DEPRECATION.md


  CC      drivers/scsi/hosts.o
  CC      net/ipv4/xfrm4_output.o
Android GCC has been deprecated in favor of Clang, and will be removed from
Android in 2020-01 as per the deprecation plan in:
https://android.googlesource.com/platform/prebuilts/clang/host/linux-x86/+/master/GCC_4_9_DEPRECATION.md


  CC      drivers/net/wireless/bcmdhd4358/bcmwifi_channels.o
  CC      fs/ext4/xattr_user.o
Android GCC has been deprecated in favor of Clang, and will be removed from
Android in 2020-01 as per the deprecation plan in:
https://android.googlesource.com/platform/prebuilts/clang/host/linux-x86/+/master/GCC_4_9_DEPRECATION.md


Android GCC has been deprecated in favor of Clang, and will be removed from
Android in 2020-01 as per the deprecation plan in:
https://android.googlesource.com/platform/prebuilts/clang/host/linux-x86/+/master/GCC_4_9_DEPRECATION.md


Android GCC has been deprecated in favor of Clang, and will be removed from
Android in 2020-01 as per the deprecation plan in:
https://android.googlesource.com/platform/prebuilts/clang/host/linux-x86/+/master/GCC_4_9_DEPRECATION.md


  LD      drivers/media/v4l2-core/videodev.o
  CC      drivers/rtc/rtc-sec.o
Android GCC has been deprecated in favor of Clang, and will be removed from
Android in 2020-01 as per the deprecation plan in:
https://android.googlesource.com/platform/prebuilts/clang/host/linux-x86/+/master/GCC_4_9_DEPRECATION.md


  LD      drivers/media/v4l2-core/built-in.o
Android GCC has been deprecated in favor of Clang, and will be removed from
Android in 2020-01 as per the deprecation plan in:
https://android.googlesource.com/platform/prebuilts/clang/host/linux-x86/+/master/GCC_4_9_DEPRECATION.md


  CC      drivers/scsi/scsi_ioctl.o
  CC      drivers/pci/irq.o
Android GCC has been deprecated in favor of Clang, and will be removed from
Android in 2020-01 as per the deprecation plan in:
https://android.googlesource.com/platform/prebuilts/clang/host/linux-x86/+/master/GCC_4_9_DEPRECATION.md


  CC      drivers/gpu/arm/t7xx/r22p0/platform/exynos/gpu_utilization.o
Android GCC has been deprecated in favor of Clang, and will be removed from
Android in 2020-01 as per the deprecation plan in:
https://android.googlesource.com/platform/prebuilts/clang/host/linux-x86/+/master/GCC_4_9_DEPRECATION.md


Android GCC has been deprecated in favor of Clang, and will be removed from
Android in 2020-01 as per the deprecation plan in:
https://android.googlesource.com/platform/prebuilts/clang/host/linux-x86/+/master/GCC_4_9_DEPRECATION.md


Android GCC has been deprecated in favor of Clang, and will be removed from
Android in 2020-01 as per the deprecation plan in:
https://android.googlesource.com/platform/prebuilts/clang/host/linux-x86/+/master/GCC_4_9_DEPRECATION.md


  CC      drivers/scsi/constants.o
Android GCC has been deprecated in favor of Clang, and will be removed from
Android in 2020-01 as per the deprecation plan in:
https://android.googlesource.com/platform/prebuilts/clang/host/linux-x86/+/master/GCC_4_9_DEPRECATION.md


Android GCC has been deprecated in favor of Clang, and will be removed from
Android in 2020-01 as per the deprecation plan in:
https://android.googlesource.com/platform/prebuilts/clang/host/linux-x86/+/master/GCC_4_9_DEPRECATION.md


In file included from include/trace/define_trace.h:86:0,
                 from include/trace/events/scsi.h:365,
                 from drivers/scsi/scsi.c:73:
include/trace/events/scsi.h: In function 'perf_trace_scsi_dispatch_cmd_start':
include/trace/ftrace.h:653:6: warning: unused variable '__addr' [-Wunused-variable]
  u64 __addr = 0, __count = 1;     \
      ^
include/trace/ftrace.h:32:2: note: in expansion of macro 'DECLARE_EVENT_CLASS'
  DECLARE_EVENT_CLASS(name,          \
  ^
include/trace/events/scsi.h:201:1: note: in expansion of macro 'TRACE_EVENT'
 TRACE_EVENT(scsi_dispatch_cmd_start,
 ^
include/trace/events/scsi.h: In function 'perf_trace_scsi_dispatch_cmd_error':
include/trace/ftrace.h:653:6: warning: unused variable '__addr' [-Wunused-variable]
  u64 __addr = 0, __count = 1;     \
      ^
include/trace/ftrace.h:32:2: note: in expansion of macro 'DECLARE_EVENT_CLASS'
  DECLARE_EVENT_CLASS(name,          \
  ^
include/trace/events/scsi.h:243:1: note: in expansion of macro 'TRACE_EVENT'
 TRACE_EVENT(scsi_dispatch_cmd_error,
 ^
include/trace/events/scsi.h: In function 'perf_trace_scsi_cmd_done_timeout_template':
include/trace/ftrace.h:653:6: warning: unused variable '__addr' [-Wunused-variable]
  u64 __addr = 0, __count = 1;     \
      ^
include/trace/events/scsi.h:288:1: note: in expansion of macro 'DECLARE_EVENT_CLASS'
 DECLARE_EVENT_CLASS(scsi_cmd_done_timeout_template,
 ^
include/trace/events/scsi.h: In function 'perf_trace_scsi_eh_wakeup':
include/trace/ftrace.h:653:6: warning: unused variable '__addr' [-Wunused-variable]
  u64 __addr = 0, __count = 1;     \
      ^
include/trace/ftrace.h:32:2: note: in expansion of macro 'DECLARE_EVENT_CLASS'
  DECLARE_EVENT_CLASS(name,          \
  ^
include/trace/events/scsi.h:345:1: note: in expansion of macro 'TRACE_EVENT'
 TRACE_EVENT(scsi_eh_wakeup,
 ^
  CC      net/ipv4/netfilter/iptable_nat.o
Android GCC has been deprecated in favor of Clang, and will be removed from
Android in 2020-01 as per the deprecation plan in:
https://android.googlesource.com/platform/prebuilts/clang/host/linux-x86/+/master/GCC_4_9_DEPRECATION.md


  LD      drivers/regulator/built-in.o
Android GCC has been deprecated in favor of Clang, and will be removed from
Android in 2020-01 as per the deprecation plan in:
https://android.googlesource.com/platform/prebuilts/clang/host/linux-x86/+/master/GCC_4_9_DEPRECATION.md


  CC      drivers/net/usb/cdc_ncm.o
Android GCC has been deprecated in favor of Clang, and will be removed from
Android in 2020-01 as per the deprecation plan in:
https://android.googlesource.com/platform/prebuilts/clang/host/linux-x86/+/master/GCC_4_9_DEPRECATION.md


Android GCC has been deprecated in favor of Clang, and will be removed from
Android in 2020-01 as per the deprecation plan in:
https://android.googlesource.com/platform/prebuilts/clang/host/linux-x86/+/master/GCC_4_9_DEPRECATION.md


Android GCC has been deprecated in favor of Clang, and will be removed from
Android in 2020-01 as per the deprecation plan in:
https://android.googlesource.com/platform/prebuilts/clang/host/linux-x86/+/master/GCC_4_9_DEPRECATION.md


  CC      drivers/media/platform/exynos/fimc-is/fimc-is-interface.o
Android GCC has been deprecated in favor of Clang, and will be removed from
Android in 2020-01 as per the deprecation plan in:
https://android.googlesource.com/platform/prebuilts/clang/host/linux-x86/+/master/GCC_4_9_DEPRECATION.md


  CC      net/netfilter/xt_socket.o
Android GCC has been deprecated in favor of Clang, and will be removed from
Android in 2020-01 as per the deprecation plan in:
https://android.googlesource.com/platform/prebuilts/clang/host/linux-x86/+/master/GCC_4_9_DEPRECATION.md


  CC      drivers/sensorhub/brcm/ssp_dev.o
  CC      net/netfilter/xt_state.o
  LD      drivers/net/usb/asix.o
Android GCC has been deprecated in favor of Clang, and will be removed from
Android in 2020-01 as per the deprecation plan in:
https://android.googlesource.com/platform/prebuilts/clang/host/linux-x86/+/master/GCC_4_9_DEPRECATION.md


  CC      drivers/sensorhub/brcm/ssp_i2c.o
Android GCC has been deprecated in favor of Clang, and will be removed from
Android in 2020-01 as per the deprecation plan in:
https://android.googlesource.com/platform/prebuilts/clang/host/linux-x86/+/master/GCC_4_9_DEPRECATION.md


Android GCC has been deprecated in favor of Clang, and will be removed from
Android in 2020-01 as per the deprecation plan in:
https://android.googlesource.com/platform/prebuilts/clang/host/linux-x86/+/master/GCC_4_9_DEPRECATION.md


Android GCC has been deprecated in favor of Clang, and will be removed from
Android in 2020-01 as per the deprecation plan in:
https://android.googlesource.com/platform/prebuilts/clang/host/linux-x86/+/master/GCC_4_9_DEPRECATION.md


Android GCC has been deprecated in favor of Clang, and will be removed from
Android in 2020-01 as per the deprecation plan in:
https://android.googlesource.com/platform/prebuilts/clang/host/linux-x86/+/master/GCC_4_9_DEPRECATION.md


  CC      drivers/gpu/arm/t7xx/r22p0/platform/exynos/gpu_dvfs_handler.o
Android GCC has been deprecated in favor of Clang, and will be removed from
Android in 2020-01 as per the deprecation plan in:
https://android.googlesource.com/platform/prebuilts/clang/host/linux-x86/+/master/GCC_4_9_DEPRECATION.md


  CC      fs/ext4/xattr_trusted.o
  CC      drivers/pci/vpd.o
Android GCC has been deprecated in favor of Clang, and will be removed from
Android in 2020-01 as per the deprecation plan in:
https://android.googlesource.com/platform/prebuilts/clang/host/linux-x86/+/master/GCC_4_9_DEPRECATION.md


  LD      drivers/rtc/rtc-core.o
Android GCC has been deprecated in favor of Clang, and will be removed from
Android in 2020-01 as per the deprecation plan in:
https://android.googlesource.com/platform/prebuilts/clang/host/linux-x86/+/master/GCC_4_9_DEPRECATION.md


Android GCC has been deprecated in favor of Clang, and will be removed from
Android in 2020-01 as per the deprecation plan in:
https://android.googlesource.com/platform/prebuilts/clang/host/linux-x86/+/master/GCC_4_9_DEPRECATION.md


  CC      fs/sdfat/core_exfat.o
  LD      drivers/rtc/built-in.o
Android GCC has been deprecated in favor of Clang, and will be removed from
Android in 2020-01 as per the deprecation plan in:
https://android.googlesource.com/platform/prebuilts/clang/host/linux-x86/+/master/GCC_4_9_DEPRECATION.md


  CC      drivers/gpu/arm/t7xx/r22p0/platform/exynos/gpu_dvfs_api.o
  CC      fs/anon_inodes.o
Android GCC has been deprecated in favor of Clang, and will be removed from
Android in 2020-01 as per the deprecation plan in:
https://android.googlesource.com/platform/prebuilts/clang/host/linux-x86/+/master/GCC_4_9_DEPRECATION.md


Android GCC has been deprecated in favor of Clang, and will be removed from
Android in 2020-01 as per the deprecation plan in:
https://android.googlesource.com/platform/prebuilts/clang/host/linux-x86/+/master/GCC_4_9_DEPRECATION.md


Android GCC has been deprecated in favor of Clang, and will be removed from
Android in 2020-01 as per the deprecation plan in:
https://android.googlesource.com/platform/prebuilts/clang/host/linux-x86/+/master/GCC_4_9_DEPRECATION.md


  CC      drivers/sensorhub/brcm/ssp_data.o
Android GCC has been deprecated in favor of Clang, and will be removed from
Android in 2020-01 as per the deprecation plan in:
https://android.googlesource.com/platform/prebuilts/clang/host/linux-x86/+/master/GCC_4_9_DEPRECATION.md


  CC      fs/ext4/inline.o
Android GCC has been deprecated in favor of Clang, and will be removed from
Android in 2020-01 as per the deprecation plan in:
https://android.googlesource.com/platform/prebuilts/clang/host/linux-x86/+/master/GCC_4_9_DEPRECATION.md


  CC      fs/ext4/xattr_security.o
  CC      drivers/sensorhub/brcm/ssp_sysfs.o
Android GCC has been deprecated in favor of Clang, and will be removed from
Android in 2020-01 as per the deprecation plan in:
https://android.googlesource.com/platform/prebuilts/clang/host/linux-x86/+/master/GCC_4_9_DEPRECATION.md


Android GCC has been deprecated in favor of Clang, and will be removed from
Android in 2020-01 as per the deprecation plan in:
https://android.googlesource.com/platform/prebuilts/clang/host/linux-x86/+/master/GCC_4_9_DEPRECATION.md


  CC      net/ipv4/netfilter/iptable_raw.o
Android GCC has been deprecated in favor of Clang, and will be removed from
Android in 2020-01 as per the deprecation plan in:
https://android.googlesource.com/platform/prebuilts/clang/host/linux-x86/+/master/GCC_4_9_DEPRECATION.md


  LD      fs/sdcardfs/sdcardfs.o
Android GCC has been deprecated in favor of Clang, and will be removed from
Android in 2020-01 as per the deprecation plan in:
https://android.googlesource.com/platform/prebuilts/clang/host/linux-x86/+/master/GCC_4_9_DEPRECATION.md


  CC      drivers/media/platform/exynos/fimc-is/fimc-is-time.o
  LD      fs/sdcardfs/built-in.o
  CC      net/netfilter/xt_statistic.o
Android GCC has been deprecated in favor of Clang, and will be removed from
Android in 2020-01 as per the deprecation plan in:
https://android.googlesource.com/platform/prebuilts/clang/host/linux-x86/+/master/GCC_4_9_DEPRECATION.md


  CC      drivers/pci/setup-bus.o
  CC      drivers/gpu/arm/t7xx/r22p0/platform/exynos/gpu_dvfs_governor.o
  CC      fs/sdfat/api.o
Android GCC has been deprecated in favor of Clang, and will be removed from
Android in 2020-01 as per the deprecation plan in:
https://android.googlesource.com/platform/prebuilts/clang/host/linux-x86/+/master/GCC_4_9_DEPRECATION.md


Android GCC has been deprecated in favor of Clang, and will be removed from
Android in 2020-01 as per the deprecation plan in:
https://android.googlesource.com/platform/prebuilts/clang/host/linux-x86/+/master/GCC_4_9_DEPRECATION.md


Android GCC has been deprecated in favor of Clang, and will be removed from
Android in 2020-01 as per the deprecation plan in:
https://android.googlesource.com/platform/prebuilts/clang/host/linux-x86/+/master/GCC_4_9_DEPRECATION.md


Android GCC has been deprecated in favor of Clang, and will be removed from
Android in 2020-01 as per the deprecation plan in:
https://android.googlesource.com/platform/prebuilts/clang/host/linux-x86/+/master/GCC_4_9_DEPRECATION.md


Android GCC has been deprecated in favor of Clang, and will be removed from
Android in 2020-01 as per the deprecation plan in:
https://android.googlesource.com/platform/prebuilts/clang/host/linux-x86/+/master/GCC_4_9_DEPRECATION.md


Android GCC has been deprecated in favor of Clang, and will be removed from
Android in 2020-01 as per the deprecation plan in:
https://android.googlesource.com/platform/prebuilts/clang/host/linux-x86/+/master/GCC_4_9_DEPRECATION.md


  CC      fs/signalfd.o
Android GCC has been deprecated in favor of Clang, and will be removed from
Android in 2020-01 as per the deprecation plan in:
https://android.googlesource.com/platform/prebuilts/clang/host/linux-x86/+/master/GCC_4_9_DEPRECATION.md


Android GCC has been deprecated in favor of Clang, and will be removed from
Android in 2020-01 as per the deprecation plan in:
https://android.googlesource.com/platform/prebuilts/clang/host/linux-x86/+/master/GCC_4_9_DEPRECATION.md


Android GCC has been deprecated in favor of Clang, and will be removed from
Android in 2020-01 as per the deprecation plan in:
https://android.googlesource.com/platform/prebuilts/clang/host/linux-x86/+/master/GCC_4_9_DEPRECATION.md


  CC      drivers/sensorhub/brcm/ssp_input.o
Android GCC has been deprecated in favor of Clang, and will be removed from
Android in 2020-01 as per the deprecation plan in:
https://android.googlesource.com/platform/prebuilts/clang/host/linux-x86/+/master/GCC_4_9_DEPRECATION.md


  CC      drivers/media/platform/exynos/fimc-is/fimc-is-dvfs.o
  CC      drivers/net/wireless/bcmdhd4358/hndpmu.o
Android GCC has been deprecated in favor of Clang, and will be removed from
Android in 2020-01 as per the deprecation plan in:
https://android.googlesource.com/platform/prebuilts/clang/host/linux-x86/+/master/GCC_4_9_DEPRECATION.md


Android GCC has been deprecated in favor of Clang, and will be removed from
Android in 2020-01 as per the deprecation plan in:
https://android.googlesource.com/platform/prebuilts/clang/host/linux-x86/+/master/GCC_4_9_DEPRECATION.md


Android GCC has been deprecated in favor of Clang, and will be removed from
Android in 2020-01 as per the deprecation plan in:
https://android.googlesource.com/platform/prebuilts/clang/host/linux-x86/+/master/GCC_4_9_DEPRECATION.md


Android GCC has been deprecated in favor of Clang, and will be removed from
Android in 2020-01 as per the deprecation plan in:
https://android.googlesource.com/platform/prebuilts/clang/host/linux-x86/+/master/GCC_4_9_DEPRECATION.md


  CC      drivers/pci/proc.o
  CC      net/netfilter/xt_string.o
Android GCC has been deprecated in favor of Clang, and will be removed from
Android in 2020-01 as per the deprecation plan in:
https://android.googlesource.com/platform/prebuilts/clang/host/linux-x86/+/master/GCC_4_9_DEPRECATION.md


  CC      drivers/scsi/scsicam.o
Android GCC has been deprecated in favor of Clang, and will be removed from
Android in 2020-01 as per the deprecation plan in:
https://android.googlesource.com/platform/prebuilts/clang/host/linux-x86/+/master/GCC_4_9_DEPRECATION.md


Android GCC has been deprecated in favor of Clang, and will be removed from
Android in 2020-01 as per the deprecation plan in:
https://android.googlesource.com/platform/prebuilts/clang/host/linux-x86/+/master/GCC_4_9_DEPRECATION.md


  CC      net/ipv4/netfilter/iptable_security.o
  CC      drivers/media/platform/exynos/fimc-is/fimc-is-dt.o
Android GCC has been deprecated in favor of Clang, and will be removed from
Android in 2020-01 as per the deprecation plan in:
https://android.googlesource.com/platform/prebuilts/clang/host/linux-x86/+/master/GCC_4_9_DEPRECATION.md


Android GCC has been deprecated in favor of Clang, and will be removed from
Android in 2020-01 as per the deprecation plan in:
https://android.googlesource.com/platform/prebuilts/clang/host/linux-x86/+/master/GCC_4_9_DEPRECATION.md


  CC      drivers/spi/spi.o
Android GCC has been deprecated in favor of Clang, and will be removed from
Android in 2020-01 as per the deprecation plan in:
https://android.googlesource.com/platform/prebuilts/clang/host/linux-x86/+/master/GCC_4_9_DEPRECATION.md


  CC      net/netfilter/xt_time.o
  LD      drivers/net/usb/built-in.o
Android GCC has been deprecated in favor of Clang, and will be removed from
Android in 2020-01 as per the deprecation plan in:
https://android.googlesource.com/platform/prebuilts/clang/host/linux-x86/+/master/GCC_4_9_DEPRECATION.md


  CC      fs/sdfat/blkdev.o
  CC      net/ipv4/netfilter/ipt_ah.o
  CC      drivers/media/platform/exynos/fimc-is/fimc-is-clk-gate.o
Android GCC has been deprecated in favor of Clang, and will be removed from
Android in 2020-01 as per the deprecation plan in:
https://android.googlesource.com/platform/prebuilts/clang/host/linux-x86/+/master/GCC_4_9_DEPRECATION.md


  CC      drivers/staging/staging.o
Android GCC has been deprecated in favor of Clang, and will be removed from
Android in 2020-01 as per the deprecation plan in:
https://android.googlesource.com/platform/prebuilts/clang/host/linux-x86/+/master/GCC_4_9_DEPRECATION.md


Android GCC has been deprecated in favor of Clang, and will be removed from
Android in 2020-01 as per the deprecation plan in:
https://android.googlesource.com/platform/prebuilts/clang/host/linux-x86/+/master/GCC_4_9_DEPRECATION.md


Android GCC has been deprecated in favor of Clang, and will be removed from
Android in 2020-01 as per the deprecation plan in:
https://android.googlesource.com/platform/prebuilts/clang/host/linux-x86/+/master/GCC_4_9_DEPRECATION.md


Android GCC has been deprecated in favor of Clang, and will be removed from
Android in 2020-01 as per the deprecation plan in:
https://android.googlesource.com/platform/prebuilts/clang/host/linux-x86/+/master/GCC_4_9_DEPRECATION.md


  CC      drivers/spi/spi-s3c64xx.o
  CC      drivers/gpu/arm/t7xx/r22p0/platform/exynos/gpu_perf.o
Android GCC has been deprecated in favor of Clang, and will be removed from
Android in 2020-01 as per the deprecation plan in:
https://android.googlesource.com/platform/prebuilts/clang/host/linux-x86/+/master/GCC_4_9_DEPRECATION.md


  CC      net/ipv4/netfilter/ipt_rpfilter.o
Android GCC has been deprecated in favor of Clang, and will be removed from
Android in 2020-01 as per the deprecation plan in:
https://android.googlesource.com/platform/prebuilts/clang/host/linux-x86/+/master/GCC_4_9_DEPRECATION.md


  CC      net/netfilter/xt_u32.o
Android GCC has been deprecated in favor of Clang, and will be removed from
Android in 2020-01 as per the deprecation plan in:
https://android.googlesource.com/platform/prebuilts/clang/host/linux-x86/+/master/GCC_4_9_DEPRECATION.md


Android GCC has been deprecated in favor of Clang, and will be removed from
Android in 2020-01 as per the deprecation plan in:
https://android.googlesource.com/platform/prebuilts/clang/host/linux-x86/+/master/GCC_4_9_DEPRECATION.md


  CC      net/ipv4/netfilter/ipt_MASQUERADE.o
Android GCC has been deprecated in favor of Clang, and will be removed from
Android in 2020-01 as per the deprecation plan in:
https://android.googlesource.com/platform/prebuilts/clang/host/linux-x86/+/master/GCC_4_9_DEPRECATION.md


  CC      drivers/staging/android/ashmem.o
  CC      drivers/net/wireless/bcmdhd4358/linux_osl.o
Android GCC has been deprecated in favor of Clang, and will be removed from
Android in 2020-01 as per the deprecation plan in:
https://android.googlesource.com/platform/prebuilts/clang/host/linux-x86/+/master/GCC_4_9_DEPRECATION.md


  CC      net/netfilter/interceptor/ip_selector_db.o
Android GCC has been deprecated in favor of Clang, and will be removed from
Android in 2020-01 as per the deprecation plan in:
https://android.googlesource.com/platform/prebuilts/clang/host/linux-x86/+/master/GCC_4_9_DEPRECATION.md


Android GCC has been deprecated in favor of Clang, and will be removed from
Android in 2020-01 as per the deprecation plan in:
https://android.googlesource.com/platform/prebuilts/clang/host/linux-x86/+/master/GCC_4_9_DEPRECATION.md


Android GCC has been deprecated in favor of Clang, and will be removed from
Android in 2020-01 as per the deprecation plan in:
https://android.googlesource.com/platform/prebuilts/clang/host/linux-x86/+/master/GCC_4_9_DEPRECATION.md


  CC      net/netfilter/interceptor/ip_selector_match.o
  CC      drivers/gpu/arm/t7xx/r22p0/platform/exynos/gpu_hwcnt_sec.o
Android GCC has been deprecated in favor of Clang, and will be removed from
Android in 2020-01 as per the deprecation plan in:
https://android.googlesource.com/platform/prebuilts/clang/host/linux-x86/+/master/GCC_4_9_DEPRECATION.md


  CC      drivers/pci/slot.o
Android GCC has been deprecated in favor of Clang, and will be removed from
Android in 2020-01 as per the deprecation plan in:
https://android.googlesource.com/platform/prebuilts/clang/host/linux-x86/+/master/GCC_4_9_DEPRECATION.md


  CC      net/netfilter/interceptor/kernelspd_main.o
Android GCC has been deprecated in favor of Clang, and will be removed from
Android in 2020-01 as per the deprecation plan in:
https://android.googlesource.com/platform/prebuilts/clang/host/linux-x86/+/master/GCC_4_9_DEPRECATION.md


  CC      drivers/sensorhub/brcm/ssp_firmware.o
  CC      drivers/scsi/scsi_error.o
Android GCC has been deprecated in favor of Clang, and will be removed from
Android in 2020-01 as per the deprecation plan in:
https://android.googlesource.com/platform/prebuilts/clang/host/linux-x86/+/master/GCC_4_9_DEPRECATION.md


Android GCC has been deprecated in favor of Clang, and will be removed from
Android in 2020-01 as per the deprecation plan in:
https://android.googlesource.com/platform/prebuilts/clang/host/linux-x86/+/master/GCC_4_9_DEPRECATION.md


  CC      drivers/staging/android/timed_output.o
Android GCC has been deprecated in favor of Clang, and will be removed from
Android in 2020-01 as per the deprecation plan in:
https://android.googlesource.com/platform/prebuilts/clang/host/linux-x86/+/master/GCC_4_9_DEPRECATION.md


  LD      net/netfilter/netfilter.o
Android GCC has been deprecated in favor of Clang, and will be removed from
Android in 2020-01 as per the deprecation plan in:
https://android.googlesource.com/platform/prebuilts/clang/host/linux-x86/+/master/GCC_4_9_DEPRECATION.md


  CC      net/netfilter/interceptor/kernelspd_hooks.o
  CC      drivers/pci/quirks.o
Android GCC has been deprecated in favor of Clang, and will be removed from
Android in 2020-01 as per the deprecation plan in:
https://android.googlesource.com/platform/prebuilts/clang/host/linux-x86/+/master/GCC_4_9_DEPRECATION.md


Android GCC has been deprecated in favor of Clang, and will be removed from
Android in 2020-01 as per the deprecation plan in:
https://android.googlesource.com/platform/prebuilts/clang/host/linux-x86/+/master/GCC_4_9_DEPRECATION.md


Android GCC has been deprecated in favor of Clang, and will be removed from
Android in 2020-01 as per the deprecation plan in:
https://android.googlesource.com/platform/prebuilts/clang/host/linux-x86/+/master/GCC_4_9_DEPRECATION.md


Android GCC has been deprecated in favor of Clang, and will be removed from
Android in 2020-01 as per the deprecation plan in:
https://android.googlesource.com/platform/prebuilts/clang/host/linux-x86/+/master/GCC_4_9_DEPRECATION.md


  CC      net/ipv4/netfilter/ipt_REJECT.o
  CC      fs/sdfat/fatent.o
  LD      fs/ext4/ext4.o
Android GCC has been deprecated in favor of Clang, and will be removed from
Android in 2020-01 as per the deprecation plan in:
https://android.googlesource.com/platform/prebuilts/clang/host/linux-x86/+/master/GCC_4_9_DEPRECATION.md


Android GCC has been deprecated in favor of Clang, and will be removed from
Android in 2020-01 as per the deprecation plan in:
https://android.googlesource.com/platform/prebuilts/clang/host/linux-x86/+/master/GCC_4_9_DEPRECATION.md


  CC      drivers/sensorhub/brcm/ssp_debug.o
  CC      fs/timerfd.o
  CC      drivers/net/wireless/bcmdhd4358/sbutils.o
  CC      net/ipv4/netfilter/arp_tables.o
Android GCC has been deprecated in favor of Clang, and will be removed from
Android in 2020-01 as per the deprecation plan in:
https://android.googlesource.com/platform/prebuilts/clang/host/linux-x86/+/master/GCC_4_9_DEPRECATION.md


Android GCC has been deprecated in favor of Clang, and will be removed from
Android in 2020-01 as per the deprecation plan in:
https://android.googlesource.com/platform/prebuilts/clang/host/linux-x86/+/master/GCC_4_9_DEPRECATION.md


  LD      fs/ext4/built-in.o
Android GCC has been deprecated in favor of Clang, and will be removed from
Android in 2020-01 as per the deprecation plan in:
https://android.googlesource.com/platform/prebuilts/clang/host/linux-x86/+/master/GCC_4_9_DEPRECATION.md


Android GCC has been deprecated in favor of Clang, and will be removed from
Android in 2020-01 as per the deprecation plan in:
https://android.googlesource.com/platform/prebuilts/clang/host/linux-x86/+/master/GCC_4_9_DEPRECATION.md


  LD      net/netfilter/nfnetlink_queue.o
Android GCC has been deprecated in favor of Clang, and will be removed from
Android in 2020-01 as per the deprecation plan in:
https://android.googlesource.com/platform/prebuilts/clang/host/linux-x86/+/master/GCC_4_9_DEPRECATION.md


  CC      net/ipv4/netfilter/arpt_mangle.o
  CC      fs/eventfd.o
Android GCC has been deprecated in favor of Clang, and will be removed from
Android in 2020-01 as per the deprecation plan in:
https://android.googlesource.com/platform/prebuilts/clang/host/linux-x86/+/master/GCC_4_9_DEPRECATION.md


Android GCC has been deprecated in favor of Clang, and will be removed from
Android in 2020-01 as per the deprecation plan in:
https://android.googlesource.com/platform/prebuilts/clang/host/linux-x86/+/master/GCC_4_9_DEPRECATION.md


  CC      net/netfilter/interceptor/kernelspd_procfs.o
Android GCC has been deprecated in favor of Clang, and will be removed from
Android in 2020-01 as per the deprecation plan in:
https://android.googlesource.com/platform/prebuilts/clang/host/linux-x86/+/master/GCC_4_9_DEPRECATION.md


  CC      drivers/media/platform/exynos/fimc-is/sensor/module/fimc-is-device-6d1.o
Android GCC has been deprecated in favor of Clang, and will be removed from
Android in 2020-01 as per the deprecation plan in:
https://android.googlesource.com/platform/prebuilts/clang/host/linux-x86/+/master/GCC_4_9_DEPRECATION.md


Android GCC has been deprecated in favor of Clang, and will be removed from
Android in 2020-01 as per the deprecation plan in:
https://android.googlesource.com/platform/prebuilts/clang/host/linux-x86/+/master/GCC_4_9_DEPRECATION.md


  CC      drivers/media/platform/exynos/fimc-is/sensor/module/fimc-is-device-imx240.o
Android GCC has been deprecated in favor of Clang, and will be removed from
Android in 2020-01 as per the deprecation plan in:
https://android.googlesource.com/platform/prebuilts/clang/host/linux-x86/+/master/GCC_4_9_DEPRECATION.md


  CC      drivers/gpu/arm/t7xx/r22p0/platform/exynos/gpu_custom_interface.o
Android GCC has been deprecated in favor of Clang, and will be removed from
Android in 2020-01 as per the deprecation plan in:
https://android.googlesource.com/platform/prebuilts/clang/host/linux-x86/+/master/GCC_4_9_DEPRECATION.md


  CC      drivers/staging/samsung/sec_notifier/vbus_notifier.o
Android GCC has been deprecated in favor of Clang, and will be removed from
Android in 2020-01 as per the deprecation plan in:
https://android.googlesource.com/platform/prebuilts/clang/host/linux-x86/+/master/GCC_4_9_DEPRECATION.md


  CC      drivers/switch/switch_class.o
  CC      drivers/staging/android/lowmemorykiller.o
Android GCC has been deprecated in favor of Clang, and will be removed from
Android in 2020-01 as per the deprecation plan in:
https://android.googlesource.com/platform/prebuilts/clang/host/linux-x86/+/master/GCC_4_9_DEPRECATION.md


Android GCC has been deprecated in favor of Clang, and will be removed from
Android in 2020-01 as per the deprecation plan in:
https://android.googlesource.com/platform/prebuilts/clang/host/linux-x86/+/master/GCC_4_9_DEPRECATION.md


Android GCC has been deprecated in favor of Clang, and will be removed from
Android in 2020-01 as per the deprecation plan in:
https://android.googlesource.com/platform/prebuilts/clang/host/linux-x86/+/master/GCC_4_9_DEPRECATION.md


  CC      drivers/thermal/thermal_core.o
Android GCC has been deprecated in favor of Clang, and will be removed from
Android in 2020-01 as per the deprecation plan in:
https://android.googlesource.com/platform/prebuilts/clang/host/linux-x86/+/master/GCC_4_9_DEPRECATION.md


  CC      net/netfilter/interceptor/ipsec_boundary.o
  CC      drivers/tty/tty_io.o
Android GCC has been deprecated in favor of Clang, and will be removed from
Android in 2020-01 as per the deprecation plan in:
https://android.googlesource.com/platform/prebuilts/clang/host/linux-x86/+/master/GCC_4_9_DEPRECATION.md


Android GCC has been deprecated in favor of Clang, and will be removed from
Android in 2020-01 as per the deprecation plan in:
https://android.googlesource.com/platform/prebuilts/clang/host/linux-x86/+/master/GCC_4_9_DEPRECATION.md


  CC      drivers/tty/n_tty.o
  CC      fs/sdfat/amap_smart.o
Android GCC has been deprecated in favor of Clang, and will be removed from
Android in 2020-01 as per the deprecation plan in:
https://android.googlesource.com/platform/prebuilts/clang/host/linux-x86/+/master/GCC_4_9_DEPRECATION.md


Android GCC has been deprecated in favor of Clang, and will be removed from
Android in 2020-01 as per the deprecation plan in:
https://android.googlesource.com/platform/prebuilts/clang/host/linux-x86/+/master/GCC_4_9_DEPRECATION.md


  LD      drivers/spi/built-in.o
  CC      drivers/switch/switch-arizona.o
  CC      drivers/sensorhub/brcm/sensors_core.o
  CC      drivers/thermal/step_wise.o
  CC      drivers/scsi/scsi_lib.o
  LD      drivers/staging/samsung/sec_notifier/built-in.o
Android GCC has been deprecated in favor of Clang, and will be removed from
Android in 2020-01 as per the deprecation plan in:
https://android.googlesource.com/platform/prebuilts/clang/host/linux-x86/+/master/GCC_4_9_DEPRECATION.md


  CC      fs/aio.o
  CC      drivers/usb/class/usblp.o
Android GCC has been deprecated in favor of Clang, and will be removed from
Android in 2020-01 as per the deprecation plan in:
https://android.googlesource.com/platform/prebuilts/clang/host/linux-x86/+/master/GCC_4_9_DEPRECATION.md


Android GCC has been deprecated in favor of Clang, and will be removed from
Android in 2020-01 as per the deprecation plan in:
https://android.googlesource.com/platform/prebuilts/clang/host/linux-x86/+/master/GCC_4_9_DEPRECATION.md


Android GCC has been deprecated in favor of Clang, and will be removed from
Android in 2020-01 as per the deprecation plan in:
https://android.googlesource.com/platform/prebuilts/clang/host/linux-x86/+/master/GCC_4_9_DEPRECATION.md


In file included from include/trace/define_trace.h:86:0,
                 from drivers/staging/android/trace/lowmemorykiller.h:41,
                 from drivers/staging/android/lowmemorykiller.c:45:
include/trace/../../drivers/staging/android/trace/lowmemorykiller.h: In function 'perf_trace_lowmemory_kill':
include/trace/ftrace.h:653:6: warning: unused variable '__addr' [-Wunused-variable]
  u64 __addr = 0, __count = 1;     \
      ^
include/trace/ftrace.h:32:2: note: in expansion of macro 'DECLARE_EVENT_CLASS'
  DECLARE_EVENT_CLASS(name,          \
  ^
include/trace/../../drivers/staging/android/trace/lowmemorykiller.h:10:1: note: in expansion of macro 'TRACE_EVENT'
 TRACE_EVENT(lowmemory_kill,
 ^
Android GCC has been deprecated in favor of Clang, and will be removed from
Android in 2020-01 as per the deprecation plan in:
https://android.googlesource.com/platform/prebuilts/clang/host/linux-x86/+/master/GCC_4_9_DEPRECATION.md


Android GCC has been deprecated in favor of Clang, and will be removed from
Android in 2020-01 as per the deprecation plan in:
https://android.googlesource.com/platform/prebuilts/clang/host/linux-x86/+/master/GCC_4_9_DEPRECATION.md


  CC      net/netfilter/interceptor/debug_filter.o
Android GCC has been deprecated in favor of Clang, and will be removed from
Android in 2020-01 as per the deprecation plan in:
https://android.googlesource.com/platform/prebuilts/clang/host/linux-x86/+/master/GCC_4_9_DEPRECATION.md


Android GCC has been deprecated in favor of Clang, and will be removed from
Android in 2020-01 as per the deprecation plan in:
https://android.googlesource.com/platform/prebuilts/clang/host/linux-x86/+/master/GCC_4_9_DEPRECATION.md


Android GCC has been deprecated in favor of Clang, and will be removed from
Android in 2020-01 as per the deprecation plan in:
https://android.googlesource.com/platform/prebuilts/clang/host/linux-x86/+/master/GCC_4_9_DEPRECATION.md


  CC      drivers/gpu/arm/t7xx/r22p0/platform/exynos/gpu_ipa.o
  CC      fs/sdfat/cache.o
  CC      net/ipv4/netfilter/arptable_filter.o
Android GCC has been deprecated in favor of Clang, and will be removed from
Android in 2020-01 as per the deprecation plan in:
https://android.googlesource.com/platform/prebuilts/clang/host/linux-x86/+/master/GCC_4_9_DEPRECATION.md


Android GCC has been deprecated in favor of Clang, and will be removed from
Android in 2020-01 as per the deprecation plan in:
https://android.googlesource.com/platform/prebuilts/clang/host/linux-x86/+/master/GCC_4_9_DEPRECATION.md


Android GCC has been deprecated in favor of Clang, and will be removed from
Android in 2020-01 as per the deprecation plan in:
https://android.googlesource.com/platform/prebuilts/clang/host/linux-x86/+/master/GCC_4_9_DEPRECATION.md


  CC      drivers/scsi/scsi_lib_dma.o
Android GCC has been deprecated in favor of Clang, and will be removed from
Android in 2020-01 as per the deprecation plan in:
https://android.googlesource.com/platform/prebuilts/clang/host/linux-x86/+/master/GCC_4_9_DEPRECATION.md


  CC      drivers/thermal/cpu_cooling.o
  CC      drivers/tty/tty_ioctl.o
Android GCC has been deprecated in favor of Clang, and will be removed from
Android in 2020-01 as per the deprecation plan in:
https://android.googlesource.com/platform/prebuilts/clang/host/linux-x86/+/master/GCC_4_9_DEPRECATION.md


Android GCC has been deprecated in favor of Clang, and will be removed from
Android in 2020-01 as per the deprecation plan in:
https://android.googlesource.com/platform/prebuilts/clang/host/linux-x86/+/master/GCC_4_9_DEPRECATION.md


Android GCC has been deprecated in favor of Clang, and will be removed from
Android in 2020-01 as per the deprecation plan in:
https://android.googlesource.com/platform/prebuilts/clang/host/linux-x86/+/master/GCC_4_9_DEPRECATION.md


  CC      net/netfilter/interceptor/debug_strf.o
  CC      drivers/staging/android/alarm-dev.o
Android GCC has been deprecated in favor of Clang, and will be removed from
Android in 2020-01 as per the deprecation plan in:
https://android.googlesource.com/platform/prebuilts/clang/host/linux-x86/+/master/GCC_4_9_DEPRECATION.md


Android GCC has been deprecated in favor of Clang, and will be removed from
Android in 2020-01 as per the deprecation plan in:
https://android.googlesource.com/platform/prebuilts/clang/host/linux-x86/+/master/GCC_4_9_DEPRECATION.md


Android GCC has been deprecated in favor of Clang, and will be removed from
Android in 2020-01 as per the deprecation plan in:
https://android.googlesource.com/platform/prebuilts/clang/host/linux-x86/+/master/GCC_4_9_DEPRECATION.md


Android GCC has been deprecated in favor of Clang, and will be removed from
Android in 2020-01 as per the deprecation plan in:
https://android.googlesource.com/platform/prebuilts/clang/host/linux-x86/+/master/GCC_4_9_DEPRECATION.md


  CC      drivers/net/wireless/bcmdhd4358/siutils.o
Android GCC has been deprecated in favor of Clang, and will be removed from
Android in 2020-01 as per the deprecation plan in:
https://android.googlesource.com/platform/prebuilts/clang/host/linux-x86/+/master/GCC_4_9_DEPRECATION.md


  CC      drivers/net/wireless/bcmdhd4358/wl_android.o
In file included from include/trace/define_trace.h:86:0,
                 from drivers/gpu/arm/t7xx/r22p0/platform/exynos/mali_power.h:61,
                 from drivers/gpu/arm/t7xx/r22p0/platform/exynos/gpu_ipa.c:26:
include/trace/../../drivers/gpu/arm/midgard/platform/mali_power.h: In function 'perf_trace_mali_utilization_stats':
include/trace/ftrace.h:653:6: warning: unused variable '__addr' [-Wunused-variable]
  u64 __addr = 0, __count = 1;     \
      ^
include/trace/ftrace.h:32:2: note: in expansion of macro 'DECLARE_EVENT_CLASS'
  DECLARE_EVENT_CLASS(name,          \
  ^
include/trace/../../drivers/gpu/arm/midgard/platform/mali_power.h:13:1: note: in expansion of macro 'TRACE_EVENT'
 TRACE_EVENT(mali_utilization_stats,
 ^
  LD      drivers/media/platform/exynos/fimc-is/sensor/module/built-in.o
  CC      drivers/sensorhub/brcm/ssp_iio_ring.o
  LD      drivers/media/platform/exynos/fimc-is/sensor/built-in.o
Android GCC has been deprecated in favor of Clang, and will be removed from
Android in 2020-01 as per the deprecation plan in:
https://android.googlesource.com/platform/prebuilts/clang/host/linux-x86/+/master/GCC_4_9_DEPRECATION.md


Android GCC has been deprecated in favor of Clang, and will be removed from
Android in 2020-01 as per the deprecation plan in:
https://android.googlesource.com/platform/prebuilts/clang/host/linux-x86/+/master/GCC_4_9_DEPRECATION.md


  CC      net/netfilter/interceptor/debug_linux.o
Android GCC has been deprecated in favor of Clang, and will be removed from
Android in 2020-01 as per the deprecation plan in:
https://android.googlesource.com/platform/prebuilts/clang/host/linux-x86/+/master/GCC_4_9_DEPRECATION.md


  CC      drivers/media/platform/exynos/fimc-is/vendor/fimc-is-spi.o
Android GCC has been deprecated in favor of Clang, and will be removed from
Android in 2020-01 as per the deprecation plan in:
https://android.googlesource.com/platform/prebuilts/clang/host/linux-x86/+/master/GCC_4_9_DEPRECATION.md


  CC      drivers/staging/android/sync.o
  CC      drivers/pci/host/pcie-designware.o
Android GCC has been deprecated in favor of Clang, and will be removed from
Android in 2020-01 as per the deprecation plan in:
https://android.googlesource.com/platform/prebuilts/clang/host/linux-x86/+/master/GCC_4_9_DEPRECATION.md


Android GCC has been deprecated in favor of Clang, and will be removed from
Android in 2020-01 as per the deprecation plan in:
https://android.googlesource.com/platform/prebuilts/clang/host/linux-x86/+/master/GCC_4_9_DEPRECATION.md


Android GCC has been deprecated in favor of Clang, and will be removed from
Android in 2020-01 as per the deprecation plan in:
https://android.googlesource.com/platform/prebuilts/clang/host/linux-x86/+/master/GCC_4_9_DEPRECATION.md


Android GCC has been deprecated in favor of Clang, and will be removed from
Android in 2020-01 as per the deprecation plan in:
https://android.googlesource.com/platform/prebuilts/clang/host/linux-x86/+/master/GCC_4_9_DEPRECATION.md


Android GCC has been deprecated in favor of Clang, and will be removed from
Android in 2020-01 as per the deprecation plan in:
https://android.googlesource.com/platform/prebuilts/clang/host/linux-x86/+/master/GCC_4_9_DEPRECATION.md


  CC      net/netfilter/interceptor/debug_strbuf_stack.o
  CC      drivers/pci/host/pci-exynos.o
Android GCC has been deprecated in favor of Clang, and will be removed from
Android in 2020-01 as per the deprecation plan in:
https://android.googlesource.com/platform/prebuilts/clang/host/linux-x86/+/master/GCC_4_9_DEPRECATION.md


Android GCC has been deprecated in favor of Clang, and will be removed from
Android in 2020-01 as per the deprecation plan in:
https://android.googlesource.com/platform/prebuilts/clang/host/linux-x86/+/master/GCC_4_9_DEPRECATION.md


  CC      drivers/scsi/scsi_scan.o
  CC      drivers/staging/samsung/sec_batt.o
  LD      drivers/usb/class/built-in.o
Android GCC has been deprecated in favor of Clang, and will be removed from
Android in 2020-01 as per the deprecation plan in:
https://android.googlesource.com/platform/prebuilts/clang/host/linux-x86/+/master/GCC_4_9_DEPRECATION.md


Android GCC has been deprecated in favor of Clang, and will be removed from
Android in 2020-01 as per the deprecation plan in:
https://android.googlesource.com/platform/prebuilts/clang/host/linux-x86/+/master/GCC_4_9_DEPRECATION.md


  CC      fs/sdfat/dfr.o
  CC      fs/sdfat/nls.o
In file included from include/trace/define_trace.h:86:0,
                 from drivers/staging/android/trace/sync.h:82,
                 from drivers/staging/android/sync.c:32:
include/trace/../../drivers/staging/android/trace/sync.h: In function 'perf_trace_sync_timeline':
include/trace/ftrace.h:653:6: warning: unused variable '__addr' [-Wunused-variable]
  u64 __addr = 0, __count = 1;     \
      ^
include/trace/ftrace.h:32:2: note: in expansion of macro 'DECLARE_EVENT_CLASS'
  DECLARE_EVENT_CLASS(name,          \
  ^
include/trace/../../drivers/staging/android/trace/sync.h:11:1: note: in expansion of macro 'TRACE_EVENT'
 TRACE_EVENT(sync_timeline,
 ^
include/trace/../../drivers/staging/android/trace/sync.h: In function 'perf_trace_sync_wait':
include/trace/ftrace.h:653:6: warning: unused variable '__addr' [-Wunused-variable]
  u64 __addr = 0, __count = 1;     \
      ^
include/trace/ftrace.h:32:2: note: in expansion of macro 'DECLARE_EVENT_CLASS'
  DECLARE_EVENT_CLASS(name,          \
  ^
include/trace/../../drivers/staging/android/trace/sync.h:35:1: note: in expansion of macro 'TRACE_EVENT'
 TRACE_EVENT(sync_wait,
 ^
include/trace/../../drivers/staging/android/trace/sync.h: In function 'perf_trace_sync_pt':
include/trace/ftrace.h:653:6: warning: unused variable '__addr' [-Wunused-variable]
  u64 __addr = 0, __count = 1;     \
      ^
include/trace/ftrace.h:32:2: note: in expansion of macro 'DECLARE_EVENT_CLASS'
  DECLARE_EVENT_CLASS(name,          \
  ^
include/trace/../../drivers/staging/android/trace/sync.h:56:1: note: in expansion of macro 'TRACE_EVENT'
 TRACE_EVENT(sync_pt,
 ^
  LD      net/ipv4/netfilter/nf_conntrack_ipv4.o
  CC      drivers/sensorhub/brcm/ssp_iio_trigger.o
  LD      net/netfilter/interceptor/vpnclient.o
  CC      drivers/pci/pcie/portdrv_core.o
Android GCC has been deprecated in favor of Clang, and will be removed from
Android in 2020-01 as per the deprecation plan in:
https://android.googlesource.com/platform/prebuilts/clang/host/linux-x86/+/master/GCC_4_9_DEPRECATION.md


Android GCC has been deprecated in favor of Clang, and will be removed from
Android in 2020-01 as per the deprecation plan in:
https://android.googlesource.com/platform/prebuilts/clang/host/linux-x86/+/master/GCC_4_9_DEPRECATION.md


  CC      drivers/usb/core/usb.o
  LD      net/netfilter/interceptor/built-in.o
Android GCC has been deprecated in favor of Clang, and will be removed from
Android in 2020-01 as per the deprecation plan in:
https://android.googlesource.com/platform/prebuilts/clang/host/linux-x86/+/master/GCC_4_9_DEPRECATION.md


  CC      drivers/staging/android/sw_sync.o
Android GCC has been deprecated in favor of Clang, and will be removed from
Android in 2020-01 as per the deprecation plan in:
https://android.googlesource.com/platform/prebuilts/clang/host/linux-x86/+/master/GCC_4_9_DEPRECATION.md


Android GCC has been deprecated in favor of Clang, and will be removed from
Android in 2020-01 as per the deprecation plan in:
https://android.googlesource.com/platform/prebuilts/clang/host/linux-x86/+/master/GCC_4_9_DEPRECATION.md


  LD      net/netfilter/built-in.o
Android GCC has been deprecated in favor of Clang, and will be removed from
Android in 2020-01 as per the deprecation plan in:
https://android.googlesource.com/platform/prebuilts/clang/host/linux-x86/+/master/GCC_4_9_DEPRECATION.md


Android GCC has been deprecated in favor of Clang, and will be removed from
Android in 2020-01 as per the deprecation plan in:
https://android.googlesource.com/platform/prebuilts/clang/host/linux-x86/+/master/GCC_4_9_DEPRECATION.md


  LD      net/ipv4/netfilter/nf_nat_ipv4.o
  LD      net/ipv4/netfilter/built-in.o
  LD      drivers/gpu/arm/t7xx/r22p0/platform/exynos/built-in.o
Android GCC has been deprecated in favor of Clang, and will be removed from
Android in 2020-01 as per the deprecation plan in:
https://android.googlesource.com/platform/prebuilts/clang/host/linux-x86/+/master/GCC_4_9_DEPRECATION.md


Android GCC has been deprecated in favor of Clang, and will be removed from
Android in 2020-01 as per the deprecation plan in:
https://android.googlesource.com/platform/prebuilts/clang/host/linux-x86/+/master/GCC_4_9_DEPRECATION.md


  LD      drivers/gpu/arm/t7xx/r22p0/platform/built-in.o
  LD      net/ipv4/built-in.o
  LD      drivers/gpu/arm/t7xx/r22p0/built-in.o
Android GCC has been deprecated in favor of Clang, and will be removed from
Android in 2020-01 as per the deprecation plan in:
https://android.googlesource.com/platform/prebuilts/clang/host/linux-x86/+/master/GCC_4_9_DEPRECATION.md


Android GCC has been deprecated in favor of Clang, and will be removed from
Android in 2020-01 as per the deprecation plan in:
https://android.googlesource.com/platform/prebuilts/clang/host/linux-x86/+/master/GCC_4_9_DEPRECATION.md


Android GCC has been deprecated in favor of Clang, and will be removed from
Android in 2020-01 as per the deprecation plan in:
https://android.googlesource.com/platform/prebuilts/clang/host/linux-x86/+/master/GCC_4_9_DEPRECATION.md


  CC      drivers/usb/core/hub.o
  CC      drivers/pci/pcie/portdrv_pci.o
Android GCC has been deprecated in favor of Clang, and will be removed from
Android in 2020-01 as per the deprecation plan in:
https://android.googlesource.com/platform/prebuilts/clang/host/linux-x86/+/master/GCC_4_9_DEPRECATION.md


  LD      drivers/gpu/arm/built-in.o
Android GCC has been deprecated in favor of Clang, and will be removed from
Android in 2020-01 as per the deprecation plan in:
https://android.googlesource.com/platform/prebuilts/clang/host/linux-x86/+/master/GCC_4_9_DEPRECATION.md


Android GCC has been deprecated in favor of Clang, and will be removed from
Android in 2020-01 as per the deprecation plan in:
https://android.googlesource.com/platform/prebuilts/clang/host/linux-x86/+/master/GCC_4_9_DEPRECATION.md


  CC      drivers/tty/tty_ldisc.o
  CC      drivers/thermal/exynos_thermal.o
Android GCC has been deprecated in favor of Clang, and will be removed from
Android in 2020-01 as per the deprecation plan in:
https://android.googlesource.com/platform/prebuilts/clang/host/linux-x86/+/master/GCC_4_9_DEPRECATION.md


  CC      fs/sdfat/misc.o
  LD      drivers/gpu/built-in.o
make: *** [Makefile:849: net] Error 2
make: *** Waiting for unfinished jobs....
Android GCC has been deprecated in favor of Clang, and will be removed from
Android in 2020-01 as per the deprecation plan in:
https://android.googlesource.com/platform/prebuilts/clang/host/linux-x86/+/master/GCC_4_9_DEPRECATION.md


  CC      drivers/staging/samsung/sec_debug.o
Android GCC has been deprecated in favor of Clang, and will be removed from
Android in 2020-01 as per the deprecation plan in:
https://android.googlesource.com/platform/prebuilts/clang/host/linux-x86/+/master/GCC_4_9_DEPRECATION.md


  CC      drivers/thermal/cal_tmu.o
  CC      drivers/pci/setup-irq.o
  CC      drivers/sensorhub/brcm/factory/accel_icm20610.o
Android GCC has been deprecated in favor of Clang, and will be removed from
Android in 2020-01 as per the deprecation plan in:
https://android.googlesource.com/platform/prebuilts/clang/host/linux-x86/+/master/GCC_4_9_DEPRECATION.md


  CC      drivers/staging/samsung/sec_getlog.o
Android GCC has been deprecated in favor of Clang, and will be removed from
Android in 2020-01 as per the deprecation plan in:
https://android.googlesource.com/platform/prebuilts/clang/host/linux-x86/+/master/GCC_4_9_DEPRECATION.md


  CC      drivers/media/platform/exynos/fimc-is/vendor/fimc-is-i2c.o
Android GCC has been deprecated in favor of Clang, and will be removed from
Android in 2020-01 as per the deprecation plan in:
https://android.googlesource.com/platform/prebuilts/clang/host/linux-x86/+/master/GCC_4_9_DEPRECATION.md


Android GCC has been deprecated in favor of Clang, and will be removed from
Android in 2020-01 as per the deprecation plan in:
https://android.googlesource.com/platform/prebuilts/clang/host/linux-x86/+/master/GCC_4_9_DEPRECATION.md


Android GCC has been deprecated in favor of Clang, and will be removed from
Android in 2020-01 as per the deprecation plan in:
https://android.googlesource.com/platform/prebuilts/clang/host/linux-x86/+/master/GCC_4_9_DEPRECATION.md


  CC      drivers/media/platform/exynos/fimc-is/vendor/fimc-is-sec-define.o
  CC      drivers/usb/core/hcd.o
  CC      drivers/usb/core/urb.o
  CC      drivers/usb/core/message.o
Android GCC has been deprecated in favor of Clang, and will be removed from
Android in 2020-01 as per the deprecation plan in:
https://android.googlesource.com/platform/prebuilts/clang/host/linux-x86/+/master/GCC_4_9_DEPRECATION.md

Android GCC has been deprecated in favor of Clang, and will be removed from
Android in 2020-01 as per the deprecation plan in:
https://android.googlesource.com/platform/prebuilts/clang/host/linux-x86/+/master/GCC_4_9_DEPRECATION.md



Android GCC has been deprecated in favor of Clang, and will be removed from
Android in 2020-01 as per the deprecation plan in:
https://android.googlesource.com/platform/prebuilts/clang/host/linux-x86/+/master/GCC_4_9_DEPRECATION.md


Android GCC has been deprecated in favor of Clang, and will be removed from
Android in 2020-01 as per the deprecation plan in:
https://android.googlesource.com/platform/prebuilts/clang/host/linux-x86/+/master/GCC_4_9_DEPRECATION.md


Android GCC has been deprecated in favor of Clang, and will be removed from
Android in 2020-01 as per the deprecation plan in:
https://android.googlesource.com/platform/prebuilts/clang/host/linux-x86/+/master/GCC_4_9_DEPRECATION.md


Android GCC has been deprecated in favor of Clang, and will be removed from
Android in 2020-01 as per the deprecation plan in:
https://android.googlesource.com/platform/prebuilts/clang/host/linux-x86/+/master/GCC_4_9_DEPRECATION.md


Android GCC has been deprecated in favor of Clang, and will be removed from
Android in 2020-01 as per the deprecation plan in:
https://android.googlesource.com/platform/prebuilts/clang/host/linux-x86/+/master/GCC_4_9_DEPRECATION.md

Android GCC has been deprecated in favor of Clang, and will be removed from
Android in 2020-01 as per the deprecation plan in:
https://android.googlesource.com/platform/prebuilts/clang/host/linux-x86/+/master/GCC_4_9_DEPRECATION.md



Android GCC has been deprecated in favor of Clang, and will be removed from
Android in 2020-01 as per the deprecation plan in:
https://android.googlesource.com/platform/prebuilts/clang/host/linux-x86/+/master/GCC_4_9_DEPRECATION.md


Android GCC has been deprecated in favor of Clang, and will be removed from
Android in 2020-01 as per the deprecation plan in:
https://android.googlesource.com/platform/prebuilts/clang/host/linux-x86/+/master/GCC_4_9_DEPRECATION.md


Android GCC has been deprecated in favor of Clang, and will be removed from
Android in 2020-01 as per the deprecation plan in:
https://android.googlesource.com/platform/prebuilts/clang/host/linux-x86/+/master/GCC_4_9_DEPRECATION.md

Android GCC has been deprecated in favor of Clang, and will be removed from
Android in 2020-01 as per the deprecation plan in:
https://android.googlesource.com/platform/prebuilts/clang/host/linux-x86/+/master/GCC_4_9_DEPRECATION.md



  CC      drivers/usb/core/driver.o
  CC      drivers/pci/pcie/portdrv_bus.o
  CC      drivers/thermal/ipa.o
Android GCC has been deprecated in favor of Clang, and will be removed from
Android in 2020-01 as per the deprecation plan in:
https://android.googlesource.com/platform/prebuilts/clang/host/linux-x86/+/master/GCC_4_9_DEPRECATION.md


Android GCC has been deprecated in favor of Clang, and will be removed from
Android in 2020-01 as per the deprecation plan in:
https://android.googlesource.com/platform/prebuilts/clang/host/linux-x86/+/master/GCC_4_9_DEPRECATION.md


  CC      drivers/sensorhub/brcm/factory/gyro_icm20610.o
Android GCC has been deprecated in favor of Clang, and will be removed from
Android in 2020-01 as per the deprecation plan in:
https://android.googlesource.com/platform/prebuilts/clang/host/linux-x86/+/master/GCC_4_9_DEPRECATION.md


  CC      drivers/sensorhub/brcm/factory/magnetic_yas532.o
Android GCC has been deprecated in favor of Clang, and will be removed from
Android in 2020-01 as per the deprecation plan in:
https://android.googlesource.com/platform/prebuilts/clang/host/linux-x86/+/master/GCC_4_9_DEPRECATION.md


  CC      drivers/pci/pcie/aer/aerdrv_errprint.o
  CC      drivers/net/wireless/bcmdhd4358/wl_cfg80211.o
Android GCC has been deprecated in favor of Clang, and will be removed from
Android in 2020-01 as per the deprecation plan in:
https://android.googlesource.com/platform/prebuilts/clang/host/linux-x86/+/master/GCC_4_9_DEPRECATION.md


Android GCC has been deprecated in favor of Clang, and will be removed from
Android in 2020-01 as per the deprecation plan in:
https://android.googlesource.com/platform/prebuilts/clang/host/linux-x86/+/master/GCC_4_9_DEPRECATION.md


Android GCC has been deprecated in favor of Clang, and will be removed from
Android in 2020-01 as per the deprecation plan in:
https://android.googlesource.com/platform/prebuilts/clang/host/linux-x86/+/master/GCC_4_9_DEPRECATION.md


Android GCC has been deprecated in favor of Clang, and will be removed from
Android in 2020-01 as per the deprecation plan in:
https://android.googlesource.com/platform/prebuilts/clang/host/linux-x86/+/master/GCC_4_9_DEPRECATION.md


Android GCC has been deprecated in favor of Clang, and will be removed from
Android in 2020-01 as per the deprecation plan in:
https://android.googlesource.com/platform/prebuilts/clang/host/linux-x86/+/master/GCC_4_9_DEPRECATION.md


Android GCC has been deprecated in favor of Clang, and will be removed from
Android in 2020-01 as per the deprecation plan in:
https://android.googlesource.com/platform/prebuilts/clang/host/linux-x86/+/master/GCC_4_9_DEPRECATION.md


Android GCC has been deprecated in favor of Clang, and will be removed from
Android in 2020-01 as per the deprecation plan in:
https://android.googlesource.com/platform/prebuilts/clang/host/linux-x86/+/master/GCC_4_9_DEPRECATION.md


Android GCC has been deprecated in favor of Clang, and will be removed from
Android in 2020-01 as per the deprecation plan in:
https://android.googlesource.com/platform/prebuilts/clang/host/linux-x86/+/master/GCC_4_9_DEPRECATION.md


Android GCC has been deprecated in favor of Clang, and will be removed from
Android in 2020-01 as per the deprecation plan in:
https://android.googlesource.com/platform/prebuilts/clang/host/linux-x86/+/master/GCC_4_9_DEPRECATION.md


  CC      fs/sdfat/mpage.o
  CC      drivers/usb/core/config.o
Android GCC has been deprecated in favor of Clang, and will be removed from
Android in 2020-01 as per the deprecation plan in:
https://android.googlesource.com/platform/prebuilts/clang/host/linux-x86/+/master/GCC_4_9_DEPRECATION.md


  CC      drivers/pci/pcie/aer/aerdrv_core.o
  LD      drivers/staging/android/built-in.o
  CC      fs/locks.o
  CC      drivers/pci/pcie/aer/aerdrv.o
  LD      drivers/pci/host/built-in.o
Android GCC has been deprecated in favor of Clang, and will be removed from
Android in 2020-01 as per the deprecation plan in:
https://android.googlesource.com/platform/prebuilts/clang/host/linux-x86/+/master/GCC_4_9_DEPRECATION.md


  CC      drivers/scsi/scsi_sysfs.o
  CC      drivers/tty/tty_buffer.o
  CC      fs/binfmt_script.o
  CC      drivers/staging/samsung/sec_gaf.o
  CC      drivers/pci/pcie/pme.o
Android GCC has been deprecated in favor of Clang, and will be removed from
Android in 2020-01 as per the deprecation plan in:
https://android.googlesource.com/platform/prebuilts/clang/host/linux-x86/+/master/GCC_4_9_DEPRECATION.md


Android GCC has been deprecated in favor of Clang, and will be removed from
Android in 2020-01 as per the deprecation plan in:
https://android.googlesource.com/platform/prebuilts/clang/host/linux-x86/+/master/GCC_4_9_DEPRECATION.md


  CC      fs/sdfat/extent.o
Android GCC has been deprecated in favor of Clang, and will be removed from
Android in 2020-01 as per the deprecation plan in:
https://android.googlesource.com/platform/prebuilts/clang/host/linux-x86/+/master/GCC_4_9_DEPRECATION.md


  LD      drivers/switch/built-in.o
Android GCC has been deprecated in favor of Clang, and will be removed from
Android in 2020-01 as per the deprecation plan in:
https://android.googlesource.com/platform/prebuilts/clang/host/linux-x86/+/master/GCC_4_9_DEPRECATION.md


Android GCC has been deprecated in favor of Clang, and will be removed from
Android in 2020-01 as per the deprecation plan in:
https://android.googlesource.com/platform/prebuilts/clang/host/linux-x86/+/master/GCC_4_9_DEPRECATION.md


Android GCC has been deprecated in favor of Clang, and will be removed from
Android in 2020-01 as per the deprecation plan in:
https://android.googlesource.com/platform/prebuilts/clang/host/linux-x86/+/master/GCC_4_9_DEPRECATION.md


Android GCC has been deprecated in favor of Clang, and will be removed from
Android in 2020-01 as per the deprecation plan in:
https://android.googlesource.com/platform/prebuilts/clang/host/linux-x86/+/master/GCC_4_9_DEPRECATION.md


Android GCC has been deprecated in favor of Clang, and will be removed from
Android in 2020-01 as per the deprecation plan in:
https://android.googlesource.com/platform/prebuilts/clang/host/linux-x86/+/master/GCC_4_9_DEPRECATION.md


  CC      drivers/pci/syscall.o
In file included from include/trace/define_trace.h:86:0,
                 from include/trace/events/ras.h:77,
                 from drivers/pci/pcie/aer/aerdrv_errprint.c:27:
include/trace/events/ras.h: In function 'perf_trace_aer_event':
include/trace/ftrace.h:653:6: warning: unused variable '__addr' [-Wunused-variable]
  u64 __addr = 0, __count = 1;     \
      ^
include/trace/ftrace.h:32:2: note: in expansion of macro 'DECLARE_EVENT_CLASS'
  DECLARE_EVENT_CLASS(name,          \
  ^
include/trace/events/ras.h:45:1: note: in expansion of macro 'TRACE_EVENT'
 TRACE_EVENT(aer_event,
 ^
Android GCC has been deprecated in favor of Clang, and will be removed from
Android in 2020-01 as per the deprecation plan in:
https://android.googlesource.com/platform/prebuilts/clang/host/linux-x86/+/master/GCC_4_9_DEPRECATION.md


Android GCC has been deprecated in favor of Clang, and will be removed from
Android in 2020-01 as per the deprecation plan in:
https://android.googlesource.com/platform/prebuilts/clang/host/linux-x86/+/master/GCC_4_9_DEPRECATION.md


Android GCC has been deprecated in favor of Clang, and will be removed from
Android in 2020-01 as per the deprecation plan in:
https://android.googlesource.com/platform/prebuilts/clang/host/linux-x86/+/master/GCC_4_9_DEPRECATION.md


  CC      drivers/tty/tty_port.o
Android GCC has been deprecated in favor of Clang, and will be removed from
Android in 2020-01 as per the deprecation plan in:
https://android.googlesource.com/platform/prebuilts/clang/host/linux-x86/+/master/GCC_4_9_DEPRECATION.md


Android GCC has been deprecated in favor of Clang, and will be removed from
Android in 2020-01 as per the deprecation plan in:
https://android.googlesource.com/platform/prebuilts/clang/host/linux-x86/+/master/GCC_4_9_DEPRECATION.md


Android GCC has been deprecated in favor of Clang, and will be removed from
Android in 2020-01 as per the deprecation plan in:
https://android.googlesource.com/platform/prebuilts/clang/host/linux-x86/+/master/GCC_4_9_DEPRECATION.md


  CC      drivers/sensorhub/brcm/factory/light_tmg399x.o
  CC      drivers/usb/dwc3/core.o
Android GCC has been deprecated in favor of Clang, and will be removed from
Android in 2020-01 as per the deprecation plan in:
https://android.googlesource.com/platform/prebuilts/clang/host/linux-x86/+/master/GCC_4_9_DEPRECATION.md


  CC      drivers/usb/gadget/udc-core.o
Android GCC has been deprecated in favor of Clang, and will be removed from
Android in 2020-01 as per the deprecation plan in:
https://android.googlesource.com/platform/prebuilts/clang/host/linux-x86/+/master/GCC_4_9_DEPRECATION.md


Android GCC has been deprecated in favor of Clang, and will be removed from
Android in 2020-01 as per the deprecation plan in:
https://android.googlesource.com/platform/prebuilts/clang/host/linux-x86/+/master/GCC_4_9_DEPRECATION.md


  CC      drivers/usb/host/pci-quirks.o
  LD      drivers/pci/pcie/pcieportdrv.o
  LD      drivers/media/platform/exynos/fimc-is/fimc-is.o
Android GCC has been deprecated in favor of Clang, and will be removed from
Android in 2020-01 as per the deprecation plan in:
https://android.googlesource.com/platform/prebuilts/clang/host/linux-x86/+/master/GCC_4_9_DEPRECATION.md


  CC      drivers/scsi/scsi_devinfo.o
  CC      drivers/staging/samsung/sec_argos.o
Android GCC has been deprecated in favor of Clang, and will be removed from
Android in 2020-01 as per the deprecation plan in:
https://android.googlesource.com/platform/prebuilts/clang/host/linux-x86/+/master/GCC_4_9_DEPRECATION.md


  CC      fs/sdfat/xattr.o
Android GCC has been deprecated in favor of Clang, and will be removed from
Android in 2020-01 as per the deprecation plan in:
https://android.googlesource.com/platform/prebuilts/clang/host/linux-x86/+/master/GCC_4_9_DEPRECATION.md


Android GCC has been deprecated in favor of Clang, and will be removed from
Android in 2020-01 as per the deprecation plan in:
https://android.googlesource.com/platform/prebuilts/clang/host/linux-x86/+/master/GCC_4_9_DEPRECATION.md


Android GCC has been deprecated in favor of Clang, and will be removed from
Android in 2020-01 as per the deprecation plan in:
https://android.googlesource.com/platform/prebuilts/clang/host/linux-x86/+/master/GCC_4_9_DEPRECATION.md


Android GCC has been deprecated in favor of Clang, and will be removed from
Android in 2020-01 as per the deprecation plan in:
https://android.googlesource.com/platform/prebuilts/clang/host/linux-x86/+/master/GCC_4_9_DEPRECATION.md


  CC      drivers/video/fb_notify.o
  CC      drivers/usb/dwc3/otg.o
  CC      drivers/pci/of.o
  CC      drivers/scsi/scsi_sysctl.o
Android GCC has been deprecated in favor of Clang, and will be removed from
Android in 2020-01 as per the deprecation plan in:
https://android.googlesource.com/platform/prebuilts/clang/host/linux-x86/+/master/GCC_4_9_DEPRECATION.md


Android GCC has been deprecated in favor of Clang, and will be removed from
Android in 2020-01 as per the deprecation plan in:
https://android.googlesource.com/platform/prebuilts/clang/host/linux-x86/+/master/GCC_4_9_DEPRECATION.md


Android GCC has been deprecated in favor of Clang, and will be removed from
Android in 2020-01 as per the deprecation plan in:
https://android.googlesource.com/platform/prebuilts/clang/host/linux-x86/+/master/GCC_4_9_DEPRECATION.md


Android GCC has been deprecated in favor of Clang, and will be removed from
Android in 2020-01 as per the deprecation plan in:
https://android.googlesource.com/platform/prebuilts/clang/host/linux-x86/+/master/GCC_4_9_DEPRECATION.md


Android GCC has been deprecated in favor of Clang, and will be removed from
Android in 2020-01 as per the deprecation plan in:
https://android.googlesource.com/platform/prebuilts/clang/host/linux-x86/+/master/GCC_4_9_DEPRECATION.md


  CC      drivers/net/wireless/bcmdhd4358/wl_cfgp2p.o
Android GCC has been deprecated in favor of Clang, and will be removed from
Android in 2020-01 as per the deprecation plan in:
https://android.googlesource.com/platform/prebuilts/clang/host/linux-x86/+/master/GCC_4_9_DEPRECATION.md


  LD      drivers/thermal/thermal_sys.o
Android GCC has been deprecated in favor of Clang, and will be removed from
Android in 2020-01 as per the deprecation plan in:
https://android.googlesource.com/platform/prebuilts/clang/host/linux-x86/+/master/GCC_4_9_DEPRECATION.md


Android GCC has been deprecated in favor of Clang, and will be removed from
Android in 2020-01 as per the deprecation plan in:
https://android.googlesource.com/platform/prebuilts/clang/host/linux-x86/+/master/GCC_4_9_DEPRECATION.md


  LD      drivers/thermal/built-in.o
  CC      drivers/video/fbmem.o
  CC      drivers/w1/w1.o
  CC      drivers/usb/core/file.o
  CC      drivers/sensorhub/brcm/factory/prox_tmg399x.o
Android GCC has been deprecated in favor of Clang, and will be removed from
Android in 2020-01 as per the deprecation plan in:
https://android.googlesource.com/platform/prebuilts/clang/host/linux-x86/+/master/GCC_4_9_DEPRECATION.md


Android GCC has been deprecated in favor of Clang, and will be removed from
Android in 2020-01 as per the deprecation plan in:
https://android.googlesource.com/platform/prebuilts/clang/host/linux-x86/+/master/GCC_4_9_DEPRECATION.md


Android GCC has been deprecated in favor of Clang, and will be removed from
Android in 2020-01 as per the deprecation plan in:
https://android.googlesource.com/platform/prebuilts/clang/host/linux-x86/+/master/GCC_4_9_DEPRECATION.md


Android GCC has been deprecated in favor of Clang, and will be removed from
Android in 2020-01 as per the deprecation plan in:
https://android.googlesource.com/platform/prebuilts/clang/host/linux-x86/+/master/GCC_4_9_DEPRECATION.md


Android GCC has been deprecated in favor of Clang, and will be removed from
Android in 2020-01 as per the deprecation plan in:
https://android.googlesource.com/platform/prebuilts/clang/host/linux-x86/+/master/GCC_4_9_DEPRECATION.md


  CC      fs/sdfat/statistics.o
  CC      drivers/watchdog/watchdog_core.o
Android GCC has been deprecated in favor of Clang, and will be removed from
Android in 2020-01 as per the deprecation plan in:
https://android.googlesource.com/platform/prebuilts/clang/host/linux-x86/+/master/GCC_4_9_DEPRECATION.md


  CC      drivers/tty/tty_mutex.o
Android GCC has been deprecated in favor of Clang, and will be removed from
Android in 2020-01 as per the deprecation plan in:
https://android.googlesource.com/platform/prebuilts/clang/host/linux-x86/+/master/GCC_4_9_DEPRECATION.md


  LD      drivers/pci/pcie/aer/aerdriver.o
Android GCC has been deprecated in favor of Clang, and will be removed from
Android in 2020-01 as per the deprecation plan in:
https://android.googlesource.com/platform/prebuilts/clang/host/linux-x86/+/master/GCC_4_9_DEPRECATION.md


Android GCC has been deprecated in favor of Clang, and will be removed from
Android in 2020-01 as per the deprecation plan in:
https://android.googlesource.com/platform/prebuilts/clang/host/linux-x86/+/master/GCC_4_9_DEPRECATION.md


  LD      drivers/pci/pcie/aer/built-in.o
Android GCC has been deprecated in favor of Clang, and will be removed from
Android in 2020-01 as per the deprecation plan in:
https://android.googlesource.com/platform/prebuilts/clang/host/linux-x86/+/master/GCC_4_9_DEPRECATION.md


Android GCC has been deprecated in favor of Clang, and will be removed from
Android in 2020-01 as per the deprecation plan in:
https://android.googlesource.com/platform/prebuilts/clang/host/linux-x86/+/master/GCC_4_9_DEPRECATION.md


  LD      drivers/pci/pcie/built-in.o
  CC      drivers/scsi/scsi_proc.o
  LD      drivers/pci/built-in.o
Android GCC has been deprecated in favor of Clang, and will be removed from
Android in 2020-01 as per the deprecation plan in:
https://android.googlesource.com/platform/prebuilts/clang/host/linux-x86/+/master/GCC_4_9_DEPRECATION.md


  CC      drivers/usb/core/buffer.o
  CC      drivers/usb/gadget/android.o
  CC      drivers/media/platform/exynos/fimc-is/vendor/crc32.o
Android GCC has been deprecated in favor of Clang, and will be removed from
Android in 2020-01 as per the deprecation plan in:
https://android.googlesource.com/platform/prebuilts/clang/host/linux-x86/+/master/GCC_4_9_DEPRECATION.md


  CC      drivers/w1/w1_int.o
Android GCC has been deprecated in favor of Clang, and will be removed from
Android in 2020-01 as per the deprecation plan in:
https://android.googlesource.com/platform/prebuilts/clang/host/linux-x86/+/master/GCC_4_9_DEPRECATION.md


Android GCC has been deprecated in favor of Clang, and will be removed from
Android in 2020-01 as per the deprecation plan in:
https://android.googlesource.com/platform/prebuilts/clang/host/linux-x86/+/master/GCC_4_9_DEPRECATION.md


  CC      drivers/usb/notify/host_notify_class.o
Android GCC has been deprecated in favor of Clang, and will be removed from
Android in 2020-01 as per the deprecation plan in:
https://android.googlesource.com/platform/prebuilts/clang/host/linux-x86/+/master/GCC_4_9_DEPRECATION.md


Android GCC has been deprecated in favor of Clang, and will be removed from
Android in 2020-01 as per the deprecation plan in:
https://android.googlesource.com/platform/prebuilts/clang/host/linux-x86/+/master/GCC_4_9_DEPRECATION.md


Android GCC has been deprecated in favor of Clang, and will be removed from
Android in 2020-01 as per the deprecation plan in:
https://android.googlesource.com/platform/prebuilts/clang/host/linux-x86/+/master/GCC_4_9_DEPRECATION.md


  CC      drivers/w1/w1_family.o
  CC      drivers/usb/notify/external_notify.o
  CC      drivers/usb/phy/phy.o
Android GCC has been deprecated in favor of Clang, and will be removed from
Android in 2020-01 as per the deprecation plan in:
https://android.googlesource.com/platform/prebuilts/clang/host/linux-x86/+/master/GCC_4_9_DEPRECATION.md


Android GCC has been deprecated in favor of Clang, and will be removed from
Android in 2020-01 as per the deprecation plan in:
https://android.googlesource.com/platform/prebuilts/clang/host/linux-x86/+/master/GCC_4_9_DEPRECATION.md


Android GCC has been deprecated in favor of Clang, and will be removed from
Android in 2020-01 as per the deprecation plan in:
https://android.googlesource.com/platform/prebuilts/clang/host/linux-x86/+/master/GCC_4_9_DEPRECATION.md


Android GCC has been deprecated in favor of Clang, and will be removed from
Android in 2020-01 as per the deprecation plan in:
https://android.googlesource.com/platform/prebuilts/clang/host/linux-x86/+/master/GCC_4_9_DEPRECATION.md


Android GCC has been deprecated in favor of Clang, and will be removed from
Android in 2020-01 as per the deprecation plan in:
https://android.googlesource.com/platform/prebuilts/clang/host/linux-x86/+/master/GCC_4_9_DEPRECATION.md


Android GCC has been deprecated in favor of Clang, and will be removed from
Android in 2020-01 as per the deprecation plan in:
https://android.googlesource.com/platform/prebuilts/clang/host/linux-x86/+/master/GCC_4_9_DEPRECATION.md


  CC      drivers/usb/core/sysfs.o
  CC      drivers/media/platform/exynos/fimc-is/vendor/fimc-is-companion-dt.o
Android GCC has been deprecated in favor of Clang, and will be removed from
Android in 2020-01 as per the deprecation plan in:
https://android.googlesource.com/platform/prebuilts/clang/host/linux-x86/+/master/GCC_4_9_DEPRECATION.md


Android GCC has been deprecated in favor of Clang, and will be removed from
Android in 2020-01 as per the deprecation plan in:
https://android.googlesource.com/platform/prebuilts/clang/host/linux-x86/+/master/GCC_4_9_DEPRECATION.md


Android GCC has been deprecated in favor of Clang, and will be removed from
Android in 2020-01 as per the deprecation plan in:
https://android.googlesource.com/platform/prebuilts/clang/host/linux-x86/+/master/GCC_4_9_DEPRECATION.md


  CC      drivers/usb/dwc3/host.o
Android GCC has been deprecated in favor of Clang, and will be removed from
Android in 2020-01 as per the deprecation plan in:
https://android.googlesource.com/platform/prebuilts/clang/host/linux-x86/+/master/GCC_4_9_DEPRECATION.md


Android GCC has been deprecated in favor of Clang, and will be removed from
Android in 2020-01 as per the deprecation plan in:
https://android.googlesource.com/platform/prebuilts/clang/host/linux-x86/+/master/GCC_4_9_DEPRECATION.md


Android GCC has been deprecated in favor of Clang, and will be removed from
Android in 2020-01 as per the deprecation plan in:
https://android.googlesource.com/platform/prebuilts/clang/host/linux-x86/+/master/GCC_4_9_DEPRECATION.md


Android GCC has been deprecated in favor of Clang, and will be removed from
Android in 2020-01 as per the deprecation plan in:
https://android.googlesource.com/platform/prebuilts/clang/host/linux-x86/+/master/GCC_4_9_DEPRECATION.md


  CC      drivers/watchdog/watchdog_dev.o
  CC      drivers/usb/host/ehci-hcd.o
  CC      drivers/staging/samsung/sec_log.o
  LD      fs/sdfat/sdfat_fs.o
  CC      drivers/sensorhub/brcm/factory/gesture_tmg399x.o
Android GCC has been deprecated in favor of Clang, and will be removed from
Android in 2020-01 as per the deprecation plan in:
https://android.googlesource.com/platform/prebuilts/clang/host/linux-x86/+/master/GCC_4_9_DEPRECATION.md


Android GCC has been deprecated in favor of Clang, and will be removed from
Android in 2020-01 as per the deprecation plan in:
https://android.googlesource.com/platform/prebuilts/clang/host/linux-x86/+/master/GCC_4_9_DEPRECATION.md


Android GCC has been deprecated in favor of Clang, and will be removed from
Android in 2020-01 as per the deprecation plan in:
https://android.googlesource.com/platform/prebuilts/clang/host/linux-x86/+/master/GCC_4_9_DEPRECATION.md


  LD      fs/sdfat/built-in.o
Android GCC has been deprecated in favor of Clang, and will be removed from
Android in 2020-01 as per the deprecation plan in:
https://android.googlesource.com/platform/prebuilts/clang/host/linux-x86/+/master/GCC_4_9_DEPRECATION.md


In file included from drivers/usb/gadget/android.c:36:0:
drivers/usb/gadget/f_fs.c: In function 'ffs_epfile_io':
drivers/usb/gadget/f_fs.c:772:2: warning: format '%ld' expects argument of type 'long int', but argument 3 has type 'size_t' [-Wformat=]
  pr_debug("%s: len %ld, buffer_len %d, read %d\n", __func__, len, buffer_len, read);
  ^
  CC      drivers/tty/pty.o
  CC      drivers/usb/dwc3/gadget.o
  CC      drivers/usb/phy/of.o
  CC      drivers/net/wireless/bcmdhd4358/wl_cfg_btcoex.o
Android GCC has been deprecated in favor of Clang, and will be removed from
Android in 2020-01 as per the deprecation plan in:
https://android.googlesource.com/platform/prebuilts/clang/host/linux-x86/+/master/GCC_4_9_DEPRECATION.md


Android GCC has been deprecated in favor of Clang, and will be removed from
Android in 2020-01 as per the deprecation plan in:
https://android.googlesource.com/platform/prebuilts/clang/host/linux-x86/+/master/GCC_4_9_DEPRECATION.md


Android GCC has been deprecated in favor of Clang, and will be removed from
Android in 2020-01 as per the deprecation plan in:
https://android.googlesource.com/platform/prebuilts/clang/host/linux-x86/+/master/GCC_4_9_DEPRECATION.md


Android GCC has been deprecated in favor of Clang, and will be removed from
Android in 2020-01 as per the deprecation plan in:
https://android.googlesource.com/platform/prebuilts/clang/host/linux-x86/+/master/GCC_4_9_DEPRECATION.md


Android GCC has been deprecated in favor of Clang, and will be removed from
Android in 2020-01 as per the deprecation plan in:
https://android.googlesource.com/platform/prebuilts/clang/host/linux-x86/+/master/GCC_4_9_DEPRECATION.md


Android GCC has been deprecated in favor of Clang, and will be removed from
Android in 2020-01 as per the deprecation plan in:
https://android.googlesource.com/platform/prebuilts/clang/host/linux-x86/+/master/GCC_4_9_DEPRECATION.md


  CC      fs/binfmt_elf.o
  CC      drivers/usb/dwc3/ep0.o
  CC      drivers/w1/w1_netlink.o
Android GCC has been deprecated in favor of Clang, and will be removed from
Android in 2020-01 as per the deprecation plan in:
https://android.googlesource.com/platform/prebuilts/clang/host/linux-x86/+/master/GCC_4_9_DEPRECATION.md


Android GCC has been deprecated in favor of Clang, and will be removed from
Android in 2020-01 as per the deprecation plan in:
https://android.googlesource.com/platform/prebuilts/clang/host/linux-x86/+/master/GCC_4_9_DEPRECATION.md


Android GCC has been deprecated in favor of Clang, and will be removed from
Android in 2020-01 as per the deprecation plan in:
https://android.googlesource.com/platform/prebuilts/clang/host/linux-x86/+/master/GCC_4_9_DEPRECATION.md


  CC      drivers/usb/dwc3/debugfs.o
  CC      drivers/usb/notify/usb_notify.o
  CC      drivers/scsi/scsi_trace.o
Android GCC has been deprecated in favor of Clang, and will be removed from
Android in 2020-01 as per the deprecation plan in:
https://android.googlesource.com/platform/prebuilts/clang/host/linux-x86/+/master/GCC_4_9_DEPRECATION.md


Android GCC has been deprecated in favor of Clang, and will be removed from
Android in 2020-01 as per the deprecation plan in:
https://android.googlesource.com/platform/prebuilts/clang/host/linux-x86/+/master/GCC_4_9_DEPRECATION.md


Android GCC has been deprecated in favor of Clang, and will be removed from
Android in 2020-01 as per the deprecation plan in:
https://android.googlesource.com/platform/prebuilts/clang/host/linux-x86/+/master/GCC_4_9_DEPRECATION.md


Android GCC has been deprecated in favor of Clang, and will be removed from
Android in 2020-01 as per the deprecation plan in:
https://android.googlesource.com/platform/prebuilts/clang/host/linux-x86/+/master/GCC_4_9_DEPRECATION.md


  CC      drivers/media/platform/exynos/fimc-is/vendor/fimc-is-companion.o
Android GCC has been deprecated in favor of Clang, and will be removed from
Android in 2020-01 as per the deprecation plan in:
https://android.googlesource.com/platform/prebuilts/clang/host/linux-x86/+/master/GCC_4_9_DEPRECATION.md


Android GCC has been deprecated in favor of Clang, and will be removed from
Android in 2020-01 as per the deprecation plan in:
https://android.googlesource.com/platform/prebuilts/clang/host/linux-x86/+/master/GCC_4_9_DEPRECATION.md


  CC      drivers/net/wireless/bcmdhd4358/wldev_common.o
  CC      drivers/watchdog/s3c2410_wdt.o
Android GCC has been deprecated in favor of Clang, and will be removed from
Android in 2020-01 as per the deprecation plan in:
https://android.googlesource.com/platform/prebuilts/clang/host/linux-x86/+/master/GCC_4_9_DEPRECATION.md


Android GCC has been deprecated in favor of Clang, and will be removed from
Android in 2020-01 as per the deprecation plan in:
https://android.googlesource.com/platform/prebuilts/clang/host/linux-x86/+/master/GCC_4_9_DEPRECATION.md


Android GCC has been deprecated in favor of Clang, and will be removed from
Android in 2020-01 as per the deprecation plan in:
https://android.googlesource.com/platform/prebuilts/clang/host/linux-x86/+/master/GCC_4_9_DEPRECATION.md


  CC      fs/mbcache.o
  CC      drivers/sensorhub/brcm/factory/pressure_bmp182.o
  CC      drivers/usb/core/endpoint.o
Android GCC has been deprecated in favor of Clang, and will be removed from
Android in 2020-01 as per the deprecation plan in:
https://android.googlesource.com/platform/prebuilts/clang/host/linux-x86/+/master/GCC_4_9_DEPRECATION.md


Android GCC has been deprecated in favor of Clang, and will be removed from
Android in 2020-01 as per the deprecation plan in:
https://android.googlesource.com/platform/prebuilts/clang/host/linux-x86/+/master/GCC_4_9_DEPRECATION.md


Android GCC has been deprecated in favor of Clang, and will be removed from
Android in 2020-01 as per the deprecation plan in:
https://android.googlesource.com/platform/prebuilts/clang/host/linux-x86/+/master/GCC_4_9_DEPRECATION.md


Android GCC has been deprecated in favor of Clang, and will be removed from
Android in 2020-01 as per the deprecation plan in:
https://android.googlesource.com/platform/prebuilts/clang/host/linux-x86/+/master/GCC_4_9_DEPRECATION.md


  CC      drivers/usb/phy/phy-samsung-usb.o
  CC      drivers/net/wireless/bcmdhd4358/wl_linux_mon.o
Android GCC has been deprecated in favor of Clang, and will be removed from
Android in 2020-01 as per the deprecation plan in:
https://android.googlesource.com/platform/prebuilts/clang/host/linux-x86/+/master/GCC_4_9_DEPRECATION.md


Android GCC has been deprecated in favor of Clang, and will be removed from
Android in 2020-01 as per the deprecation plan in:
https://android.googlesource.com/platform/prebuilts/clang/host/linux-x86/+/master/GCC_4_9_DEPRECATION.md


  CC      drivers/usb/serial/usb-serial.o
  CC      drivers/tty/tty_audit.o
Android GCC has been deprecated in favor of Clang, and will be removed from
Android in 2020-01 as per the deprecation plan in:
https://android.googlesource.com/platform/prebuilts/clang/host/linux-x86/+/master/GCC_4_9_DEPRECATION.md


Android GCC has been deprecated in favor of Clang, and will be removed from
Android in 2020-01 as per the deprecation plan in:
https://android.googlesource.com/platform/prebuilts/clang/host/linux-x86/+/master/GCC_4_9_DEPRECATION.md


  CC      drivers/w1/w1_io.o
  CC      drivers/video/fbmon.o
Android GCC has been deprecated in favor of Clang, and will be removed from
Android in 2020-01 as per the deprecation plan in:
https://android.googlesource.com/platform/prebuilts/clang/host/linux-x86/+/master/GCC_4_9_DEPRECATION.md


Android GCC has been deprecated in favor of Clang, and will be removed from
Android in 2020-01 as per the deprecation plan in:
https://android.googlesource.com/platform/prebuilts/clang/host/linux-x86/+/master/GCC_4_9_DEPRECATION.md


  CC      drivers/scsi/scsi_pm.o
  CC      drivers/net/wireless/bcmdhd4358/wl_roam.o
  CC      drivers/usb/serial/generic.o
Android GCC has been deprecated in favor of Clang, and will be removed from
Android in 2020-01 as per the deprecation plan in:
https://android.googlesource.com/platform/prebuilts/clang/host/linux-x86/+/master/GCC_4_9_DEPRECATION.md

Android GCC has been deprecated in favor of Clang, and will be removed from
Android in 2020-01 as per the deprecation plan in:
https://android.googlesource.com/platform/prebuilts/clang/host/linux-x86/+/master/GCC_4_9_DEPRECATION.md



Android GCC has been deprecated in favor of Clang, and will be removed from
Android in 2020-01 as per the deprecation plan in:
https://android.googlesource.com/platform/prebuilts/clang/host/linux-x86/+/master/GCC_4_9_DEPRECATION.md


  LD      drivers/watchdog/watchdog.o
  LD      drivers/watchdog/built-in.o
  CC      drivers/usb/core/devio.o
  CC      drivers/usb/serial/bus.o
Android GCC has been deprecated in favor of Clang, and will be removed from
Android in 2020-01 as per the deprecation plan in:
https://android.googlesource.com/platform/prebuilts/clang/host/linux-x86/+/master/GCC_4_9_DEPRECATION.md


Android GCC has been deprecated in favor of Clang, and will be removed from
Android in 2020-01 as per the deprecation plan in:
https://android.googlesource.com/platform/prebuilts/clang/host/linux-x86/+/master/GCC_4_9_DEPRECATION.md


Android GCC has been deprecated in favor of Clang, and will be removed from
Android in 2020-01 as per the deprecation plan in:
https://android.googlesource.com/platform/prebuilts/clang/host/linux-x86/+/master/GCC_4_9_DEPRECATION.md


  CC      drivers/media/platform/exynos/fimc-is/vendor/fimc-is-fan53555.o
Android GCC has been deprecated in favor of Clang, and will be removed from
Android in 2020-01 as per the deprecation plan in:
https://android.googlesource.com/platform/prebuilts/clang/host/linux-x86/+/master/GCC_4_9_DEPRECATION.md


Android GCC has been deprecated in favor of Clang, and will be removed from
Android in 2020-01 as per the deprecation plan in:
https://android.googlesource.com/platform/prebuilts/clang/host/linux-x86/+/master/GCC_4_9_DEPRECATION.md


Android GCC has been deprecated in favor of Clang, and will be removed from
Android in 2020-01 as per the deprecation plan in:
https://android.googlesource.com/platform/prebuilts/clang/host/linux-x86/+/master/GCC_4_9_DEPRECATION.md


  CC      drivers/sensorhub/brcm/factory/barcode_emul_tmg3992.o
  CC      drivers/sensorhub/brcm/ssp_sensorhub.o
Android GCC has been deprecated in favor of Clang, and will be removed from
Android in 2020-01 as per the deprecation plan in:
https://android.googlesource.com/platform/prebuilts/clang/host/linux-x86/+/master/GCC_4_9_DEPRECATION.md


  CC      drivers/usb/phy/phy-samsung-usb2.o
Android GCC has been deprecated in favor of Clang, and will be removed from
Android in 2020-01 as per the deprecation plan in:
https://android.googlesource.com/platform/prebuilts/clang/host/linux-x86/+/master/GCC_4_9_DEPRECATION.md


Android GCC has been deprecated in favor of Clang, and will be removed from
Android in 2020-01 as per the deprecation plan in:
https://android.googlesource.com/platform/prebuilts/clang/host/linux-x86/+/master/GCC_4_9_DEPRECATION.md


Android GCC has been deprecated in favor of Clang, and will be removed from
Android in 2020-01 as per the deprecation plan in:
https://android.googlesource.com/platform/prebuilts/clang/host/linux-x86/+/master/GCC_4_9_DEPRECATION.md


Android GCC has been deprecated in favor of Clang, and will be removed from
Android in 2020-01 as per the deprecation plan in:
https://android.googlesource.com/platform/prebuilts/clang/host/linux-x86/+/master/GCC_4_9_DEPRECATION.md


  CC      drivers/staging/samsung/sec_log_pmsg.o
Android GCC has been deprecated in favor of Clang, and will be removed from
Android in 2020-01 as per the deprecation plan in:
https://android.googlesource.com/platform/prebuilts/clang/host/linux-x86/+/master/GCC_4_9_DEPRECATION.md


  CC      drivers/usb/serial/pl2303.o
  CC      drivers/tty/sysrq.o
Android GCC has been deprecated in favor of Clang, and will be removed from
Android in 2020-01 as per the deprecation plan in:
https://android.googlesource.com/platform/prebuilts/clang/host/linux-x86/+/master/GCC_4_9_DEPRECATION.md


Android GCC has been deprecated in favor of Clang, and will be removed from
Android in 2020-01 as per the deprecation plan in:
https://android.googlesource.com/platform/prebuilts/clang/host/linux-x86/+/master/GCC_4_9_DEPRECATION.md


Android GCC has been deprecated in favor of Clang, and will be removed from
Android in 2020-01 as per the deprecation plan in:
https://android.googlesource.com/platform/prebuilts/clang/host/linux-x86/+/master/GCC_4_9_DEPRECATION.md


  CC      drivers/usb/host/ehci-pci.o
  CC      drivers/w1/masters/w1-gpio-exynos5433.o
Android GCC has been deprecated in favor of Clang, and will be removed from
Android in 2020-01 as per the deprecation plan in:
https://android.googlesource.com/platform/prebuilts/clang/host/linux-x86/+/master/GCC_4_9_DEPRECATION.md


  CC      drivers/usb/notify/usb_notify_sysfs.o
  CC      fs/posix_acl.o
Android GCC has been deprecated in favor of Clang, and will be removed from
Android in 2020-01 as per the deprecation plan in:
https://android.googlesource.com/platform/prebuilts/clang/host/linux-x86/+/master/GCC_4_9_DEPRECATION.md


  CC      drivers/usb/storage/scsiglue.o
Android GCC has been deprecated in favor of Clang, and will be removed from
Android in 2020-01 as per the deprecation plan in:
https://android.googlesource.com/platform/prebuilts/clang/host/linux-x86/+/master/GCC_4_9_DEPRECATION.md


  CC      drivers/usb/core/notify.o
Android GCC has been deprecated in favor of Clang, and will be removed from
Android in 2020-01 as per the deprecation plan in:
https://android.googlesource.com/platform/prebuilts/clang/host/linux-x86/+/master/GCC_4_9_DEPRECATION.md


Android GCC has been deprecated in favor of Clang, and will be removed from
Android in 2020-01 as per the deprecation plan in:
https://android.googlesource.com/platform/prebuilts/clang/host/linux-x86/+/master/GCC_4_9_DEPRECATION.md


Android GCC has been deprecated in favor of Clang, and will be removed from
Android in 2020-01 as per the deprecation plan in:
https://android.googlesource.com/platform/prebuilts/clang/host/linux-x86/+/master/GCC_4_9_DEPRECATION.md


Android GCC has been deprecated in favor of Clang, and will be removed from
Android in 2020-01 as per the deprecation plan in:
https://android.googlesource.com/platform/prebuilts/clang/host/linux-x86/+/master/GCC_4_9_DEPRECATION.md


  CC      drivers/media/platform/exynos/fimc-is/vendor/fimc-is-ncp6335b.o
  CC      drivers/scsi/sd.o
Android GCC has been deprecated in favor of Clang, and will be removed from
Android in 2020-01 as per the deprecation plan in:
https://android.googlesource.com/platform/prebuilts/clang/host/linux-x86/+/master/GCC_4_9_DEPRECATION.md


Android GCC has been deprecated in favor of Clang, and will be removed from
Android in 2020-01 as per the deprecation plan in:
https://android.googlesource.com/platform/prebuilts/clang/host/linux-x86/+/master/GCC_4_9_DEPRECATION.md


  CC      drivers/usb/storage/protocol.o
Android GCC has been deprecated in favor of Clang, and will be removed from
Android in 2020-01 as per the deprecation plan in:
https://android.googlesource.com/platform/prebuilts/clang/host/linux-x86/+/master/GCC_4_9_DEPRECATION.md


  CC      drivers/usb/dwc3/dwc3-exynos.o
  CC      drivers/media/platform/exynos/fimc-is/vendor/fimc-is-device-ois.o
  CC      drivers/usb/host/ehci-s5p.o
Android GCC has been deprecated in favor of Clang, and will be removed from
Android in 2020-01 as per the deprecation plan in:
https://android.googlesource.com/platform/prebuilts/clang/host/linux-x86/+/master/GCC_4_9_DEPRECATION.md


Android GCC has been deprecated in favor of Clang, and will be removed from
Android in 2020-01 as per the deprecation plan in:
https://android.googlesource.com/platform/prebuilts/clang/host/linux-x86/+/master/GCC_4_9_DEPRECATION.md


Android GCC has been deprecated in favor of Clang, and will be removed from
Android in 2020-01 as per the deprecation plan in:
https://android.googlesource.com/platform/prebuilts/clang/host/linux-x86/+/master/GCC_4_9_DEPRECATION.md


  CC      drivers/usb/phy/phy-samsung-usb2-dummy.o
  CC      fs/xattr_acl.o
Android GCC has been deprecated in favor of Clang, and will be removed from
Android in 2020-01 as per the deprecation plan in:
https://android.googlesource.com/platform/prebuilts/clang/host/linux-x86/+/master/GCC_4_9_DEPRECATION.md


Android GCC has been deprecated in favor of Clang, and will be removed from
Android in 2020-01 as per the deprecation plan in:
https://android.googlesource.com/platform/prebuilts/clang/host/linux-x86/+/master/GCC_4_9_DEPRECATION.md


Android GCC has been deprecated in favor of Clang, and will be removed from
Android in 2020-01 as per the deprecation plan in:
https://android.googlesource.com/platform/prebuilts/clang/host/linux-x86/+/master/GCC_4_9_DEPRECATION.md


Android GCC has been deprecated in favor of Clang, and will be removed from
Android in 2020-01 as per the deprecation plan in:
https://android.googlesource.com/platform/prebuilts/clang/host/linux-x86/+/master/GCC_4_9_DEPRECATION.md


Android GCC has been deprecated in favor of Clang, and will be removed from
Android in 2020-01 as per the deprecation plan in:
https://android.googlesource.com/platform/prebuilts/clang/host/linux-x86/+/master/GCC_4_9_DEPRECATION.md


Android GCC has been deprecated in favor of Clang, and will be removed from
Android in 2020-01 as per the deprecation plan in:
https://android.googlesource.com/platform/prebuilts/clang/host/linux-x86/+/master/GCC_4_9_DEPRECATION.md


  CC      drivers/usb/notify/usb_notifier.o
  CC      drivers/sensorhub/brcm/ssp_misc.o
Android GCC has been deprecated in favor of Clang, and will be removed from
Android in 2020-01 as per the deprecation plan in:
https://android.googlesource.com/platform/prebuilts/clang/host/linux-x86/+/master/GCC_4_9_DEPRECATION.md


  CC      drivers/usb/core/generic.o
  CC      drivers/usb/usb-common.o
Android GCC has been deprecated in favor of Clang, and will be removed from
Android in 2020-01 as per the deprecation plan in:
https://android.googlesource.com/platform/prebuilts/clang/host/linux-x86/+/master/GCC_4_9_DEPRECATION.md


Android GCC has been deprecated in favor of Clang, and will be removed from
Android in 2020-01 as per the deprecation plan in:
https://android.googlesource.com/platform/prebuilts/clang/host/linux-x86/+/master/GCC_4_9_DEPRECATION.md


Android GCC has been deprecated in favor of Clang, and will be removed from
Android in 2020-01 as per the deprecation plan in:
https://android.googlesource.com/platform/prebuilts/clang/host/linux-x86/+/master/GCC_4_9_DEPRECATION.md


Android GCC has been deprecated in favor of Clang, and will be removed from
Android in 2020-01 as per the deprecation plan in:
https://android.googlesource.com/platform/prebuilts/clang/host/linux-x86/+/master/GCC_4_9_DEPRECATION.md


Android GCC has been deprecated in favor of Clang, and will be removed from
Android in 2020-01 as per the deprecation plan in:
https://android.googlesource.com/platform/prebuilts/clang/host/linux-x86/+/master/GCC_4_9_DEPRECATION.md


  CC      drivers/staging/samsung/sec_memory.o
  LD      drivers/w1/masters/built-in.o
Android GCC has been deprecated in favor of Clang, and will be removed from
Android in 2020-01 as per the deprecation plan in:
https://android.googlesource.com/platform/prebuilts/clang/host/linux-x86/+/master/GCC_4_9_DEPRECATION.md


Android GCC has been deprecated in favor of Clang, and will be removed from
Android in 2020-01 as per the deprecation plan in:
https://android.googlesource.com/platform/prebuilts/clang/host/linux-x86/+/master/GCC_4_9_DEPRECATION.md


  CC      drivers/usb/gadget/usbstring.o
  CC      drivers/w1/slaves/w1_ds28el35.o
Android GCC has been deprecated in favor of Clang, and will be removed from
Android in 2020-01 as per the deprecation plan in:
https://android.googlesource.com/platform/prebuilts/clang/host/linux-x86/+/master/GCC_4_9_DEPRECATION.md


  LD      drivers/usb/serial/usbserial.o
  CC      drivers/staging/samsung/sec_reboot.o
Android GCC has been deprecated in favor of Clang, and will be removed from
Android in 2020-01 as per the deprecation plan in:
https://android.googlesource.com/platform/prebuilts/clang/host/linux-x86/+/master/GCC_4_9_DEPRECATION.md


Android GCC has been deprecated in favor of Clang, and will be removed from
Android in 2020-01 as per the deprecation plan in:
https://android.googlesource.com/platform/prebuilts/clang/host/linux-x86/+/master/GCC_4_9_DEPRECATION.md


  LD      drivers/usb/serial/built-in.o
Android GCC has been deprecated in favor of Clang, and will be removed from
Android in 2020-01 as per the deprecation plan in:
https://android.googlesource.com/platform/prebuilts/clang/host/linux-x86/+/master/GCC_4_9_DEPRECATION.md


  CC      drivers/w1/slaves/w1_ds28el35/ecdsa_software_gmp.o
Android GCC has been deprecated in favor of Clang, and will be removed from
Android in 2020-01 as per the deprecation plan in:
https://android.googlesource.com/platform/prebuilts/clang/host/linux-x86/+/master/GCC_4_9_DEPRECATION.md


Android GCC has been deprecated in favor of Clang, and will be removed from
Android in 2020-01 as per the deprecation plan in:
https://android.googlesource.com/platform/prebuilts/clang/host/linux-x86/+/master/GCC_4_9_DEPRECATION.md


  CC      drivers/usb/storage/transport.o
  CC      drivers/usb/phy/phy-samsung-usb3.o
Android GCC has been deprecated in favor of Clang, and will be removed from
Android in 2020-01 as per the deprecation plan in:
https://android.googlesource.com/platform/prebuilts/clang/host/linux-x86/+/master/GCC_4_9_DEPRECATION.md


Android GCC has been deprecated in favor of Clang, and will be removed from
Android in 2020-01 as per the deprecation plan in:
https://android.googlesource.com/platform/prebuilts/clang/host/linux-x86/+/master/GCC_4_9_DEPRECATION.md


Android GCC has been deprecated in favor of Clang, and will be removed from
Android in 2020-01 as per the deprecation plan in:
https://android.googlesource.com/platform/prebuilts/clang/host/linux-x86/+/master/GCC_4_9_DEPRECATION.md


  CC      drivers/video/fbcmap.o
  CC      drivers/tty/serial/serial_core.o
Android GCC has been deprecated in favor of Clang, and will be removed from
Android in 2020-01 as per the deprecation plan in:
https://android.googlesource.com/platform/prebuilts/clang/host/linux-x86/+/master/GCC_4_9_DEPRECATION.md


Android GCC has been deprecated in favor of Clang, and will be removed from
Android in 2020-01 as per the deprecation plan in:
https://android.googlesource.com/platform/prebuilts/clang/host/linux-x86/+/master/GCC_4_9_DEPRECATION.md


Android GCC has been deprecated in favor of Clang, and will be removed from
Android in 2020-01 as per the deprecation plan in:
https://android.googlesource.com/platform/prebuilts/clang/host/linux-x86/+/master/GCC_4_9_DEPRECATION.md


  CC      drivers/w1/slaves/w1_ds28el35/gnu_modular_sqrt.o
Android GCC has been deprecated in favor of Clang, and will be removed from
Android in 2020-01 as per the deprecation plan in:
https://android.googlesource.com/platform/prebuilts/clang/host/linux-x86/+/master/GCC_4_9_DEPRECATION.md


  CC      fs/generic_acl.o
  CC      drivers/tty/serial/8250/8250_core.o
  CC      fs/coredump.o
Android GCC has been deprecated in favor of Clang, and will be removed from
Android in 2020-01 as per the deprecation plan in:
https://android.googlesource.com/platform/prebuilts/clang/host/linux-x86/+/master/GCC_4_9_DEPRECATION.md


Android GCC has been deprecated in favor of Clang, and will be removed from
Android in 2020-01 as per the deprecation plan in:
https://android.googlesource.com/platform/prebuilts/clang/host/linux-x86/+/master/GCC_4_9_DEPRECATION.md


Android GCC has been deprecated in favor of Clang, and will be removed from
Android in 2020-01 as per the deprecation plan in:
https://android.googlesource.com/platform/prebuilts/clang/host/linux-x86/+/master/GCC_4_9_DEPRECATION.md


  CC      drivers/video/fbsysfs.o
Android GCC has been deprecated in favor of Clang, and will be removed from
Android in 2020-01 as per the deprecation plan in:
https://android.googlesource.com/platform/prebuilts/clang/host/linux-x86/+/master/GCC_4_9_DEPRECATION.md


Android GCC has been deprecated in favor of Clang, and will be removed from
Android in 2020-01 as per the deprecation plan in:
https://android.googlesource.com/platform/prebuilts/clang/host/linux-x86/+/master/GCC_4_9_DEPRECATION.md


Android GCC has been deprecated in favor of Clang, and will be removed from
Android in 2020-01 as per the deprecation plan in:
https://android.googlesource.com/platform/prebuilts/clang/host/linux-x86/+/master/GCC_4_9_DEPRECATION.md


  CC      drivers/video/modedb.o
Android GCC has been deprecated in favor of Clang, and will be removed from
Android in 2020-01 as per the deprecation plan in:
https://android.googlesource.com/platform/prebuilts/clang/host/linux-x86/+/master/GCC_4_9_DEPRECATION.md


Android GCC has been deprecated in favor of Clang, and will be removed from
Android in 2020-01 as per the deprecation plan in:
https://android.googlesource.com/platform/prebuilts/clang/host/linux-x86/+/master/GCC_4_9_DEPRECATION.md


  LD      drivers/usb/notify/built-in.o
  CC      drivers/usb/core/quirks.o
  CC      drivers/usb/dwc3/dwc3-pci.o
  CC      fs/drop_caches.o
Android GCC has been deprecated in favor of Clang, and will be removed from
Android in 2020-01 as per the deprecation plan in:
https://android.googlesource.com/platform/prebuilts/clang/host/linux-x86/+/master/GCC_4_9_DEPRECATION.md


Android GCC has been deprecated in favor of Clang, and will be removed from
Android in 2020-01 as per the deprecation plan in:
https://android.googlesource.com/platform/prebuilts/clang/host/linux-x86/+/master/GCC_4_9_DEPRECATION.md


  CC      drivers/sensorhub/brcm/max86902.o
  LD      drivers/w1/wire.o
Android GCC has been deprecated in favor of Clang, and will be removed from
Android in 2020-01 as per the deprecation plan in:
https://android.googlesource.com/platform/prebuilts/clang/host/linux-x86/+/master/GCC_4_9_DEPRECATION.md


Android GCC has been deprecated in favor of Clang, and will be removed from
Android in 2020-01 as per the deprecation plan in:
https://android.googlesource.com/platform/prebuilts/clang/host/linux-x86/+/master/GCC_4_9_DEPRECATION.md


Android GCC has been deprecated in favor of Clang, and will be removed from
Android in 2020-01 as per the deprecation plan in:
https://android.googlesource.com/platform/prebuilts/clang/host/linux-x86/+/master/GCC_4_9_DEPRECATION.md


  CC      drivers/media/platform/exynos/fimc-is/vendor/fimc-is-device-af.o
Android GCC has been deprecated in favor of Clang, and will be removed from
Android in 2020-01 as per the deprecation plan in:
https://android.googlesource.com/platform/prebuilts/clang/host/linux-x86/+/master/GCC_4_9_DEPRECATION.md


Android GCC has been deprecated in favor of Clang, and will be removed from
Android in 2020-01 as per the deprecation plan in:
https://android.googlesource.com/platform/prebuilts/clang/host/linux-x86/+/master/GCC_4_9_DEPRECATION.md


  CC      drivers/tty/serial/8250/8250_dma.o
  CC      drivers/tty/serial/samsung.o
Android GCC has been deprecated in favor of Clang, and will be removed from
Android in 2020-01 as per the deprecation plan in:
https://android.googlesource.com/platform/prebuilts/clang/host/linux-x86/+/master/GCC_4_9_DEPRECATION.md


Android GCC has been deprecated in favor of Clang, and will be removed from
Android in 2020-01 as per the deprecation plan in:
https://android.googlesource.com/platform/prebuilts/clang/host/linux-x86/+/master/GCC_4_9_DEPRECATION.md


  LD      drivers/usb/phy/built-in.o
Android GCC has been deprecated in favor of Clang, and will be removed from
Android in 2020-01 as per the deprecation plan in:
https://android.googlesource.com/platform/prebuilts/clang/host/linux-x86/+/master/GCC_4_9_DEPRECATION.md


  CC      drivers/tty/serial/of_serial.o
  CC      drivers/w1/slaves/w1_ds28el35/sha256_software.o
Android GCC has been deprecated in favor of Clang, and will be removed from
Android in 2020-01 as per the deprecation plan in:
https://android.googlesource.com/platform/prebuilts/clang/host/linux-x86/+/master/GCC_4_9_DEPRECATION.md


Android GCC has been deprecated in favor of Clang, and will be removed from
Android in 2020-01 as per the deprecation plan in:
https://android.googlesource.com/platform/prebuilts/clang/host/linux-x86/+/master/GCC_4_9_DEPRECATION.md


Android GCC has been deprecated in favor of Clang, and will be removed from
Android in 2020-01 as per the deprecation plan in:
https://android.googlesource.com/platform/prebuilts/clang/host/linux-x86/+/master/GCC_4_9_DEPRECATION.md


  CC      drivers/usb/gadget/config.o
  CC      drivers/staging/samsung/sec_sysfs.o
  CC      drivers/usb/core/devices.o
Android GCC has been deprecated in favor of Clang, and will be removed from
Android in 2020-01 as per the deprecation plan in:
https://android.googlesource.com/platform/prebuilts/clang/host/linux-x86/+/master/GCC_4_9_DEPRECATION.md


Android GCC has been deprecated in favor of Clang, and will be removed from
Android in 2020-01 as per the deprecation plan in:
https://android.googlesource.com/platform/prebuilts/clang/host/linux-x86/+/master/GCC_4_9_DEPRECATION.md


  CC      drivers/staging/samsung/sec_slow.o
Android GCC has been deprecated in favor of Clang, and will be removed from
Android in 2020-01 as per the deprecation plan in:
https://android.googlesource.com/platform/prebuilts/clang/host/linux-x86/+/master/GCC_4_9_DEPRECATION.md


Android GCC has been deprecated in favor of Clang, and will be removed from
Android in 2020-01 as per the deprecation plan in:
https://android.googlesource.com/platform/prebuilts/clang/host/linux-x86/+/master/GCC_4_9_DEPRECATION.md


Android GCC has been deprecated in favor of Clang, and will be removed from
Android in 2020-01 as per the deprecation plan in:
https://android.googlesource.com/platform/prebuilts/clang/host/linux-x86/+/master/GCC_4_9_DEPRECATION.md


Android GCC has been deprecated in favor of Clang, and will be removed from
Android in 2020-01 as per the deprecation plan in:
https://android.googlesource.com/platform/prebuilts/clang/host/linux-x86/+/master/GCC_4_9_DEPRECATION.md


  CC      drivers/video/fbcvt.o
Android GCC has been deprecated in favor of Clang, and will be removed from
Android in 2020-01 as per the deprecation plan in:
https://android.googlesource.com/platform/prebuilts/clang/host/linux-x86/+/master/GCC_4_9_DEPRECATION.md


  LD      drivers/usb/dwc3/dwc3.o
Android GCC has been deprecated in favor of Clang, and will be removed from
Android in 2020-01 as per the deprecation plan in:
https://android.googlesource.com/platform/prebuilts/clang/host/linux-x86/+/master/GCC_4_9_DEPRECATION.md


  LD      drivers/usb/dwc3/built-in.o
  CC      drivers/usb/storage/usb.o
Android GCC has been deprecated in favor of Clang, and will be removed from
Android in 2020-01 as per the deprecation plan in:
https://android.googlesource.com/platform/prebuilts/clang/host/linux-x86/+/master/GCC_4_9_DEPRECATION.md


Android GCC has been deprecated in favor of Clang, and will be removed from
Android in 2020-01 as per the deprecation plan in:
https://android.googlesource.com/platform/prebuilts/clang/host/linux-x86/+/master/GCC_4_9_DEPRECATION.md


  CC      drivers/scsi/sg.o
Android GCC has been deprecated in favor of Clang, and will be removed from
Android in 2020-01 as per the deprecation plan in:
https://android.googlesource.com/platform/prebuilts/clang/host/linux-x86/+/master/GCC_4_9_DEPRECATION.md


Android GCC has been deprecated in favor of Clang, and will be removed from
Android in 2020-01 as per the deprecation plan in:
https://android.googlesource.com/platform/prebuilts/clang/host/linux-x86/+/master/GCC_4_9_DEPRECATION.md


Android GCC has been deprecated in favor of Clang, and will be removed from
Android in 2020-01 as per the deprecation plan in:
https://android.googlesource.com/platform/prebuilts/clang/host/linux-x86/+/master/GCC_4_9_DEPRECATION.md


  CC      drivers/sensorhub/brcm/bbdpl/bbd_common.o
Android GCC has been deprecated in favor of Clang, and will be removed from
Android in 2020-01 as per the deprecation plan in:
https://android.googlesource.com/platform/prebuilts/clang/host/linux-x86/+/master/GCC_4_9_DEPRECATION.md


Android GCC has been deprecated in favor of Clang, and will be removed from
Android in 2020-01 as per the deprecation plan in:
https://android.googlesource.com/platform/prebuilts/clang/host/linux-x86/+/master/GCC_4_9_DEPRECATION.md


Android GCC has been deprecated in favor of Clang, and will be removed from
Android in 2020-01 as per the deprecation plan in:
https://android.googlesource.com/platform/prebuilts/clang/host/linux-x86/+/master/GCC_4_9_DEPRECATION.md


  CC      drivers/sensorhub/brcm/bbdpl/bbd_control.o
  CC      drivers/usb/host/xhci.o
  CC      drivers/net/wireless/bcmdhd4358/dhd_linux_platdev.o
  CC      drivers/w1/slaves/w1_ds28el35/mini-gmp.o
Android GCC has been deprecated in favor of Clang, and will be removed from
Android in 2020-01 as per the deprecation plan in:
https://android.googlesource.com/platform/prebuilts/clang/host/linux-x86/+/master/GCC_4_9_DEPRECATION.md


Android GCC has been deprecated in favor of Clang, and will be removed from
Android in 2020-01 as per the deprecation plan in:
https://android.googlesource.com/platform/prebuilts/clang/host/linux-x86/+/master/GCC_4_9_DEPRECATION.md


Android GCC has been deprecated in favor of Clang, and will be removed from
Android in 2020-01 as per the deprecation plan in:
https://android.googlesource.com/platform/prebuilts/clang/host/linux-x86/+/master/GCC_4_9_DEPRECATION.md


Android GCC has been deprecated in favor of Clang, and will be removed from
Android in 2020-01 as per the deprecation plan in:
https://android.googlesource.com/platform/prebuilts/clang/host/linux-x86/+/master/GCC_4_9_DEPRECATION.md


Android GCC has been deprecated in favor of Clang, and will be removed from
Android in 2020-01 as per the deprecation plan in:
https://android.googlesource.com/platform/prebuilts/clang/host/linux-x86/+/master/GCC_4_9_DEPRECATION.md


  CC      drivers/usb/host/xhci-mem.o
  LD      drivers/media/platform/exynos/fimc-is/vendor/built-in.o
  CC      drivers/video/backlight/lcd.o
Android GCC has been deprecated in favor of Clang, and will be removed from
Android in 2020-01 as per the deprecation plan in:
https://android.googlesource.com/platform/prebuilts/clang/host/linux-x86/+/master/GCC_4_9_DEPRECATION.md


  LD      drivers/media/platform/exynos/fimc-is/built-in.o
Android GCC has been deprecated in favor of Clang, and will be removed from
Android in 2020-01 as per the deprecation plan in:
https://android.googlesource.com/platform/prebuilts/clang/host/linux-x86/+/master/GCC_4_9_DEPRECATION.md


Android GCC has been deprecated in favor of Clang, and will be removed from
Android in 2020-01 as per the deprecation plan in:
https://android.googlesource.com/platform/prebuilts/clang/host/linux-x86/+/master/GCC_4_9_DEPRECATION.md


  CC      drivers/usb/host/xhci-ring.o
Android GCC has been deprecated in favor of Clang, and will be removed from
Android in 2020-01 as per the deprecation plan in:
https://android.googlesource.com/platform/prebuilts/clang/host/linux-x86/+/master/GCC_4_9_DEPRECATION.md


  CC      drivers/net/wireless/bcmdhd4358/hnd_pktq.o
  LD      drivers/media/platform/exynos/built-in.o
  CC      fs/dcookies.o
Android GCC has been deprecated in favor of Clang, and will be removed from
Android in 2020-01 as per the deprecation plan in:
https://android.googlesource.com/platform/prebuilts/clang/host/linux-x86/+/master/GCC_4_9_DEPRECATION.md


Android GCC has been deprecated in favor of Clang, and will be removed from
Android in 2020-01 as per the deprecation plan in:
https://android.googlesource.com/platform/prebuilts/clang/host/linux-x86/+/master/GCC_4_9_DEPRECATION.md


  CC      drivers/usb/core/port.o
  CC      drivers/usb/host/xhci-hub.o
Android GCC has been deprecated in favor of Clang, and will be removed from
Android in 2020-01 as per the deprecation plan in:
https://android.googlesource.com/platform/prebuilts/clang/host/linux-x86/+/master/GCC_4_9_DEPRECATION.md


Android GCC has been deprecated in favor of Clang, and will be removed from
Android in 2020-01 as per the deprecation plan in:
https://android.googlesource.com/platform/prebuilts/clang/host/linux-x86/+/master/GCC_4_9_DEPRECATION.md


  CC      drivers/staging/samsung/sec_bsp.o
drivers/usb/host/xhci.c: In function 'xhci_free_dev':
drivers/usb/host/xhci.c:3519:17: warning: unused variable 'dev' [-Wunused-variable]
  struct device *dev = hcd->self.controller;
                 ^
drivers/usb/host/xhci.c: In function 'xhci_alloc_dev':
drivers/usb/host/xhci.c:3605:17: warning: unused variable 'dev' [-Wunused-variable]
  struct device *dev = hcd->self.controller;
                 ^
Android GCC has been deprecated in favor of Clang, and will be removed from
Android in 2020-01 as per the deprecation plan in:
https://android.googlesource.com/platform/prebuilts/clang/host/linux-x86/+/master/GCC_4_9_DEPRECATION.md


Android GCC has been deprecated in favor of Clang, and will be removed from
Android in 2020-01 as per the deprecation plan in:
https://android.googlesource.com/platform/prebuilts/clang/host/linux-x86/+/master/GCC_4_9_DEPRECATION.md


  LD      drivers/media/platform/built-in.o
  CC      drivers/usb/storage/initializers.o
  CC      drivers/tty/serial/8250/8250_pci.o
Android GCC has been deprecated in favor of Clang, and will be removed from
Android in 2020-01 as per the deprecation plan in:
https://android.googlesource.com/platform/prebuilts/clang/host/linux-x86/+/master/GCC_4_9_DEPRECATION.md


Android GCC has been deprecated in favor of Clang, and will be removed from
Android in 2020-01 as per the deprecation plan in:
https://android.googlesource.com/platform/prebuilts/clang/host/linux-x86/+/master/GCC_4_9_DEPRECATION.md


Android GCC has been deprecated in favor of Clang, and will be removed from
Android in 2020-01 as per the deprecation plan in:
https://android.googlesource.com/platform/prebuilts/clang/host/linux-x86/+/master/GCC_4_9_DEPRECATION.md


  CC      drivers/sensorhub/brcm/max_notchfilter/downsample.o
Android GCC has been deprecated in favor of Clang, and will be removed from
Android in 2020-01 as per the deprecation plan in:
https://android.googlesource.com/platform/prebuilts/clang/host/linux-x86/+/master/GCC_4_9_DEPRECATION.md


Android GCC has been deprecated in favor of Clang, and will be removed from
Android in 2020-01 as per the deprecation plan in:
https://android.googlesource.com/platform/prebuilts/clang/host/linux-x86/+/master/GCC_4_9_DEPRECATION.md


  CC      drivers/net/wireless/bcmdhd4358/hnd_pktpool.o
  LD      drivers/media/built-in.o
  CC      drivers/sensorhub/brcm/bbdpl/bbd_main.o
Android GCC has been deprecated in favor of Clang, and will be removed from
Android in 2020-01 as per the deprecation plan in:
https://android.googlesource.com/platform/prebuilts/clang/host/linux-x86/+/master/GCC_4_9_DEPRECATION.md


  CC      drivers/sensorhub/brcm/adpd142.o
  CC      drivers/sensorhub/brcm/max_notchfilter/fixed_fir_filter.o
Android GCC has been deprecated in favor of Clang, and will be removed from
Android in 2020-01 as per the deprecation plan in:
https://android.googlesource.com/platform/prebuilts/clang/host/linux-x86/+/master/GCC_4_9_DEPRECATION.md


Android GCC has been deprecated in favor of Clang, and will be removed from
Android in 2020-01 as per the deprecation plan in:
https://android.googlesource.com/platform/prebuilts/clang/host/linux-x86/+/master/GCC_4_9_DEPRECATION.md


Android GCC has been deprecated in favor of Clang, and will be removed from
Android in 2020-01 as per the deprecation plan in:
https://android.googlesource.com/platform/prebuilts/clang/host/linux-x86/+/master/GCC_4_9_DEPRECATION.md


Android GCC has been deprecated in favor of Clang, and will be removed from
Android in 2020-01 as per the deprecation plan in:
https://android.googlesource.com/platform/prebuilts/clang/host/linux-x86/+/master/GCC_4_9_DEPRECATION.md


Android GCC has been deprecated in favor of Clang, and will be removed from
Android in 2020-01 as per the deprecation plan in:
https://android.googlesource.com/platform/prebuilts/clang/host/linux-x86/+/master/GCC_4_9_DEPRECATION.md


  LD      drivers/staging/samsung/built-in.o
  CC      drivers/usb/core/hcd-pci.o
  CC      drivers/sensorhub/brcm/max_notchfilter/fixed_iir_filter.o
  LD      drivers/staging/built-in.o
Android GCC has been deprecated in favor of Clang, and will be removed from
Android in 2020-01 as per the deprecation plan in:
https://android.googlesource.com/platform/prebuilts/clang/host/linux-x86/+/master/GCC_4_9_DEPRECATION.md


Android GCC has been deprecated in favor of Clang, and will be removed from
Android in 2020-01 as per the deprecation plan in:
https://android.googlesource.com/platform/prebuilts/clang/host/linux-x86/+/master/GCC_4_9_DEPRECATION.md


Android GCC has been deprecated in favor of Clang, and will be removed from
Android in 2020-01 as per the deprecation plan in:
https://android.googlesource.com/platform/prebuilts/clang/host/linux-x86/+/master/GCC_4_9_DEPRECATION.md


  CC      drivers/video/backlight/backlight.o
Android GCC has been deprecated in favor of Clang, and will be removed from
Android in 2020-01 as per the deprecation plan in:
https://android.googlesource.com/platform/prebuilts/clang/host/linux-x86/+/master/GCC_4_9_DEPRECATION.md


  CC      drivers/video/backlight/generic_bl.o
  LD      drivers/sensorhub/brcm/max_notchfilter/built-in.o
  CC      drivers/usb/host/xhci-dbg.o
  CC      drivers/usb/storage/sierra_ms.o
  CC      drivers/sensorhub/brcm/ssp_bbd.o
  CC      drivers/usb/host/xhci-pci.o
Android GCC has been deprecated in favor of Clang, and will be removed from
Android in 2020-01 as per the deprecation plan in:
https://android.googlesource.com/platform/prebuilts/clang/host/linux-x86/+/master/GCC_4_9_DEPRECATION.md


Android GCC has been deprecated in favor of Clang, and will be removed from
Android in 2020-01 as per the deprecation plan in:
https://android.googlesource.com/platform/prebuilts/clang/host/linux-x86/+/master/GCC_4_9_DEPRECATION.md


  CC      drivers/net/wireless/bcmdhd4358/dhd_pcie.o
Android GCC has been deprecated in favor of Clang, and will be removed from
Android in 2020-01 as per the deprecation plan in:
https://android.googlesource.com/platform/prebuilts/clang/host/linux-x86/+/master/GCC_4_9_DEPRECATION.md


Android GCC has been deprecated in favor of Clang, and will be removed from
Android in 2020-01 as per the deprecation plan in:
https://android.googlesource.com/platform/prebuilts/clang/host/linux-x86/+/master/GCC_4_9_DEPRECATION.md


Android GCC has been deprecated in favor of Clang, and will be removed from
Android in 2020-01 as per the deprecation plan in:
https://android.googlesource.com/platform/prebuilts/clang/host/linux-x86/+/master/GCC_4_9_DEPRECATION.md


  LD      fs/built-in.o
Android GCC has been deprecated in favor of Clang, and will be removed from
Android in 2020-01 as per the deprecation plan in:
https://android.googlesource.com/platform/prebuilts/clang/host/linux-x86/+/master/GCC_4_9_DEPRECATION.md


  CC      drivers/sensorhub/brcm/factory/mcu_bcm4773.o
Android GCC has been deprecated in favor of Clang, and will be removed from
Android in 2020-01 as per the deprecation plan in:
https://android.googlesource.com/platform/prebuilts/clang/host/linux-x86/+/master/GCC_4_9_DEPRECATION.md


  CC      drivers/sensorhub/brcm/bbdpl/bbd_packet.o
Android GCC has been deprecated in favor of Clang, and will be removed from
Android in 2020-01 as per the deprecation plan in:
https://android.googlesource.com/platform/prebuilts/clang/host/linux-x86/+/master/GCC_4_9_DEPRECATION.md


  CC      drivers/usb/gadget/epautoconf.o
Android GCC has been deprecated in favor of Clang, and will be removed from
Android in 2020-01 as per the deprecation plan in:
https://android.googlesource.com/platform/prebuilts/clang/host/linux-x86/+/master/GCC_4_9_DEPRECATION.md


  CC      drivers/video/exynos/decon_display/decon_display_driver.o
Android GCC has been deprecated in favor of Clang, and will be removed from
Android in 2020-01 as per the deprecation plan in:
https://android.googlesource.com/platform/prebuilts/clang/host/linux-x86/+/master/GCC_4_9_DEPRECATION.md


Android GCC has been deprecated in favor of Clang, and will be removed from
Android in 2020-01 as per the deprecation plan in:
https://android.googlesource.com/platform/prebuilts/clang/host/linux-x86/+/master/GCC_4_9_DEPRECATION.md


  CC      drivers/usb/host/xhci-plat.o
  LD      drivers/tty/serial/8250/8250.o
  CC      drivers/net/wireless/bcmdhd4358/dhd_pcie_linux.o
Android GCC has been deprecated in favor of Clang, and will be removed from
Android in 2020-01 as per the deprecation plan in:
https://android.googlesource.com/platform/prebuilts/clang/host/linux-x86/+/master/GCC_4_9_DEPRECATION.md


  CC      drivers/video/exynos/decon_display/decon_debug.o
Android GCC has been deprecated in favor of Clang, and will be removed from
Android in 2020-01 as per the deprecation plan in:
https://android.googlesource.com/platform/prebuilts/clang/host/linux-x86/+/master/GCC_4_9_DEPRECATION.md


Android GCC has been deprecated in favor of Clang, and will be removed from
Android in 2020-01 as per the deprecation plan in:
https://android.googlesource.com/platform/prebuilts/clang/host/linux-x86/+/master/GCC_4_9_DEPRECATION.md


Android GCC has been deprecated in favor of Clang, and will be removed from
Android in 2020-01 as per the deprecation plan in:
https://android.googlesource.com/platform/prebuilts/clang/host/linux-x86/+/master/GCC_4_9_DEPRECATION.md


  CC      drivers/usb/storage/option_ms.o
  CC      drivers/sensorhub/brcm/bbdpl/bbd_reliable.o
Android GCC has been deprecated in favor of Clang, and will be removed from
Android in 2020-01 as per the deprecation plan in:
https://android.googlesource.com/platform/prebuilts/clang/host/linux-x86/+/master/GCC_4_9_DEPRECATION.md


  LD      drivers/scsi/scsi_mod.o
Android GCC has been deprecated in favor of Clang, and will be removed from
Android in 2020-01 as per the deprecation plan in:
https://android.googlesource.com/platform/prebuilts/clang/host/linux-x86/+/master/GCC_4_9_DEPRECATION.md


Android GCC has been deprecated in favor of Clang, and will be removed from
Android in 2020-01 as per the deprecation plan in:
https://android.googlesource.com/platform/prebuilts/clang/host/linux-x86/+/master/GCC_4_9_DEPRECATION.md


  LD      drivers/scsi/sd_mod.o
  CC      drivers/usb/gadget/composite.o
  CC      drivers/usb/storage/usual-tables.o
Android GCC has been deprecated in favor of Clang, and will be removed from
Android in 2020-01 as per the deprecation plan in:
https://android.googlesource.com/platform/prebuilts/clang/host/linux-x86/+/master/GCC_4_9_DEPRECATION.md


Android GCC has been deprecated in favor of Clang, and will be removed from
Android in 2020-01 as per the deprecation plan in:
https://android.googlesource.com/platform/prebuilts/clang/host/linux-x86/+/master/GCC_4_9_DEPRECATION.md


  CC      drivers/video/exynos/panels/mdnie_lite.o
Android GCC has been deprecated in favor of Clang, and will be removed from
Android in 2020-01 as per the deprecation plan in:
https://android.googlesource.com/platform/prebuilts/clang/host/linux-x86/+/master/GCC_4_9_DEPRECATION.md


  CC      drivers/video/exynos/decon_tv_display/decon_tv_drv.o
Android GCC has been deprecated in favor of Clang, and will be removed from
Android in 2020-01 as per the deprecation plan in:
https://android.googlesource.com/platform/prebuilts/clang/host/linux-x86/+/master/GCC_4_9_DEPRECATION.md


  LD      drivers/scsi/built-in.o
  LD      drivers/video/backlight/built-in.o
Android GCC has been deprecated in favor of Clang, and will be removed from
Android in 2020-01 as per the deprecation plan in:
https://android.googlesource.com/platform/prebuilts/clang/host/linux-x86/+/master/GCC_4_9_DEPRECATION.md


Android GCC has been deprecated in favor of Clang, and will be removed from
Android in 2020-01 as per the deprecation plan in:
https://android.googlesource.com/platform/prebuilts/clang/host/linux-x86/+/master/GCC_4_9_DEPRECATION.md


  LD      drivers/usb/core/usbcore.o
  CC      drivers/video/logo/logo.o
  CC      drivers/video/exynos/decon_tv_display/decon_tv_reg.o
Android GCC has been deprecated in favor of Clang, and will be removed from
Android in 2020-01 as per the deprecation plan in:
https://android.googlesource.com/platform/prebuilts/clang/host/linux-x86/+/master/GCC_4_9_DEPRECATION.md


Android GCC has been deprecated in favor of Clang, and will be removed from
Android in 2020-01 as per the deprecation plan in:
https://android.googlesource.com/platform/prebuilts/clang/host/linux-x86/+/master/GCC_4_9_DEPRECATION.md


Android GCC has been deprecated in favor of Clang, and will be removed from
Android in 2020-01 as per the deprecation plan in:
https://android.googlesource.com/platform/prebuilts/clang/host/linux-x86/+/master/GCC_4_9_DEPRECATION.md


  LD      drivers/usb/core/built-in.o
  CC      drivers/video/exynos/panels/mdnie_tuning.o
Android GCC has been deprecated in favor of Clang, and will be removed from
Android in 2020-01 as per the deprecation plan in:
https://android.googlesource.com/platform/prebuilts/clang/host/linux-x86/+/master/GCC_4_9_DEPRECATION.md


  CC      drivers/video/exynos/panels/s6e3ha2_mipi_lcd.o
  CC      drivers/sensorhub/brcm/bbdpl/bbd_sensor.o
  CC      drivers/video/exynos/decon_display/decon_mic.o
Android GCC has been deprecated in favor of Clang, and will be removed from
Android in 2020-01 as per the deprecation plan in:
https://android.googlesource.com/platform/prebuilts/clang/host/linux-x86/+/master/GCC_4_9_DEPRECATION.md


Android GCC has been deprecated in favor of Clang, and will be removed from
Android in 2020-01 as per the deprecation plan in:
https://android.googlesource.com/platform/prebuilts/clang/host/linux-x86/+/master/GCC_4_9_DEPRECATION.md


  CC      drivers/net/wireless/bcmdhd4358/pcie_core.o
Android GCC has been deprecated in favor of Clang, and will be removed from
Android in 2020-01 as per the deprecation plan in:
https://android.googlesource.com/platform/prebuilts/clang/host/linux-x86/+/master/GCC_4_9_DEPRECATION.md


  LD      drivers/tty/serial/8250/built-in.o
Android GCC has been deprecated in favor of Clang, and will be removed from
Android in 2020-01 as per the deprecation plan in:
https://android.googlesource.com/platform/prebuilts/clang/host/linux-x86/+/master/GCC_4_9_DEPRECATION.md


Android GCC has been deprecated in favor of Clang, and will be removed from
Android in 2020-01 as per the deprecation plan in:
https://android.googlesource.com/platform/prebuilts/clang/host/linux-x86/+/master/GCC_4_9_DEPRECATION.md


  LD      drivers/tty/serial/built-in.o
  CC      drivers/net/wireless/bcmdhd4358/dhd_flowring.o
  CC      drivers/video/exynos/panels/dynamic_aid.o
  LD      drivers/tty/built-in.o
Android GCC has been deprecated in favor of Clang, and will be removed from
Android in 2020-01 as per the deprecation plan in:
https://android.googlesource.com/platform/prebuilts/clang/host/linux-x86/+/master/GCC_4_9_DEPRECATION.md


  CC      drivers/video/exynos/decon_tv_display/hdmi_drv.o
  LD      drivers/usb/storage/usb-storage.o
Android GCC has been deprecated in favor of Clang, and will be removed from
Android in 2020-01 as per the deprecation plan in:
https://android.googlesource.com/platform/prebuilts/clang/host/linux-x86/+/master/GCC_4_9_DEPRECATION.md


  CC      drivers/video/logo/logo_linux_mono.o
Android GCC has been deprecated in favor of Clang, and will be removed from
Android in 2020-01 as per the deprecation plan in:
https://android.googlesource.com/platform/prebuilts/clang/host/linux-x86/+/master/GCC_4_9_DEPRECATION.md


  LD      drivers/usb/storage/built-in.o
Android GCC has been deprecated in favor of Clang, and will be removed from
Android in 2020-01 as per the deprecation plan in:
https://android.googlesource.com/platform/prebuilts/clang/host/linux-x86/+/master/GCC_4_9_DEPRECATION.md


  CC      drivers/net/wireless/bcmdhd4358/dhd_msgbuf.o
  CC      drivers/video/logo/logo_linux_vga16.o
  CC      drivers/video/exynos/decon_tv_display/hdmi_edid.o
Android GCC has been deprecated in favor of Clang, and will be removed from
Android in 2020-01 as per the deprecation plan in:
https://android.googlesource.com/platform/prebuilts/clang/host/linux-x86/+/master/GCC_4_9_DEPRECATION.md


Android GCC has been deprecated in favor of Clang, and will be removed from
Android in 2020-01 as per the deprecation plan in:
https://android.googlesource.com/platform/prebuilts/clang/host/linux-x86/+/master/GCC_4_9_DEPRECATION.md


Android GCC has been deprecated in favor of Clang, and will be removed from
Android in 2020-01 as per the deprecation plan in:
https://android.googlesource.com/platform/prebuilts/clang/host/linux-x86/+/master/GCC_4_9_DEPRECATION.md


  CC      drivers/usb/gadget/functions.o
Android GCC has been deprecated in favor of Clang, and will be removed from
Android in 2020-01 as per the deprecation plan in:
https://android.googlesource.com/platform/prebuilts/clang/host/linux-x86/+/master/GCC_4_9_DEPRECATION.md


  LD      drivers/usb/host/xhci-hcd.o
  CC      drivers/video/logo/logo_linux_clut224.o
  LD      drivers/usb/host/built-in.o
  CC      drivers/video/exynos/decon_tv_display/hdmi_reg.o
Android GCC has been deprecated in favor of Clang, and will be removed from
Android in 2020-01 as per the deprecation plan in:
https://android.googlesource.com/platform/prebuilts/clang/host/linux-x86/+/master/GCC_4_9_DEPRECATION.md


  CC      drivers/video/exynos/decon_tv_display/hdmiphy_conf.o
Android GCC has been deprecated in favor of Clang, and will be removed from
Android in 2020-01 as per the deprecation plan in:
https://android.googlesource.com/platform/prebuilts/clang/host/linux-x86/+/master/GCC_4_9_DEPRECATION.md


In file included from drivers/video/exynos/panels/s6e3ha2_mipi_lcd.c:46:0:
drivers/video/exynos/panels/mdnie_lite_table_tr.h:5009:22: warning: 'NIGHT_MODE_3' defined but not used [-Wunused-variable]
 static unsigned char NIGHT_MODE_3[] = {
                      ^
Android GCC has been deprecated in favor of Clang, and will be removed from
Android in 2020-01 as per the deprecation plan in:
https://android.googlesource.com/platform/prebuilts/clang/host/linux-x86/+/master/GCC_4_9_DEPRECATION.md


Android GCC has been deprecated in favor of Clang, and will be removed from
Android in 2020-01 as per the deprecation plan in:
https://android.googlesource.com/platform/prebuilts/clang/host/linux-x86/+/master/GCC_4_9_DEPRECATION.md


  CC      drivers/sensorhub/brcm/bbdpl/bbd_sysfs.o
Android GCC has been deprecated in favor of Clang, and will be removed from
Android in 2020-01 as per the deprecation plan in:
https://android.googlesource.com/platform/prebuilts/clang/host/linux-x86/+/master/GCC_4_9_DEPRECATION.md


Android GCC has been deprecated in favor of Clang, and will be removed from
Android in 2020-01 as per the deprecation plan in:
https://android.googlesource.com/platform/prebuilts/clang/host/linux-x86/+/master/GCC_4_9_DEPRECATION.md


  LD      drivers/video/logo/built-in.o
  CC      drivers/video/mhl/sii8620/platform.o
  CC      drivers/video/exynos/decon_display/mic_reg_5430.o
Android GCC has been deprecated in favor of Clang, and will be removed from
Android in 2020-01 as per the deprecation plan in:
https://android.googlesource.com/platform/prebuilts/clang/host/linux-x86/+/master/GCC_4_9_DEPRECATION.md


Android GCC has been deprecated in favor of Clang, and will be removed from
Android in 2020-01 as per the deprecation plan in:
https://android.googlesource.com/platform/prebuilts/clang/host/linux-x86/+/master/GCC_4_9_DEPRECATION.md


  CC      drivers/video/cfbfillrect.o
  CC      drivers/video/exynos/decon_tv_display/hdcp_drv.o
Android GCC has been deprecated in favor of Clang, and will be removed from
Android in 2020-01 as per the deprecation plan in:
https://android.googlesource.com/platform/prebuilts/clang/host/linux-x86/+/master/GCC_4_9_DEPRECATION.md


Android GCC has been deprecated in favor of Clang, and will be removed from
Android in 2020-01 as per the deprecation plan in:
https://android.googlesource.com/platform/prebuilts/clang/host/linux-x86/+/master/GCC_4_9_DEPRECATION.md


Android GCC has been deprecated in favor of Clang, and will be removed from
Android in 2020-01 as per the deprecation plan in:
https://android.googlesource.com/platform/prebuilts/clang/host/linux-x86/+/master/GCC_4_9_DEPRECATION.md


  CC      drivers/sensorhub/brcm/bbdpl/bbd_ssi_spi.o
  CC      drivers/usb/gadget/configfs.o
  CC      drivers/video/mhl/sii8620/mhl_linux_tx.o
Android GCC has been deprecated in favor of Clang, and will be removed from
Android in 2020-01 as per the deprecation plan in:
https://android.googlesource.com/platform/prebuilts/clang/host/linux-x86/+/master/GCC_4_9_DEPRECATION.md


Android GCC has been deprecated in favor of Clang, and will be removed from
Android in 2020-01 as per the deprecation plan in:
https://android.googlesource.com/platform/prebuilts/clang/host/linux-x86/+/master/GCC_4_9_DEPRECATION.md


Android GCC has been deprecated in favor of Clang, and will be removed from
Android in 2020-01 as per the deprecation plan in:
https://android.googlesource.com/platform/prebuilts/clang/host/linux-x86/+/master/GCC_4_9_DEPRECATION.md


  CC      drivers/video/cfbcopyarea.o
  LD      drivers/w1/slaves/w1_ds28el35/built-in.o
Android GCC has been deprecated in favor of Clang, and will be removed from
Android in 2020-01 as per the deprecation plan in:
https://android.googlesource.com/platform/prebuilts/clang/host/linux-x86/+/master/GCC_4_9_DEPRECATION.md


  LD      drivers/w1/slaves/built-in.o
Android GCC has been deprecated in favor of Clang, and will be removed from
Android in 2020-01 as per the deprecation plan in:
https://android.googlesource.com/platform/prebuilts/clang/host/linux-x86/+/master/GCC_4_9_DEPRECATION.md


  CC      drivers/video/cfbimgblt.o
  CC      drivers/video/mhl/sii8620/mhl_rcp_inputdev.o
  LD      drivers/w1/built-in.o
Android GCC has been deprecated in favor of Clang, and will be removed from
Android in 2020-01 as per the deprecation plan in:
https://android.googlesource.com/platform/prebuilts/clang/host/linux-x86/+/master/GCC_4_9_DEPRECATION.md


Android GCC has been deprecated in favor of Clang, and will be removed from
Android in 2020-01 as per the deprecation plan in:
https://android.googlesource.com/platform/prebuilts/clang/host/linux-x86/+/master/GCC_4_9_DEPRECATION.md


Android GCC has been deprecated in favor of Clang, and will be removed from
Android in 2020-01 as per the deprecation plan in:
https://android.googlesource.com/platform/prebuilts/clang/host/linux-x86/+/master/GCC_4_9_DEPRECATION.md


  CC      drivers/video/exynos/decon_display/decon_mipi_dsi.o
Android GCC has been deprecated in favor of Clang, and will be removed from
Android in 2020-01 as per the deprecation plan in:
https://android.googlesource.com/platform/prebuilts/clang/host/linux-x86/+/master/GCC_4_9_DEPRECATION.md


  CC      drivers/video/mhl/sii8620/mhl_rbp_inputdev.o
Android GCC has been deprecated in favor of Clang, and will be removed from
Android in 2020-01 as per the deprecation plan in:
https://android.googlesource.com/platform/prebuilts/clang/host/linux-x86/+/master/GCC_4_9_DEPRECATION.md


  CC      drivers/usb/gadget/f_acm.o
Android GCC has been deprecated in favor of Clang, and will be removed from
Android in 2020-01 as per the deprecation plan in:
https://android.googlesource.com/platform/prebuilts/clang/host/linux-x86/+/master/GCC_4_9_DEPRECATION.md


  CC      drivers/video/mhl/sii8620/mhl_supp.o
Android GCC has been deprecated in favor of Clang, and will be removed from
Android in 2020-01 as per the deprecation plan in:
https://android.googlesource.com/platform/prebuilts/clang/host/linux-x86/+/master/GCC_4_9_DEPRECATION.md


  CC      drivers/sensorhub/brcm/bbdpl/bbd_tty.o
Android GCC has been deprecated in favor of Clang, and will be removed from
Android in 2020-01 as per the deprecation plan in:
https://android.googlesource.com/platform/prebuilts/clang/host/linux-x86/+/master/GCC_4_9_DEPRECATION.md


Android GCC has been deprecated in favor of Clang, and will be removed from
Android in 2020-01 as per the deprecation plan in:
https://android.googlesource.com/platform/prebuilts/clang/host/linux-x86/+/master/GCC_4_9_DEPRECATION.md


  CC      drivers/video/simplefb.o
  CC      drivers/video/mhl/sii8620/si_8620_drv.o
  CC      drivers/video/exynos/decon_display/dsim_reg_5430.o
Android GCC has been deprecated in favor of Clang, and will be removed from
Android in 2020-01 as per the deprecation plan in:
https://android.googlesource.com/platform/prebuilts/clang/host/linux-x86/+/master/GCC_4_9_DEPRECATION.md


Android GCC has been deprecated in favor of Clang, and will be removed from
Android in 2020-01 as per the deprecation plan in:
https://android.googlesource.com/platform/prebuilts/clang/host/linux-x86/+/master/GCC_4_9_DEPRECATION.md


Android GCC has been deprecated in favor of Clang, and will be removed from
Android in 2020-01 as per the deprecation plan in:
https://android.googlesource.com/platform/prebuilts/clang/host/linux-x86/+/master/GCC_4_9_DEPRECATION.md


Android GCC has been deprecated in favor of Clang, and will be removed from
Android in 2020-01 as per the deprecation plan in:
https://android.googlesource.com/platform/prebuilts/clang/host/linux-x86/+/master/GCC_4_9_DEPRECATION.md


  LD      drivers/video/fb.o
  CC      drivers/usb/gadget/u_serial.o
  CC      drivers/usb/gadget/multi_config.o
Android GCC has been deprecated in favor of Clang, and will be removed from
Android in 2020-01 as per the deprecation plan in:
https://android.googlesource.com/platform/prebuilts/clang/host/linux-x86/+/master/GCC_4_9_DEPRECATION.md


Android GCC has been deprecated in favor of Clang, and will be removed from
Android in 2020-01 as per the deprecation plan in:
https://android.googlesource.com/platform/prebuilts/clang/host/linux-x86/+/master/GCC_4_9_DEPRECATION.md


Android GCC has been deprecated in favor of Clang, and will be removed from
Android in 2020-01 as per the deprecation plan in:
https://android.googlesource.com/platform/prebuilts/clang/host/linux-x86/+/master/GCC_4_9_DEPRECATION.md


Android GCC has been deprecated in favor of Clang, and will be removed from
Android in 2020-01 as per the deprecation plan in:
https://android.googlesource.com/platform/prebuilts/clang/host/linux-x86/+/master/GCC_4_9_DEPRECATION.md


  CC      drivers/video/mhl/sii8620/si_mhl2_edid_3d.o
Android GCC has been deprecated in favor of Clang, and will be removed from
Android in 2020-01 as per the deprecation plan in:
https://android.googlesource.com/platform/prebuilts/clang/host/linux-x86/+/master/GCC_4_9_DEPRECATION.md


  CC      drivers/video/mhl/sii8620/si_mdt_inputdev.o
  CC      drivers/video/mhl/sii8620/si_emsc_hid.o
Android GCC has been deprecated in favor of Clang, and will be removed from
Android in 2020-01 as per the deprecation plan in:
https://android.googlesource.com/platform/prebuilts/clang/host/linux-x86/+/master/GCC_4_9_DEPRECATION.md


  CC      drivers/video/mhl/sii8620/si_emsc_hid-mt.o
Android GCC has been deprecated in favor of Clang, and will be removed from
Android in 2020-01 as per the deprecation plan in:
https://android.googlesource.com/platform/prebuilts/clang/host/linux-x86/+/master/GCC_4_9_DEPRECATION.md


Android GCC has been deprecated in favor of Clang, and will be removed from
Android in 2020-01 as per the deprecation plan in:
https://android.googlesource.com/platform/prebuilts/clang/host/linux-x86/+/master/GCC_4_9_DEPRECATION.md


Android GCC has been deprecated in favor of Clang, and will be removed from
Android in 2020-01 as per the deprecation plan in:
https://android.googlesource.com/platform/prebuilts/clang/host/linux-x86/+/master/GCC_4_9_DEPRECATION.md


  CC      drivers/sensorhub/brcm/bbdpl/bcm_gps_spi.o
  CC      drivers/sensorhub/brcm/bbdpl/bbd_patch.o
Android GCC has been deprecated in favor of Clang, and will be removed from
Android in 2020-01 as per the deprecation plan in:
https://android.googlesource.com/platform/prebuilts/clang/host/linux-x86/+/master/GCC_4_9_DEPRECATION.md


Android GCC has been deprecated in favor of Clang, and will be removed from
Android in 2020-01 as per the deprecation plan in:
https://android.googlesource.com/platform/prebuilts/clang/host/linux-x86/+/master/GCC_4_9_DEPRECATION.md


  CC      drivers/sensorhub/brcm/bbdpl/transport/bbd_bridge_c.o
  CC      drivers/video/mhl/sii8620/mhl_test_case.o
  CC      drivers/video/exynos/decon_display/decon_dt_exynos5430.o
Android GCC has been deprecated in favor of Clang, and will be removed from
Android in 2020-01 as per the deprecation plan in:
https://android.googlesource.com/platform/prebuilts/clang/host/linux-x86/+/master/GCC_4_9_DEPRECATION.md


Android GCC has been deprecated in favor of Clang, and will be removed from
Android in 2020-01 as per the deprecation plan in:
https://android.googlesource.com/platform/prebuilts/clang/host/linux-x86/+/master/GCC_4_9_DEPRECATION.md


Android GCC has been deprecated in favor of Clang, and will be removed from
Android in 2020-01 as per the deprecation plan in:
https://android.googlesource.com/platform/prebuilts/clang/host/linux-x86/+/master/GCC_4_9_DEPRECATION.md


Android GCC has been deprecated in favor of Clang, and will be removed from
Android in 2020-01 as per the deprecation plan in:
https://android.googlesource.com/platform/prebuilts/clang/host/linux-x86/+/master/GCC_4_9_DEPRECATION.md


Android GCC has been deprecated in favor of Clang, and will be removed from
Android in 2020-01 as per the deprecation plan in:
https://android.googlesource.com/platform/prebuilts/clang/host/linux-x86/+/master/GCC_4_9_DEPRECATION.md


  LD      drivers/video/exynos/decon_tv_display/s5p-hdmi.o
  CC      drivers/sensorhub/brcm/bbdpl/transport/bbd_engine.o
  LD      drivers/video/exynos/decon_tv_display/decon_tv.o
  LD      drivers/video/exynos/decon_tv_display/built-in.o
Android GCC has been deprecated in favor of Clang, and will be removed from
Android in 2020-01 as per the deprecation plan in:
https://android.googlesource.com/platform/prebuilts/clang/host/linux-x86/+/master/GCC_4_9_DEPRECATION.md


Android GCC has been deprecated in favor of Clang, and will be removed from
Android in 2020-01 as per the deprecation plan in:
https://android.googlesource.com/platform/prebuilts/clang/host/linux-x86/+/master/GCC_4_9_DEPRECATION.md


  LD      drivers/video/exynos/panels/built-in.o
  CC      drivers/sensorhub/brcm/bbdpl/utils/crc8bits_c.o
  CC      drivers/sensorhub/brcm/bbdpl/utils/ring_buffer_c.o
  CC      drivers/video/exynos/decon_display/decon_pm_exynos5430.o
Android GCC has been deprecated in favor of Clang, and will be removed from
Android in 2020-01 as per the deprecation plan in:
https://android.googlesource.com/platform/prebuilts/clang/host/linux-x86/+/master/GCC_4_9_DEPRECATION.md


Android GCC has been deprecated in favor of Clang, and will be removed from
Android in 2020-01 as per the deprecation plan in:
https://android.googlesource.com/platform/prebuilts/clang/host/linux-x86/+/master/GCC_4_9_DEPRECATION.md


Android GCC has been deprecated in favor of Clang, and will be removed from
Android in 2020-01 as per the deprecation plan in:
https://android.googlesource.com/platform/prebuilts/clang/host/linux-x86/+/master/GCC_4_9_DEPRECATION.md


  CC      drivers/sensorhub/brcm/bbdpl/transport/bbd_packet_layer_c.o
  CC      drivers/video/exynos/decon_display/decon_fb.o
  CC      drivers/sensorhub/brcm/bbdpl/utils/stream_codec_c.o
Android GCC has been deprecated in favor of Clang, and will be removed from
Android in 2020-01 as per the deprecation plan in:
https://android.googlesource.com/platform/prebuilts/clang/host/linux-x86/+/master/GCC_4_9_DEPRECATION.md


  CC      drivers/sensorhub/brcm/bbdpl/transport/transport_layer_c.o
  CC      drivers/video/exynos/decon_display/decon_reg_5430.o
Android GCC has been deprecated in favor of Clang, and will be removed from
Android in 2020-01 as per the deprecation plan in:
https://android.googlesource.com/platform/prebuilts/clang/host/linux-x86/+/master/GCC_4_9_DEPRECATION.md


  CC      drivers/video/exynos/decon_display/decon_clock.o
Android GCC has been deprecated in favor of Clang, and will be removed from
Android in 2020-01 as per the deprecation plan in:
https://android.googlesource.com/platform/prebuilts/clang/host/linux-x86/+/master/GCC_4_9_DEPRECATION.md


Android GCC has been deprecated in favor of Clang, and will be removed from
Android in 2020-01 as per the deprecation plan in:
https://android.googlesource.com/platform/prebuilts/clang/host/linux-x86/+/master/GCC_4_9_DEPRECATION.md


Android GCC has been deprecated in favor of Clang, and will be removed from
Android in 2020-01 as per the deprecation plan in:
https://android.googlesource.com/platform/prebuilts/clang/host/linux-x86/+/master/GCC_4_9_DEPRECATION.md


  CC      drivers/video/exynos/decon_display/decon_board.o
Android GCC has been deprecated in favor of Clang, and will be removed from
Android in 2020-01 as per the deprecation plan in:
https://android.googlesource.com/platform/prebuilts/clang/host/linux-x86/+/master/GCC_4_9_DEPRECATION.md


  CC      drivers/video/exynos/decon_display/decon_pm_core.o
Android GCC has been deprecated in favor of Clang, and will be removed from
Android in 2020-01 as per the deprecation plan in:
https://android.googlesource.com/platform/prebuilts/clang/host/linux-x86/+/master/GCC_4_9_DEPRECATION.md


Android GCC has been deprecated in favor of Clang, and will be removed from
Android in 2020-01 as per the deprecation plan in:
https://android.googlesource.com/platform/prebuilts/clang/host/linux-x86/+/master/GCC_4_9_DEPRECATION.md


Android GCC has been deprecated in favor of Clang, and will be removed from
Android in 2020-01 as per the deprecation plan in:
https://android.googlesource.com/platform/prebuilts/clang/host/linux-x86/+/master/GCC_4_9_DEPRECATION.md


  LD      drivers/sensorhub/brcm/bbdpl/utils/built-in.o
Android GCC has been deprecated in favor of Clang, and will be removed from
Android in 2020-01 as per the deprecation plan in:
https://android.googlesource.com/platform/prebuilts/clang/host/linux-x86/+/master/GCC_4_9_DEPRECATION.md


Android GCC has been deprecated in favor of Clang, and will be removed from
Android in 2020-01 as per the deprecation plan in:
https://android.googlesource.com/platform/prebuilts/clang/host/linux-x86/+/master/GCC_4_9_DEPRECATION.md


Android GCC has been deprecated in favor of Clang, and will be removed from
Android in 2020-01 as per the deprecation plan in:
https://android.googlesource.com/platform/prebuilts/clang/host/linux-x86/+/master/GCC_4_9_DEPRECATION.md


  LD      drivers/sensorhub/brcm/bbdpl/transport/built-in.o
  LD      drivers/sensorhub/brcm/bbdpl/built-in.o
  LD      drivers/sensorhub/brcm/built-in.o
  LD      drivers/usb/gadget/libcomposite.o
  LD      drivers/usb/gadget/usb_f_acm.o
  LD      drivers/usb/gadget/g_android.o
  LD      drivers/usb/gadget/built-in.o
  LD      drivers/usb/built-in.o
  LD      drivers/video/mhl/sii8620/built-in.o
Android GCC has been deprecated in favor of Clang, and will be removed from
Android in 2020-01 as per the deprecation plan in:
https://android.googlesource.com/platform/prebuilts/clang/host/linux-x86/+/master/GCC_4_9_DEPRECATION.md


  LD      drivers/net/wireless/bcmdhd4358/dhd.o
Android GCC has been deprecated in favor of Clang, and will be removed from
Android in 2020-01 as per the deprecation plan in:
https://android.googlesource.com/platform/prebuilts/clang/host/linux-x86/+/master/GCC_4_9_DEPRECATION.md


  LD      drivers/video/exynos/decon_display/built-in.o
  LD      drivers/video/exynos/built-in.o
  LD      drivers/net/wireless/bcmdhd4358/built-in.o
  LD      drivers/video/built-in.o
  LD      drivers/net/wireless/built-in.o
  LD      drivers/sensorhub/built-in.o
  LD      drivers/net/built-in.o
  LD      drivers/built-in.o
